Workbook

Sheet 요약
A1: 2027 TNH 사업계획 — 요약 (입력·결과 한 장)
A2: 노란 칸(파란 글씨) = 입력값. 여기서 바꾸면 모든 시트가 자동 재계산됩니다. 단위: 억원. 2026 예상 = 실적(RAW_판매펀칭 1/1~기준일) + 잔여 예측.
A3: ="2027 TNH 매출 "&TEXT(사업계획!N11,"0.0")&"억 (2026 예상 "&TEXT(사업계획!N20,"0.0")&"억 대비 "&TEXT(사업계획!N38,"+0.0%;-0.0%")&") · 이익 "&TEXT(사업계획!N83,"0.0")&"억 · 이익률 "&TEXT(사업계획!N119,"0.0%")&" (2026 예상 "&TEXT(사업계획!N128,"0.0%")&")" -> 2027 TNH 매출 173.1억 (2026 예상 199.8억 대비 -13.3%) · 이익 31.7억 · 이익률 18.3% (2026 예상 29.3%)
A4: =사업계획!A3
A6: ① 2027 계획 — 법인 목표·정판율·할인율 입력 → TNH 매출·이익
A7: 구분 | B7: 법인 매출목표 | C7: 정판율 | D7: 할인율 | E7: 정상제품 매출 | F7: 택가 기준 공급액 | G7: TNH 공급가÷택가 | H7: 2027 TNH 매출 | I7: 2027 TNH 원가 | J7: 2027 TNH 이익 | K7: 이익률
A8: 홍콩 | B8: 150 | C8: 0.6 | D8: 0 | E8: =가정!C11 -> 60 | F8: =가정!F11 -> 100 | G8: =가정!G11 -> 0.33 | H8: =가정!H11 -> 33 | I8: =가정!I11 -> 25 | J8: =가정!J11 -> 8 | K8: =가정!K11 -> 0.24242424
A9: 중국 | B9: 300 | C9: 0.6 | D9: 0 | E9: =가정!C12 -> 120 | F9: =가정!F12 -> 200 | G9: =가정!G12 -> 0.2625 | H9: =가정!H12 -> 52.5 | I9: =가정!I12 -> 50 | J9: =가정!J12 -> 2.5 | K9: =가정!K12 -> 0.047619048
A10: 대만 | B10: 262 | C10: 0.6 | D10: 0 | E10: =가정!C13 -> 104.8 | F10: =가정!F13 -> 174.66667 | G10: =가정!G13 -> 0.33 | H10: =가정!H13 -> 57.64 | I10: =가정!I13 -> 43.666667 | J10: =가정!J13 -> 13.973333 | K10: =가정!K13 -> 0.24242424
A11: 법인 소계 | B11: =가정!B14 -> 712 | E11: =가정!C14 -> 284.8 | F11: =가정!F14 -> 474.66667 | G11: =가정!G14 -> 0.30155899 | H11: =가정!H14 -> 143.14 | I11: =가정!I14 -> 118.66667 | J11: =가정!J14 -> 24.473333 | K11: =가정!K14 -> 0.1709748
A12: 홀세일 (TNH 매출 입력) | B12: - | C12: - | D12: - | E12: - | F12: =가정!F15 -> 90.909091 | G12: =가정!G15 -> 0.33 | H12: 30 | I12: =가정!I15 -> 22.727273 | J12: =가정!J15 -> 7.2727273 | K12: =가정!K15 -> 0.24242424
A13: TNH 합계 | B13: - | C13: - | D13: - | E13: - | F13: =가정!F16 -> 565.57576 | G13: - | H13: =가정!H16 -> 173.14 | I13: =가정!I16 -> 141.39394 | J13: =가정!J16 -> 31.746061 | K13: =가정!K16 -> 0.18335486
A15: ② 공통 가정 (입력)
A16: 공통 가정 | B16: 이월제품 비중 | C16: 정상제품 비중 (자동=1−이월) | D16: 공급율 (HK·TW·홀세일) | E16: 택가 배수 | F16: 중국 공급 마진 | G16: 환율 (KRW/USD) | H16: 실적 기준일 | I16: 예측 방식 (1=실적 진도율, 2=ERP 수주) | J16: 환산배수 경고 허용폭
A17: 입력값 | B17: 0.6 | C17: =가정!B8 -> 0.4 | D17: 0.33 | E17: 4 | F17: 0.05 | G17: 1362.78 | H17: 46317 | I17: 1 | J17: 0.3
A19: ③ 2026 예상(실적 + 예측) vs 2027 계획
A20: 구분 | B20: ="2026 실적(1/1~"&TEXT(H17,"m/d")&")" -> 2026 실적(1/1~10/22) | C20: 잔여 예측 | D20: 2026 예상 | E20: 진도율 | F20: 2027 계획 | G20: 증감 | H20: 증감률 | I20: 2026 이익 | J20: 2027 이익 | K20: 2026 이익률 | L20: 2027 이익률 | M20: 이익률 증감(%p)
A21: 홍콩 | B21: =가정!C38 -> 36.889672 | C21: =D21-B21 -> 12.765261 | D21: =사업계획!N15 -> 49.654933 | E21: =가정!D38 -> 0.74292059 | F21: =사업계획!N6 -> 33 | G21: =F21-D21 -> -16.654933 | H21: =IF(D21=0,0,G21/D21) -> -0.33541346 | I21: =사업계획!N87 -> 16.968114 | J21: =사업계획!N78 -> 8 | K21: =사업계획!N123 -> 0.34172062 | L21: =사업계획!N114 -> 0.24242424 | M21: =사업계획!N132 -> -0.099296379
A22: 중국 | B22: =가정!C39 -> 36.112696 | C22: =D22-B22 -> 13.146829 | D22: =사업계획!N16 -> 49.259526 | E22: =가정!D39 -> 0.73311093 | F22: =사업계획!N7 -> 52.5 | G22: =F22-D22 -> 3.2404744 | H22: =IF(D22=0,0,G22/D22) -> 0.06578371 | I22: =사업계획!N88 -> 6.7317451 | J22: =사업계획!N79 -> 2.5 | K22: =사업계획!N124 -> 0.13665875 | L22: =사업계획!N115 -> 0.047619048 | M22: =사업계획!N133 -> -0.089039701
A23: 대만 | B23: =가정!C40 -> 47.294365 | C23: =D23-B23 -> 16.422382 | D23: =사업계획!N17 -> 63.716747 | E23: =가정!D40 -> 0.74225957 | F23: =사업계획!N8 -> 57.64 | G23: =F23-D23 -> -6.0767472 | H23: =IF(D23=0,0,G23/D23) -> -0.095371271 | I23: =사업계획!N89 -> 20.933915 | J23: =사업계획!N80 -> 13.973333 | K23: =사업계획!N125 -> 0.32854651 | L23: =사업계획!N116 -> 0.24242424 | M23: =사업계획!N134 -> -0.086122263
A24: 법인 소계 | B24: =SUM(B21:B23) -> 120.29673 | C24: =D24-B24 -> 42.334472 | D24: =사업계획!N18 -> 162.63121 | E24: =IF(D24=0,0,B24/D24) -> 0.73969035 | F24: =사업계획!N9 -> 143.14 | G24: =F24-D24 -> -19.491206 | H24: =IF(D24=0,0,G24/D24) -> -0.11984911 | I24: =사업계획!N90 -> 44.633774 | J24: =사업계획!N81 -> 24.473333 | K24: =사업계획!N126 -> 0.27444779 | L24: =사업계획!N117 -> 0.1709748 | M24: =사업계획!N135 -> -0.10347298
A25: 홀세일 | B25: =가정!C41 -> 27.51653 | C25: =D25-B25 -> 9.6346248 | D25: =사업계획!N19 -> 37.151155 | E25: =가정!D41 -> 0.74066419 | F25: =사업계획!N10 -> 30 | G25: =F25-D25 -> -7.1511546 | H25: =IF(D25=0,0,G25/D25) -> -0.19248808 | I25: =사업계획!N91 -> 13.825083 | J25: =사업계획!N82 -> 7.2727273 | K25: =사업계획!N127 -> 0.37213063 | L25: =사업계획!N118 -> 0.24242424 | M25: =사업계획!N136 -> -0.12970639
A26: TNH 합계 | B26: =B24+B25 -> 147.81326 | C26: =D26-B26 -> 51.969097 | D26: =사업계획!N20 -> 199.78236 | E26: =IF(D26=0,0,B26/D26) -> 0.73987145 | F26: =사업계획!N11 -> 173.14 | G26: =F26-D26 -> -26.64236 | H26: =IF(D26=0,0,G26/D26) -> -0.13335692 | I26: =사업계획!N92 -> 58.458857 | J26: =사업계획!N83 -> 31.746061 | K26: =사업계획!N128 -> 0.29261271 | L26: =사업계획!N119 -> 0.18335486 | M26: =사업계획!N137 -> -0.10925784
A28: ④ 2027 월별 비중 (입력) — 각 행 합계 100%
A29: 구분 | B29: 1월 | C29: 2월 | D29: 3월 | E29: 4월 | F29: 5월 | G29: 6월 | H29: 7월 | I29: 8월 | J29: 9월 | K29: 10월 | L29: 11월 | M29: 12월 | N29: 합계
A30: 홍콩 | B30: 0.144 | C30: 0.113 | D30: 0.07 | E30: 0.063 | F30: 0.065 | G30: 0.074 | H30: 0.055 | I30: 0.059 | J30: 0.046 | K30: 0.076 | L30: 0.109 | M30: 0.126 | N30: =SUM(B30:M30) -> 1
A31: 중국 | B31: 0.142 | C31: 0.081 | D31: 0.046 | E31: 0.053 | F31: 0.071 | G31: 0.065 | H31: 0.055 | I31: 0.063 | J31: 0.066 | K31: 0.129 | L31: 0.099 | M31: 0.13 | N31: =SUM(B31:M31) -> 1
A32: 대만 | B32: 0.129 | C32: 0.112 | D32: 0.06 | E32: 0.076 | F32: 0.078 | G32: 0.062 | H32: 0.05 | I32: 0.053 | J32: 0.064 | K32: 0.081 | L32: 0.126 | M32: 0.109 | N32: =SUM(B32:M32) -> 1
A33: 홀세일 (3법인 합계 비중 적용) | B33: 0.137 | C33: 0.106 | D33: 0.061 | E33: 0.067 | F33: 0.072 | G33: 0.066 | H33: 0.053 | I33: 0.057 | J33: 0.059 | K33: 0.089 | L33: 0.115 | M33: 0.118 | N33: =SUM(B33:M33) -> 1
A35: ⑤ 월별 TNH 매출 — 2026 예상 vs 2027 계획
A36: 구분 | B36: 1월 | C36: 2월 | D36: 3월 | E36: 4월 | F36: 5월 | G36: 6월 | H36: 7월 | I36: 8월 | J36: 9월 | K36: 10월 | L36: 11월 | M36: 12월 | N36: 합계
A37: 2026 예상 | B37: =사업계획!B20 -> 27.485085 | C37: =사업계획!C20 -> 20.702119 | D37: =사업계획!D20 -> 11.849187 | E37: =사업계획!E20 -> 13.056872 | F37: =사업계획!F20 -> 14.346368 | G37: =사업계획!G20 -> 13.302527 | H37: =사업계획!H20 -> 10.625757 | I37: =사업계획!I20 -> 11.483161 | ... N37: =사업계획!N20 -> 199.78236
A38: 2027 계획 | B38: =사업계획!B11 -> 23.75256 | C38: =사업계획!C11 -> 17.61718 | D38: =사업계획!D11 -> 10.0134 | E38: =사업계획!E11 -> 11.25214 | F38: =사업계획!F11 -> 12.52842 | G38: =사업계획!G11 -> 11.40818 | H38: =사업계획!H11 -> 9.1745 | I38: =사업계획!I11 -> 10.01942 | ... N38: =사업계획!N11 -> 173.14
A39: 증감 | B39: =사업계획!B29 -> -3.7325249 | C39: =사업계획!C29 -> -3.0849393 | D39: =사업계획!D29 -> -1.8357867 | E39: =사업계획!E29 -> -1.8047323 | F39: =사업계획!F29 -> -1.8179481 | G39: =사업계획!G29 -> -1.8943471 | H39: =사업계획!H29 -> -1.4512569 | I39: =사업계획!I29 -> -1.4637406 | ... N39: =사업계획!N29 -> -26.64236
A40: 증감률 | B40: =사업계획!B38 -> -0.13580183 | C40: =사업계획!C38 -> -0.14901563 | D40: =사업계획!D38 -> -0.15492934 | E40: =사업계획!E38 -> -0.13822087 | F40: =사업계획!F38 -> -0.12671835 | G40: =사업계획!G38 -> -0.14240506 | H40: =사업계획!H38 -> -0.13657915 | I40: =사업계획!I38 -> -0.12746845 | ... N40: =사업계획!N38 -> -0.13335692
A56: ⑥ 자동 점검
A57: 점검 항목 | B57: 결과
A58: 2027 월별 비중 합계 100% | B58: =IF(MAX(ABS(N30-1),ABS(N31-1),ABS(N32-1),ABS(N33-1))>0.0005,"⚠ 확인 필요","정상") -> 정상
A59: 월 합계 = 연간 값 (2027) | B59: =IF(ABS(사업계획!N11-H13)<0.001,"정상","⚠ 불일치") -> 정상
A61: 2026 환산배수 점검 | B61: 2026 실적 | C61: 2027 설정 | D61: 괴리 | E61: 판정
A62: 홍콩 | B62: =가정!I21 -> 2.0662651 | C62: =가정!J21 -> 1.6666667 | D62: =IF(B62=0,0,C62/B62-1) -> -0.19339164 | E62: =IF(ABS(D62)>$J$17,"⚠ 정판율·할인율 재검토","정상") -> 정상
A63: 중국 | B63: =가정!I22 -> 3.9343028 | C63: =가정!J22 -> 1.6666667 | D63: =IF(B63=0,0,C63/B63-1) -> -0.57637559 | E63: =IF(ABS(D63)>$J$17,"⚠ 정판율·할인율 재검토","정상") -> ⚠ 정판율·할인율 재검토
A64: 대만 | B64: =가정!I23 -> 1.6639732 | C64: =가정!J23 -> 1.6666667 | D64: =IF(B64=0,0,C64/B64-1) -> 0.001618697 | E64: =IF(ABS(D64)>$J$17,"⚠ 정판율·할인율 재검토","정상") -> 정상
A65: 법인 소계 | B65: =가정!I24 -> 2.2356225 | C65: =가정!J24 -> 1.6666667 | D65: =IF(B65=0,0,C65/B65-1) -> -0.25449547 | E65: =IF(ABS(D65)>$J$17,"⚠ 정판율·할인율 재검토","정상") -> 정상
A66: ※ 환산배수 = 법인 정상제품 매출 1원당 TNH가 공급한 택가. 실적 데이터 갱신은 RAW_판매펀칭 시트에 원본 붙여넣기. 계산 상세는 가정·사업계획·월별비중 시트(수식 전용).

Sheet 사업계획
A1: 2027 TNH(수출자) 사업계획 — 월별 매출·원가·이익 (2026 예상 대비)
A2: 단위: 억원. 월 배분 = 2026 법인 월 매출 비중. 수식은 가정/월별비중/RAW_2026 시트와 연결. 홀세일은 3법인 합계 비중 적용.
A3: =IF(MAX(ABS(월별비중!N24-1),ABS(월별비중!N25-1),ABS(월별비중!N26-1),ABS(월별비중!N27-1))>0.0005,"⚠ 요약 시트 ④(2027 월별 비중) 합계가 100%가 아닙니다 — 월 합계가 연간 값과 달라집니다","")
A4: ■ 2027 계획 — 매출
A5: 구분 | B5: 1월 | C5: 2월 | D5: 3월 | E5: 4월 | F5: 5월 | G5: 6월 | H5: 7월 | I5: 8월 | J5: 9월 | K5: 10월 | L5: 11월 | M5: 12월 | N5: 합계
A6: 홍콩 | B6: =가정!$H$11*월별비중!B$24 -> 4.752 | C6: =가정!$H$11*월별비중!C$24 -> 3.729 | D6: =가정!$H$11*월별비중!D$24 -> 2.31 | E6: =가정!$H$11*월별비중!E$24 -> 2.079 | F6: =가정!$H$11*월별비중!F$24 -> 2.145 | G6: =가정!$H$11*월별비중!G$24 -> 2.442 | H6: =가정!$H$11*월별비중!H$24 -> 1.815 | I6: =가정!$H$11*월별비중!I$24 -> 1.947 | ... M6: =가정!$H$11*월별비중!M$24 -> 4.158 | N6: =SUM(B6:M6) -> 33
A7: 중국 | B7: =가정!$H$12*월별비중!B$25 -> 7.455 | C7: =가정!$H$12*월별비중!C$25 -> 4.2525 | D7: =가정!$H$12*월별비중!D$25 -> 2.415 | E7: =가정!$H$12*월별비중!E$25 -> 2.7825 | F7: =가정!$H$12*월별비중!F$25 -> 3.7275 | G7: =가정!$H$12*월별비중!G$25 -> 3.4125 | H7: =가정!$H$12*월별비중!H$25 -> 2.8875 | I7: =가정!$H$12*월별비중!I$25 -> 3.3075 | ... M7: =가정!$H$12*월별비중!M$25 -> 6.825 | N7: =SUM(B7:M7) -> 52.5
A8: 대만 | B8: =가정!$H$13*월별비중!B$26 -> 7.43556 | C8: =가정!$H$13*월별비중!C$26 -> 6.45568 | D8: =가정!$H$13*월별비중!D$26 -> 3.4584 | E8: =가정!$H$13*월별비중!E$26 -> 4.38064 | F8: =가정!$H$13*월별비중!F$26 -> 4.49592 | G8: =가정!$H$13*월별비중!G$26 -> 3.57368 | H8: =가정!$H$13*월별비중!H$26 -> 2.882 | I8: =가정!$H$13*월별비중!I$26 -> 3.05492 | ... M8: =가정!$H$13*월별비중!M$26 -> 6.28276 | N8: =SUM(B8:M8) -> 57.64
A9: 법인 소계 | B9: =SUM(B6:B8) -> 19.64256 | C9: =SUM(C6:C8) -> 14.43718 | D9: =SUM(D6:D8) -> 8.1834 | E9: =SUM(E6:E8) -> 9.24214 | F9: =SUM(F6:F8) -> 10.36842 | G9: =SUM(G6:G8) -> 9.42818 | H9: =SUM(H6:H8) -> 7.5845 | I9: =SUM(I6:I8) -> 8.30942 | ... M9: =SUM(M6:M8) -> 17.26576 | N9: =SUM(B9:M9) -> 143.14
A10: 홀세일 | B10: =가정!$H$15*월별비중!B$27 -> 4.11 | C10: =가정!$H$15*월별비중!C$27 -> 3.18 | D10: =가정!$H$15*월별비중!D$27 -> 1.83 | E10: =가정!$H$15*월별비중!E$27 -> 2.01 | F10: =가정!$H$15*월별비중!F$27 -> 2.16 | G10: =가정!$H$15*월별비중!G$27 -> 1.98 | H10: =가정!$H$15*월별비중!H$27 -> 1.59 | I10: =가정!$H$15*월별비중!I$27 -> 1.71 | ... M10: =가정!$H$15*월별비중!M$27 -> 3.54 | N10: =SUM(B10:M10) -> 30
A11: TNH 합계 | B11: =B9+B10 -> 23.75256 | C11: =C9+C10 -> 17.61718 | D11: =D9+D10 -> 10.0134 | E11: =E9+E10 -> 11.25214 | F11: =F9+F10 -> 12.52842 | G11: =G9+G10 -> 11.40818 | H11: =H9+H10 -> 9.1745 | I11: =I9+I10 -> 10.01942 | ... M11: =M9+M10 -> 20.80576 | N11: =SUM(B11:M11) -> 173.14
A13: ■ 2026 예상 — 매출
A14: 구분 | B14: 1월 | C14: 2월 | D14: 3월 | E14: 4월 | F14: 5월 | G14: 6월 | H14: 7월 | I14: 8월 | J14: 9월 | K14: 10월 | L14: 11월 | M14: 12월 | N14: 합계
A15: 홍콩 | B15: =가정!$D$21*월별비중!B$17 -> 7.1056029 | C15: =가정!$D$21*월별비중!C$17 -> 5.6177658 | D15: =가정!$D$21*월별비중!D$17 -> 3.4952363 | E15: =가정!$D$21*월별비중!E$17 -> 3.1144209 | F15: =가정!$D$21*월별비중!F$17 -> 3.2147909 | G15: =가정!$D$21*월별비중!G$17 -> 3.6900722 | H15: =가정!$D$21*월별비중!H$17 -> 2.7454137 | I15: =가정!$D$21*월별비중!I$17 -> 2.9225371 | ... M15: =가정!$D$21*월별비중!M$17 -> 6.2454186 | N15: =SUM(B15:M15) -> 49.654933
A16: 중국 | B16: =가정!$D$22*월별비중!B$18 -> 6.9679264 | C16: =가정!$D$22*월별비중!C$18 -> 4.0080584 | D16: =가정!$D$22*월별비중!D$18 -> 2.257996 | E16: =가정!$D$22*월별비중!E$18 -> 2.6274023 | F16: =가정!$D$22*월별비중!F$18 -> 3.4955071 | G16: =가정!$D$22*월별비중!G$18 -> 3.1861293 | H16: =가정!$D$22*월별비중!H$18 -> 2.7243715 | I16: =가정!$D$22*월별비중!I$18 -> 3.0937778 | ... M16: =가정!$D$22*월별비중!M$18 -> 6.4090792 | N16: =SUM(B16:M16) -> 49.259526
A17: 대만 | B17: =가정!$D$23*월별비중!B$19 -> 8.3328654 | C17: =가정!$D$23*월별비중!C$19 -> 7.1284873 | D17: =가정!$D$23*월별비중!D$19 -> 3.8444702 | E17: =가정!$D$23*월별비중!E$19 -> 4.8175123 | F17: =가정!$D$23*월별비중!F$19 -> 4.9486822 | G17: =가정!$D$23*월별비중!G$19 -> 3.9589458 | H17: =가정!$D$23*월별비중!H$19 -> 3.1957755 | I17: =가정!$D$23*월별비중!I$19 -> 3.362719 | ... M17: =가정!$D$23*월별비중!M$19 -> 6.9272244 | N17: =SUM(B17:M17) -> 63.716747
A18: 법인 소계 | B18: =SUM(B15:B17) -> 22.406395 | C18: =SUM(C15:C17) -> 16.754312 | D18: =SUM(D15:D17) -> 9.5977026 | E18: =SUM(E15:E17) -> 10.559336 | F18: =SUM(F15:F17) -> 11.65898 | G18: =SUM(G15:G17) -> 10.835147 | H18: =SUM(H15:H17) -> 8.6655607 | I18: =SUM(I15:I17) -> 9.3790339 | ... M18: =SUM(M15:M17) -> 19.581722 | N18: =SUM(B18:M18) -> 162.63121
A19: 홀세일 | B19: =가정!$D$25*월별비중!B$20 -> 5.0786902 | C19: =가정!$D$25*월별비중!C$20 -> 3.9478078 | D19: =가정!$D$25*월별비중!D$20 -> 2.2514841 | E19: =가정!$D$25*월별비중!E$20 -> 2.4975367 | F19: =가정!$D$25*월별비중!F$20 -> 2.6873879 | G19: =가정!$D$25*월별비중!G$20 -> 2.4673799 | H19: =가정!$D$25*월별비중!H$20 -> 1.9601962 | I19: =가정!$D$25*월별비중!I$20 -> 2.1041267 | ... M19: =가정!$D$25*월별비중!M$20 -> 4.3920726 | N19: =SUM(B19:M19) -> 37.151155
A20: TNH 합계 | B20: =B18+B19 -> 27.485085 | C20: =C18+C19 -> 20.702119 | D20: =D18+D19 -> 11.849187 | E20: =E18+E19 -> 13.056872 | F20: =F18+F19 -> 14.346368 | G20: =G18+G19 -> 13.302527 | H20: =H18+H19 -> 10.625757 | I20: =I18+I19 -> 11.483161 | ... M20: =M18+M19 -> 23.973795 | N20: =SUM(B20:M20) -> 199.78236
A22: ■ 증감 (2027 − 2026) — 매출
A23: 구분 | B23: 1월 | C23: 2월 | D23: 3월 | E23: 4월 | F23: 5월 | G23: 6월 | H23: 7월 | I23: 8월 | J23: 9월 | K23: 10월 | L23: 11월 | M23: 12월 | N23: 합계
A24: 홍콩 | B24: =B6-B15 -> -2.3536029 | C24: =C6-C15 -> -1.8887658 | D24: =D6-D15 -> -1.1852363 | E24: =E6-E15 -> -1.0354209 | F24: =F6-F15 -> -1.0697909 | G24: =G6-G15 -> -1.2480722 | H24: =H6-H15 -> -0.93041368 | I24: =I6-I15 -> -0.97553715 | ... M24: =M6-M15 -> -2.0874186 | N24: =SUM(B24:M24) -> -16.654933
A25: 중국 | B25: =B7-B16 -> 0.48707364 | C25: =C7-C16 -> 0.24444163 | D25: =D7-D16 -> 0.15700398 | E25: =E7-E16 -> 0.15509768 | F25: =F7-F16 -> 0.23199287 | G25: =G7-G16 -> 0.22637065 | H25: =H7-H16 -> 0.16312853 | I25: =I7-I16 -> 0.21372223 | ... M25: =M7-M16 -> 0.41592077 | N25: =SUM(B25:M25) -> 3.2404744
A26: 대만 | B26: =B8-B17 -> -0.8973054 | C26: =C8-C17 -> -0.67280732 | D26: =D8-D17 -> -0.38607024 | E26: =E8-E17 -> -0.43687234 | F26: =F8-F17 -> -0.45276223 | G26: =G8-G17 -> -0.38526578 | H26: =H8-H17 -> -0.31377551 | I26: =I8-I17 -> -0.30779901 | ... M26: =M8-M17 -> -0.6444644 | N26: =SUM(B26:M26) -> -6.0767472
A27: 법인 소계 | B27: =B9-B18 -> -2.7638347 | C27: =C9-C18 -> -2.3171315 | D27: =D9-D18 -> -1.4143026 | E27: =E9-E18 -> -1.3171956 | F27: =F9-F18 -> -1.2905602 | G27: =G9-G18 -> -1.4069673 | H27: =H9-H18 -> -1.0810607 | I27: =I9-I18 -> -1.0696139 | ... M27: =M9-M18 -> -2.3159622 | N27: =SUM(B27:M27) -> -19.491206
A28: 홀세일 | B28: =B10-B19 -> -0.96869022 | C28: =C10-C19 -> -0.76780778 | D28: =D10-D19 -> -0.42148413 | E28: =E10-E19 -> -0.48753673 | F28: =F10-F19 -> -0.5273879 | G28: =G10-G19 -> -0.48737986 | H28: =H10-H19 -> -0.37019622 | I28: =I10-I19 -> -0.39412672 | ... M28: =M10-M19 -> -0.85207259 | N28: =SUM(B28:M28) -> -7.1511546
A29: TNH 합계 | B29: =B11-B20 -> -3.7325249 | C29: =C11-C20 -> -3.0849393 | D29: =D11-D20 -> -1.8357867 | E29: =E11-E20 -> -1.8047323 | F29: =F11-F20 -> -1.8179481 | G29: =G11-G20 -> -1.8943471 | H29: =H11-H20 -> -1.4512569 | I29: =I11-I20 -> -1.4637406 | ... M29: =M11-M20 -> -3.1680348 | N29: =SUM(B29:M29) -> -26.64236
A31: ■ 증감률 — 매출
A32: 구분 | B32: 1월 | C32: 2월 | D32: 3월 | E32: 4월 | F32: 5월 | G32: 6월 | H32: 7월 | I32: 8월 | J32: 9월 | K32: 10월 | L32: 11월 | M32: 12월 | N32: 합계
A33: 홍콩 | B33: =IF(B15=0,0,B24/B15) -> -0.33123198 | C33: =IF(C15=0,0,C24/C15) -> -0.33621299 | D33: =IF(D15=0,0,D24/D15) -> -0.33910049 | E33: =IF(E15=0,0,E24/E15) -> -0.33246017 | F33: =IF(F15=0,0,F24/F15) -> -0.33277153 | G33: =IF(G15=0,0,G24/G15) -> -0.33822432 | H33: =IF(H15=0,0,H24/H15) -> -0.33889744 | I33: =IF(I15=0,0,I24/I15) -> -0.33379803 | ... N33: =IF(N15=0,0,N24/N15) -> -0.33541346
A34: 중국 | B34: =IF(B16=0,0,B25/B16) -> 0.069902237 | C34: =IF(C16=0,0,C25/C16) -> 0.060987543 | D34: =IF(D16=0,0,D25/D16) -> 0.069532445 | E34: =IF(E16=0,0,E25/E16) -> 0.059030808 | F34: =IF(F16=0,0,F25/F16) -> 0.066368875 | G34: =IF(G16=0,0,G25/G16) -> 0.071048795 | H34: =IF(H16=0,0,H25/H16) -> 0.059877491 | I34: =IF(I16=0,0,I25/I16) -> 0.069081312 | ... N34: =IF(N16=0,0,N25/N16) -> 0.06578371
A35: 대만 | B35: =IF(B17=0,0,B26/B17) -> -0.10768269 | C35: =IF(C17=0,0,C26/C17) -> -0.094382902 | D35: =IF(D17=0,0,D26/D17) -> -0.10042222 | E35: =IF(E17=0,0,E26/E17) -> -0.090684218 | F35: =IF(F17=0,0,F26/F17) -> -0.091491474 | G35: =IF(G17=0,0,G26/G17) -> -0.097315246 | H35: =IF(H17=0,0,H26/H17) -> -0.098184466 | I35: =IF(I17=0,0,I26/I17) -> -0.091532777 | ... N35: =IF(N17=0,0,N26/N17) -> -0.095371271
A36: 법인 소계 | B36: =IF(B18=0,0,B27/B18) -> -0.12335026 | C36: =IF(C18=0,0,C27/C18) -> -0.13830061 | D36: =IF(D18=0,0,D27/D18) -> -0.14735845 | E36: =IF(E18=0,0,E27/E18) -> -0.12474228 | F36: =IF(F18=0,0,F27/F18) -> -0.11069238 | G36: =IF(G18=0,0,G27/G18) -> -0.12985216 | H36: =IF(H18=0,0,H27/H18) -> -0.12475369 | I36: =IF(I18=0,0,I27/I18) -> -0.11404308 | ... N36: =IF(N18=0,0,N27/N18) -> -0.11984911
A37: 홀세일 | B37: =IF(B19=0,0,B28/B19) -> -0.19073623 | C37: =IF(C19=0,0,C28/C19) -> -0.19448966 | D37: =IF(D19=0,0,D28/D19) -> -0.1872028 | E37: =IF(E19=0,0,E28/E19) -> -0.19520703 | F37: =IF(F19=0,0,F28/F19) -> -0.19624554 | G37: =IF(G19=0,0,G28/G19) -> -0.19752932 | H37: =IF(H19=0,0,H28/H19) -> -0.18885672 | I37: =IF(I19=0,0,I28/I19) -> -0.1873113 | ... N37: =IF(N19=0,0,N28/N19) -> -0.19248808
A38: TNH 합계 | B38: =IF(B20=0,0,B29/B20) -> -0.13580183 | C38: =IF(C20=0,0,C29/C20) -> -0.14901563 | D38: =IF(D20=0,0,D29/D20) -> -0.15492934 | E38: =IF(E20=0,0,E29/E20) -> -0.13822087 | F38: =IF(F20=0,0,F29/F20) -> -0.12671835 | G38: =IF(G20=0,0,G29/G20) -> -0.14240506 | H38: =IF(H20=0,0,H29/H20) -> -0.13657915 | I38: =IF(I20=0,0,I29/I20) -> -0.12746845 | ... N38: =IF(N20=0,0,N29/N20) -> -0.13335692
A40: ■ 2027 계획 — 원가
A41: 구분 | B41: 1월 | C41: 2월 | D41: 3월 | E41: 4월 | F41: 5월 | G41: 6월 | H41: 7월 | I41: 8월 | J41: 9월 | K41: 10월 | L41: 11월 | M41: 12월 | N41: 합계
A42: 홍콩 | B42: =가정!$I$11*월별비중!B$24 -> 3.6 | C42: =가정!$I$11*월별비중!C$24 -> 2.825 | D42: =가정!$I$11*월별비중!D$24 -> 1.75 | E42: =가정!$I$11*월별비중!E$24 -> 1.575 | F42: =가정!$I$11*월별비중!F$24 -> 1.625 | G42: =가정!$I$11*월별비중!G$24 -> 1.85 | H42: =가정!$I$11*월별비중!H$24 -> 1.375 | I42: =가정!$I$11*월별비중!I$24 -> 1.475 | ... M42: =가정!$I$11*월별비중!M$24 -> 3.15 | N42: =SUM(B42:M42) -> 25
A43: 중국 | B43: =가정!$I$12*월별비중!B$25 -> 7.1 | C43: =가정!$I$12*월별비중!C$25 -> 4.05 | D43: =가정!$I$12*월별비중!D$25 -> 2.3 | E43: =가정!$I$12*월별비중!E$25 -> 2.65 | F43: =가정!$I$12*월별비중!F$25 -> 3.55 | G43: =가정!$I$12*월별비중!G$25 -> 3.25 | H43: =가정!$I$12*월별비중!H$25 -> 2.75 | I43: =가정!$I$12*월별비중!I$25 -> 3.15 | ... M43: =가정!$I$12*월별비중!M$25 -> 6.5 | N43: =SUM(B43:M43) -> 50
A44: 대만 | B44: =가정!$I$13*월별비중!B$26 -> 5.633 | C44: =가정!$I$13*월별비중!C$26 -> 4.8906667 | D44: =가정!$I$13*월별비중!D$26 -> 2.62 | E44: =가정!$I$13*월별비중!E$26 -> 3.3186667 | F44: =가정!$I$13*월별비중!F$26 -> 3.406 | G44: =가정!$I$13*월별비중!G$26 -> 2.7073333 | H44: =가정!$I$13*월별비중!H$26 -> 2.1833333 | I44: =가정!$I$13*월별비중!I$26 -> 2.3143333 | ... M44: =가정!$I$13*월별비중!M$26 -> 4.7596667 | N44: =SUM(B44:M44) -> 43.666667
A45: 법인 소계 | B45: =SUM(B42:B44) -> 16.333 | C45: =SUM(C42:C44) -> 11.765667 | D45: =SUM(D42:D44) -> 6.67 | E45: =SUM(E42:E44) -> 7.5436667 | F45: =SUM(F42:F44) -> 8.581 | G45: =SUM(G42:G44) -> 7.8073333 | H45: =SUM(H42:H44) -> 6.3083333 | I45: =SUM(I42:I44) -> 6.9393333 | ... M45: =SUM(M42:M44) -> 14.409667 | N45: =SUM(B45:M45) -> 118.66667
A46: 홀세일 | B46: =가정!$I$15*월별비중!B$27 -> 3.1136364 | C46: =가정!$I$15*월별비중!C$27 -> 2.4090909 | D46: =가정!$I$15*월별비중!D$27 -> 1.3863636 | E46: =가정!$I$15*월별비중!E$27 -> 1.5227273 | F46: =가정!$I$15*월별비중!F$27 -> 1.6363636 | G46: =가정!$I$15*월별비중!G$27 -> 1.5 | H46: =가정!$I$15*월별비중!H$27 -> 1.2045455 | I46: =가정!$I$15*월별비중!I$27 -> 1.2954545 | ... M46: =가정!$I$15*월별비중!M$27 -> 2.6818182 | N46: =SUM(B46:M46) -> 22.727273
A47: TNH 합계 | B47: =B45+B46 -> 19.446636 | C47: =C45+C46 -> 14.174758 | D47: =D45+D46 -> 8.0563636 | E47: =E45+E46 -> 9.0663939 | F47: =F45+F46 -> 10.217364 | G47: =G45+G46 -> 9.3073333 | H47: =H45+H46 -> 7.5128788 | I47: =I45+I46 -> 8.2347879 | ... M47: =M45+M46 -> 17.091485 | N47: =SUM(B47:M47) -> 141.39394
A49: ■ 2026 예상 — 원가
A50: 구분 | B50: 1월 | C50: 2월 | D50: 3월 | E50: 4월 | F50: 5월 | G50: 6월 | H50: 7월 | I50: 8월 | J50: 9월 | K50: 10월 | L50: 11월 | M50: 12월 | N50: 합계
A51: 홍콩 | B51: =가정!$C$21*월별비중!B$17 -> 4.6774719 | C51: =가정!$C$21*월별비중!C$17 -> 3.6980594 | D51: =가정!$C$21*월별비중!D$17 -> 2.300842 | E51: =가정!$C$21*월별비중!E$17 -> 2.0501591 | F51: =가정!$C$21*월별비중!F$17 -> 2.1162305 | G51: =가정!$C$21*월별비중!G$17 -> 2.4290984 | H51: =가정!$C$21*월별비중!H$17 -> 1.8072492 | I51: =가정!$C$21*월별비중!I$17 -> 1.9238459 | ... M51: =가정!$C$21*월별비중!M$17 -> 4.1112303 | N51: =SUM(B51:M51) -> 32.686818
A52: 중국 | B52: =가정!$C$22*월별비중!B$18 -> 6.0156983 | C52: =가정!$C$22*월별비중!C$18 -> 3.4603221 | D52: =가정!$C$22*월별비중!D$18 -> 1.9494211 | E52: =가정!$C$22*월별비중!E$18 -> 2.2683448 | F52: =가정!$C$22*월별비중!F$18 -> 3.0178155 | G52: =가정!$C$22*월별비중!G$18 -> 2.7507169 | H52: =가정!$C$22*월별비중!H$18 -> 2.3520623 | I52: =가정!$C$22*월별비중!I$18 -> 2.670986 | ... M52: =가정!$C$22*월별비중!M$18 -> 5.5332225 | N52: =SUM(B52:M52) -> 42.527781
A53: 대만 | B53: =가정!$C$23*월별비중!B$19 -> 5.5951316 | C53: =가정!$C$23*월별비중!C$19 -> 4.7864477 | D53: =가정!$C$23*월별비중!D$19 -> 2.581383 | E53: =가정!$C$23*월별비중!E$19 -> 3.2347355 | F53: =가정!$C$23*월별비중!F$19 -> 3.32281 | G53: =가정!$C$23*월별비중!G$19 -> 2.658248 | H53: =가정!$C$23*월별비중!H$19 -> 2.1458146 | I53: =가정!$C$23*월별비중!I$19 -> 2.2579094 | ... M53: =가정!$C$23*월별비중!M$19 -> 4.651309 | N53: =SUM(B53:M53) -> 42.782833
A54: 법인 소계 | B54: =SUM(B51:B53) -> 16.288302 | C54: =SUM(C51:C53) -> 11.944829 | D54: =SUM(D51:D53) -> 6.8316461 | E54: =SUM(E51:E53) -> 7.5532394 | F54: =SUM(F51:F53) -> 8.456856 | G54: =SUM(G51:G53) -> 7.8380633 | H54: =SUM(H51:H53) -> 6.3051261 | I54: =SUM(I51:I53) -> 6.8527413 | ... M54: =SUM(M51:M53) -> 14.295762 | N54: =SUM(B54:M54) -> 117.99743
A55: 홀세일 | B55: =가정!$C$25*월별비중!B$20 -> 3.188754 | C55: =가정!$C$25*월별비중!C$20 -> 2.4787076 | D55: =가정!$C$25*월별비중!D$20 -> 1.4136379 | E55: =가정!$C$25*월별비중!E$20 -> 1.5681268 | F55: =가정!$C$25*월별비중!F$20 -> 1.6873285 | G55: =가정!$C$25*월별비중!G$20 -> 1.5491922 | H55: =가정!$C$25*월별비중!H$20 -> 1.2307472 | I55: =가정!$C$25*월별비중!I$20 -> 1.3211167 | ... M55: =가정!$C$25*월별비중!M$20 -> 2.7576478 | N55: =SUM(B55:M55) -> 23.326072
A56: TNH 합계 | B56: =B54+B55 -> 19.477056 | C56: =C54+C55 -> 14.423537 | D56: =D54+D55 -> 8.245284 | E56: =E54+E55 -> 9.1213662 | F56: =F54+F55 -> 10.144185 | G56: =G54+G55 -> 9.3872555 | H56: =H54+H55 -> 7.5358733 | I56: =I54+I55 -> 8.1738581 | ... M56: =M54+M55 -> 17.05341 | N56: =SUM(B56:M56) -> 141.3235
A58: ■ 증감 (2027 − 2026) — 원가
A59: 구분 | B59: 1월 | C59: 2월 | D59: 3월 | E59: 4월 | F59: 5월 | G59: 6월 | H59: 7월 | I59: 8월 | J59: 9월 | K59: 10월 | L59: 11월 | M59: 12월 | N59: 합계
A60: 홍콩 | B60: =B42-B51 -> -1.0774719 | C60: =C42-C51 -> -0.87305941 | D60: =D42-D51 -> -0.55084201 | E60: =E42-E51 -> -0.47515905 | F60: =F42-F51 -> -0.49123053 | G60: =G42-G51 -> -0.57909841 | H60: =H42-H51 -> -0.43224921 | I60: =I42-I51 -> -0.44884594 | ... M60: =M42-M51 -> -0.96123025 | N60: =SUM(B60:M60) -> -7.6868183
A61: 중국 | B61: =B43-B52 -> 1.0843017 | C61: =C43-C52 -> 0.58967787 | D61: =D43-D52 -> 0.35057889 | E61: =E43-E52 -> 0.3816552 | F61: =F43-F52 -> 0.5321845 | G61: =G43-G52 -> 0.4992831 | H61: =H43-H52 -> 0.39793772 | I61: =I43-I52 -> 0.47901403 | ... M61: =M43-M52 -> 0.96677751 | N61: =SUM(B61:M61) -> 7.4722195
A62: 대만 | B62: =B44-B53 -> 0.037868402 | C62: =C44-C53 -> 0.10421894 | D62: =D44-D53 -> 0.038617019 | E62: =E44-E53 -> 0.083931169 | F62: =F44-F53 -> 0.083190021 | G62: =G44-G53 -> 0.04908535 | H62: =H44-H53 -> 0.037518697 | I62: =I44-I53 -> 0.056423902 | ... M62: =M44-M53 -> 0.10835764 | N62: =SUM(B62:M62) -> 0.8838341
A63: 법인 소계 | B63: =B45-B54 -> 0.044698252 | C63: =C45-C54 -> -0.1791626 | D63: =D45-D54 -> -0.1616461 | E63: =E45-E54 -> -0.0095726896 | F63: =F45-F54 -> 0.12414399 | G63: =G45-G54 -> -0.030729954 | H63: =H45-H54 -> 0.0032072073 | I63: =I45-I54 -> 0.086591991 | ... M63: =M45-M54 -> 0.1139049 | N63: =SUM(B63:M63) -> 0.66923527
A64: 홀세일 | B64: =B46-B55 -> -0.075117646 | C64: =C46-C55 -> -0.069616661 | D64: =D46-D55 -> -0.027274275 | E64: =E46-E55 -> -0.04539953 | F64: =F46-F55 -> -0.050964902 | G64: =G46-G55 -> -0.049192231 | H64: =H46-H55 -> -0.026201707 | I64: =I46-I55 -> -0.025662163 | ... M64: =M46-M55 -> -0.075829653 | N64: =SUM(B64:M64) -> -0.59879914
A65: TNH 합계 | B65: =B47-B56 -> -0.030419394 | C65: =C47-C56 -> -0.24877926 | D65: =D47-D56 -> -0.18892037 | E65: =E47-E56 -> -0.05497222 | F65: =F47-F56 -> 0.073179092 | G65: =G47-G56 -> -0.079922185 | H65: =H47-H56 -> -0.0229945 | I65: =I47-I56 -> 0.060929828 | ... M65: =M47-M56 -> 0.038075244 | N65: =SUM(B65:M65) -> 0.070436127
A67: ■ 증감률 — 원가
A68: 구분 | B68: 1월 | C68: 2월 | D68: 3월 | E68: 4월 | F68: 5월 | G68: 6월 | H68: 7월 | I68: 8월 | J68: 9월 | K68: 10월 | L68: 11월 | M68: 12월 | N68: 합계
A69: 홍콩 | B69: =IF(B51=0,0,B60/B51) -> -0.23035347 | C69: =IF(C51=0,0,C60/C51) -> -0.23608583 | D69: =IF(D51=0,0,D60/D51) -> -0.23940888 | E69: =IF(E51=0,0,E60/E51) -> -0.23176692 | F69: =IF(F51=0,0,F60/F51) -> -0.23212525 | G69: =IF(G51=0,0,G60/G51) -> -0.23840055 | H69: =IF(H51=0,0,H60/H51) -> -0.23917521 | I69: =IF(I51=0,0,I60/I51) -> -0.23330659 | ... N69: =IF(N51=0,0,N60/N51) -> -0.23516569
A70: 중국 | B70: =IF(B52=0,0,B61/B52) -> 0.18024537 | C70: =IF(C52=0,0,C61/C52) -> 0.17041127 | D70: =IF(D52=0,0,D61/D52) -> 0.17983744 | E70: =IF(E52=0,0,E61/E52) -> 0.16825273 | F70: =IF(F52=0,0,F61/F52) -> 0.17634759 | G70: =IF(G52=0,0,G61/G52) -> 0.18151017 | H70: =IF(H52=0,0,H61/H52) -> 0.16918673 | I70: =IF(I52=0,0,I61/I52) -> 0.17933978 | ... N70: =IF(N52=0,0,N61/N52) -> 0.17570208
A71: 대만 | B71: =IF(B53=0,0,B62/B53) -> 0.0067680986 | C71: =IF(C53=0,0,C62/C53) -> 0.021773756 | D71: =IF(D53=0,0,D62/D53) -> 0.014959818 | E71: =IF(E53=0,0,E62/E53) -> 0.025946842 | F71: =IF(F53=0,0,F62/F53) -> 0.025036045 | G71: =IF(G53=0,0,G62/G53) -> 0.018465301 | H71: =IF(H53=0,0,H62/H53) -> 0.017484593 | I71: =IF(I53=0,0,I62/I53) -> 0.024989444 | ... N71: =IF(N53=0,0,N62/N53) -> 0.020658616
A72: 법인 소계 | B72: =IF(B54=0,0,B63/B54) -> 0.0027441935 | C72: =IF(C54=0,0,C63/C54) -> -0.014999176 | D72: =IF(D54=0,0,D63/D54) -> -0.023661369 | E72: =IF(E54=0,0,E63/E54) -> -0.0012673621 | F72: =IF(F54=0,0,F63/F54) -> 0.014679686 | G72: =IF(G54=0,0,G63/G54) -> -0.0039206055 | H72: =IF(H54=0,0,H63/H54) -> 0.00050866663 | I72: =IF(I54=0,0,I63/I54) -> 0.01263611 | ... N72: =IF(N54=0,0,N63/N54) -> 0.0056716088
A73: 홀세일 | B73: =IF(B55=0,0,B64/B55) -> -0.023557053 | C73: =IF(C55=0,0,C64/C55) -> -0.028085871 | D73: =IF(D55=0,0,D64/D55) -> -0.019293678 | E73: =IF(E55=0,0,E64/E55) -> -0.028951441 | F73: =IF(F55=0,0,F64/F55) -> -0.030204493 | G73: =IF(G55=0,0,G64/G55) -> -0.031753471 | H73: =IF(H55=0,0,H64/H55) -> -0.021289269 | I73: =IF(I55=0,0,I64/I55) -> -0.019424599 | ... N73: =IF(N55=0,0,N64/N55) -> -0.025670809
A74: TNH 합계 | B74: =IF(B56=0,0,B65/B56) -> -0.0015618066 | C74: =IF(C56=0,0,C65/C56) -> -0.017248145 | D74: =IF(D56=0,0,D65/D56) -> -0.022912537 | E74: =IF(E56=0,0,E65/E56) -> -0.0060267529 | F74: =IF(F56=0,0,F65/F56) -> 0.007213896 | G74: =IF(G56=0,0,G65/G56) -> -0.0085139032 | H74: =IF(H56=0,0,H65/H56) -> -0.0030513384 | I74: =IF(I56=0,0,I65/I56) -> 0.0074542312 | ... N74: =IF(N56=0,0,N65/N56) -> 0.00049840349
A76: ■ 2027 계획 — 이익
A77: 구분 | B77: 1월 | C77: 2월 | D77: 3월 | E77: 4월 | F77: 5월 | G77: 6월 | H77: 7월 | I77: 8월 | J77: 9월 | K77: 10월 | L77: 11월 | M77: 12월 | N77: 합계
A78: 홍콩 | B78: =가정!$J$11*월별비중!B$24 -> 1.152 | C78: =가정!$J$11*월별비중!C$24 -> 0.904 | D78: =가정!$J$11*월별비중!D$24 -> 0.56 | E78: =가정!$J$11*월별비중!E$24 -> 0.504 | F78: =가정!$J$11*월별비중!F$24 -> 0.52 | G78: =가정!$J$11*월별비중!G$24 -> 0.592 | H78: =가정!$J$11*월별비중!H$24 -> 0.44 | I78: =가정!$J$11*월별비중!I$24 -> 0.472 | ... M78: =가정!$J$11*월별비중!M$24 -> 1.008 | N78: =SUM(B78:M78) -> 8
A79: 중국 | B79: =가정!$J$12*월별비중!B$25 -> 0.355 | C79: =가정!$J$12*월별비중!C$25 -> 0.2025 | D79: =가정!$J$12*월별비중!D$25 -> 0.115 | E79: =가정!$J$12*월별비중!E$25 -> 0.1325 | F79: =가정!$J$12*월별비중!F$25 -> 0.1775 | G79: =가정!$J$12*월별비중!G$25 -> 0.1625 | H79: =가정!$J$12*월별비중!H$25 -> 0.1375 | I79: =가정!$J$12*월별비중!I$25 -> 0.1575 | ... M79: =가정!$J$12*월별비중!M$25 -> 0.325 | N79: =SUM(B79:M79) -> 2.5
A80: 대만 | B80: =가정!$J$13*월별비중!B$26 -> 1.80256 | C80: =가정!$J$13*월별비중!C$26 -> 1.5650133 | D80: =가정!$J$13*월별비중!D$26 -> 0.8384 | E80: =가정!$J$13*월별비중!E$26 -> 1.0619733 | F80: =가정!$J$13*월별비중!F$26 -> 1.08992 | G80: =가정!$J$13*월별비중!G$26 -> 0.86634667 | H80: =가정!$J$13*월별비중!H$26 -> 0.69866667 | I80: =가정!$J$13*월별비중!I$26 -> 0.74058667 | ... M80: =가정!$J$13*월별비중!M$26 -> 1.5230933 | N80: =SUM(B80:M80) -> 13.973333
A81: 법인 소계 | B81: =SUM(B78:B80) -> 3.30956 | C81: =SUM(C78:C80) -> 2.6715133 | D81: =SUM(D78:D80) -> 1.5134 | E81: =SUM(E78:E80) -> 1.6984733 | F81: =SUM(F78:F80) -> 1.78742 | G81: =SUM(G78:G80) -> 1.6208467 | H81: =SUM(H78:H80) -> 1.2761667 | I81: =SUM(I78:I80) -> 1.3700867 | ... M81: =SUM(M78:M80) -> 2.8560933 | N81: =SUM(B81:M81) -> 24.473333
A82: 홀세일 | B82: =가정!$J$15*월별비중!B$27 -> 0.99636364 | C82: =가정!$J$15*월별비중!C$27 -> 0.77090909 | D82: =가정!$J$15*월별비중!D$27 -> 0.44363636 | E82: =가정!$J$15*월별비중!E$27 -> 0.48727273 | F82: =가정!$J$15*월별비중!F$27 -> 0.52363636 | G82: =가정!$J$15*월별비중!G$27 -> 0.48 | H82: =가정!$J$15*월별비중!H$27 -> 0.38545455 | I82: =가정!$J$15*월별비중!I$27 -> 0.41454545 | ... M82: =가정!$J$15*월별비중!M$27 -> 0.85818182 | N82: =SUM(B82:M82) -> 7.2727273
A83: TNH 합계 | B83: =B81+B82 -> 4.3059236 | C83: =C81+C82 -> 3.4424224 | D83: =D81+D82 -> 1.9570364 | E83: =E81+E82 -> 2.1857461 | F83: =F81+F82 -> 2.3110564 | G83: =G81+G82 -> 2.1008467 | H83: =H81+H82 -> 1.6616212 | I83: =I81+I82 -> 1.7846321 | ... M83: =M81+M82 -> 3.7142752 | N83: =SUM(B83:M83) -> 31.746061
A85: ■ 2026 예상 — 이익
A86: 구분 | B86: 1월 | C86: 2월 | D86: 3월 | E86: 4월 | F86: 5월 | G86: 6월 | H86: 7월 | I86: 8월 | J86: 9월 | K86: 10월 | L86: 11월 | M86: 12월 | N86: 합계
A87: 홍콩 | B87: =가정!$E$21*월별비중!B$17 -> 2.428131 | C87: =가정!$E$21*월별비중!C$17 -> 1.9197064 | D87: =가정!$E$21*월별비중!D$17 -> 1.1943943 | E87: =가정!$E$21*월별비중!E$17 -> 1.0642618 | F87: =가정!$E$21*월별비중!F$17 -> 1.0985603 | G87: =가정!$E$21*월별비중!G$17 -> 1.2609737 | H87: =가정!$E$21*월별비중!H$17 -> 0.93816447 | I87: =가정!$E$21*월별비중!I$17 -> 0.99869121 | ... M87: =가정!$E$21*월별비중!M$17 -> 2.1341883 | N87: =SUM(B87:M87) -> 16.968114
A88: 중국 | B88: =가정!$E$22*월별비중!B$18 -> 0.9522281 | C88: =가정!$E$22*월별비중!C$18 -> 0.54773624 | D88: =가정!$E$22*월별비중!D$18 -> 0.30857491 | E88: =가정!$E$22*월별비중!E$18 -> 0.35905751 | F88: =가정!$E$22*월별비중!F$18 -> 0.47769163 | G88: =가정!$E$22*월별비중!G$18 -> 0.43541245 | H88: =가정!$E$22*월별비중!H$18 -> 0.3723092 | I88: =가정!$E$22*월별비중!I$18 -> 0.4227918 | ... M88: =가정!$E$22*월별비중!M$18 -> 0.87585675 | N88: =SUM(B88:M88) -> 6.7317451
A89: 대만 | B89: =가정!$E$23*월별비중!B$19 -> 2.7377338 | C89: =가정!$E$23*월별비중!C$19 -> 2.3420396 | D89: =가정!$E$23*월별비중!D$19 -> 1.2630873 | E89: =가정!$E$23*월별비중!E$19 -> 1.5827768 | F89: =가정!$E$23*월별비중!F$19 -> 1.6258723 | G89: =가정!$E$23*월별비중!G$19 -> 1.3006978 | H89: =가정!$E$23*월별비중!H$19 -> 1.0499609 | I89: =가정!$E$23*월별비중!I$19 -> 1.1048096 | ... M89: =가정!$E$23*월별비중!M$19 -> 2.2759154 | N89: =SUM(B89:M89) -> 20.933915
A90: 법인 소계 | B90: =SUM(B87:B89) -> 6.118093 | C90: =SUM(C87:C89) -> 4.8094823 | D90: =SUM(D87:D89) -> 2.7660565 | E90: =SUM(E87:E89) -> 3.0060962 | F90: =SUM(F87:F89) -> 3.2021242 | G90: =SUM(G87:G89) -> 2.997084 | H90: =SUM(H87:H89) -> 2.3604345 | I90: =SUM(I87:I89) -> 2.5262926 | ... M90: =SUM(M87:M89) -> 5.2859604 | N90: =SUM(B90:M90) -> 44.633774
A91: 홀세일 | B91: =가정!$E$25*월별비중!B$20 -> 1.8899362 | C91: =가정!$E$25*월별비중!C$20 -> 1.4691002 | D91: =가정!$E$25*월별비중!D$20 -> 0.83784621 | E91: =가정!$E$25*월별비중!E$20 -> 0.92940993 | F91: =가정!$E$25*월별비중!F$20 -> 1.0000594 | G91: =가정!$E$25*월별비중!G$20 -> 0.91818763 | H91: =가정!$E$25*월별비중!H$20 -> 0.72944906 | I91: =가정!$E$25*월별비중!I$20 -> 0.78301001 | ... M91: =가정!$E$25*월별비중!M$20 -> 1.6344248 | N91: =SUM(B91:M91) -> 13.825083
A92: TNH 합계 | B92: =B90+B91 -> 8.0080292 | C92: =C90+C91 -> 6.2785825 | D92: =D90+D91 -> 3.6039027 | E92: =E90+E91 -> 3.9355061 | F92: =F90+F91 -> 4.2021836 | G92: =G90+G91 -> 3.9152716 | H92: =H90+H91 -> 3.0898836 | I92: =I90+I91 -> 3.3093026 | ... M92: =M90+M91 -> 6.9203852 | N92: =SUM(B92:M92) -> 58.458857
A94: ■ 증감 (2027 − 2026) — 이익
A95: 구분 | B95: 1월 | C95: 2월 | D95: 3월 | E95: 4월 | F95: 5월 | G95: 6월 | H95: 7월 | I95: 8월 | J95: 9월 | K95: 10월 | L95: 11월 | M95: 12월 | N95: 합계
A96: 홍콩 | B96: =B78-B87 -> -1.276131 | C96: =C78-C87 -> -1.0157064 | D96: =D78-D87 -> -0.63439433 | E96: =E78-E87 -> -0.56026184 | F96: =F78-F87 -> -0.57856033 | G96: =G78-G87 -> -0.66897375 | H96: =H78-H87 -> -0.49816447 | I96: =I78-I87 -> -0.52669121 | ... M96: =M78-M87 -> -1.1261883 | N96: =SUM(B96:M96) -> -8.9681145
A97: 중국 | B97: =B79-B88 -> -0.5972281 | C97: =C79-C88 -> -0.34523624 | D97: =D79-D88 -> -0.19357491 | E97: =E79-E88 -> -0.22655751 | F97: =F79-F88 -> -0.30019163 | G97: =G79-G88 -> -0.27291245 | H97: =H79-H88 -> -0.2348092 | I97: =I79-I88 -> -0.2652918 | ... M97: =M79-M88 -> -0.55085675 | N97: =SUM(B97:M97) -> -4.2317451
A98: 대만 | B98: =B80-B89 -> -0.9351738 | C98: =C80-C89 -> -0.77702626 | D98: =D80-D89 -> -0.42468726 | E98: =E80-E89 -> -0.52080351 | F98: =F80-F89 -> -0.53595225 | G98: =G80-G89 -> -0.43435113 | H98: =H80-H89 -> -0.35129421 | I98: =I80-I89 -> -0.36422291 | ... M98: =M80-M89 -> -0.75282203 | N98: =SUM(B98:M98) -> -6.9605813
A99: 법인 소계 | B99: =B81-B90 -> -2.808533 | C99: =C81-C90 -> -2.1379689 | D99: =D81-D90 -> -1.2526565 | E99: =E81-E90 -> -1.3076229 | F99: =F81-F90 -> -1.4147042 | G99: =G81-G90 -> -1.3762373 | H99: =H81-H90 -> -1.0842679 | I99: =I81-I90 -> -1.1562059 | ... M99: =M81-M90 -> -2.4298671 | N99: =SUM(B99:M99) -> -20.160441
A100: 홀세일 | B100: =B82-B91 -> -0.89357257 | C100: =C82-C91 -> -0.69819112 | D100: =D82-D91 -> -0.39420985 | E100: =E82-E91 -> -0.4421372 | F100: =F82-F91 -> -0.476423 | G100: =G82-G91 -> -0.43818763 | H100: =H82-H91 -> -0.34399452 | I100: =I82-I91 -> -0.36846455 | ... M100: =M82-M91 -> -0.77624294 | N100: =SUM(B100:M100) -> -6.5523554
A101: TNH 합계 | B101: =B83-B92 -> -3.7021055 | C101: =C83-C92 -> -2.8361601 | D101: =D83-D92 -> -1.6468664 | E101: =E83-E92 -> -1.7497601 | F101: =F83-F92 -> -1.8911272 | G101: =G83-G92 -> -1.814425 | H101: =H83-H92 -> -1.4282624 | I101: =I83-I92 -> -1.5246705 | ... M101: =M83-M92 -> -3.20611 | N101: =SUM(B101:M101) -> -26.712796
A103: ■ 증감률 — 이익
A104: 구분 | B104: 1월 | C104: 2월 | D104: 3월 | E104: 4월 | F104: 5월 | G104: 6월 | H104: 7월 | I104: 8월 | J104: 9월 | K104: 10월 | L104: 11월 | M104: 12월 | N104: 합계
A105: 홍콩 | B105: =IF(B87=0,0,B96/B87) -> -0.52556103 | C105: =IF(C87=0,0,C96/C87) -> -0.52909467 | D105: =IF(D87=0,0,D96/D87) -> -0.53114312 | E105: =IF(E87=0,0,E96/E87) -> -0.52643233 | F105: =IF(F87=0,0,F96/F87) -> -0.52665321 | G105: =IF(G87=0,0,G96/G87) -> -0.53052155 | H105: =IF(H87=0,0,H96/H87) -> -0.53099908 | I105: =IF(I87=0,0,I96/I87) -> -0.52738144 | ... N105: =IF(N87=0,0,N96/N87) -> -0.52852746
A106: 중국 | B106: =IF(B88=0,0,B97/B88) -> -0.62719016 | C106: =IF(C88=0,0,C97/C88) -> -0.63029651 | D106: =IF(D88=0,0,D97/D88) -> -0.62731902 | E106: =IF(E88=0,0,E97/E88) -> -0.63097834 | F106: =IF(F88=0,0,F97/F88) -> -0.62842137 | G106: =IF(G88=0,0,G97/G88) -> -0.62679064 | H106: =IF(H88=0,0,H97/H88) -> -0.63068331 | I106: =IF(I88=0,0,I97/I88) -> -0.62747622 | ... N106: =IF(N88=0,0,N97/N88) -> -0.62862527
A107: 대만 | B107: =IF(B89=0,0,B98/B89) -> -0.34158683 | C107: =IF(C89=0,0,C98/C89) -> -0.33177332 | D107: =IF(D89=0,0,D98/D89) -> -0.33622955 | E107: =IF(E89=0,0,E98/E89) -> -0.32904418 | F107: =IF(F89=0,0,F98/F89) -> -0.32963983 | G107: =IF(G89=0,0,G98/G89) -> -0.33393701 | H107: =IF(H89=0,0,H98/H89) -> -0.33457838 | I107: =IF(I89=0,0,I98/I89) -> -0.32967031 | ... N107: =IF(N89=0,0,N98/N89) -> -0.33250261
A108: 법인 소계 | B108: =IF(B90=0,0,B99/B90) -> -0.45905366 | C108: =IF(C90=0,0,C99/C90) -> -0.44453203 | D108: =IF(D90=0,0,D99/D90) -> -0.45286729 | E108: =IF(E90=0,0,E99/E90) -> -0.43499036 | F108: =IF(F90=0,0,F99/F90) -> -0.44180179 | G108: =IF(G90=0,0,G99/G90) -> -0.45919211 | H108: =IF(H90=0,0,H99/H90) -> -0.45935096 | I108: =IF(I90=0,0,I99/I90) -> -0.45766905 | ... N108: =IF(N90=0,0,N99/N90) -> -0.45168577
A109: 홀세일 | B109: =IF(B91=0,0,B100/B91) -> -0.47280568 | C109: =IF(C91=0,0,C100/C91) -> -0.47525085 | D109: =IF(D91=0,0,D100/D91) -> -0.47050383 | E109: =IF(E91=0,0,E100/E91) -> -0.47571818 | F109: =IF(F91=0,0,F100/F91) -> -0.47639472 | G109: =IF(G91=0,0,G100/G91) -> -0.47723103 | H109: =IF(H91=0,0,H100/H91) -> -0.47158127 | I109: =IF(I91=0,0,I100/I91) -> -0.47057451 | ... N109: =IF(N91=0,0,N100/N91) -> -0.47394692
A110: TNH 합계 | B110: =IF(B92=0,0,B101/B92) -> -0.46229921 | C110: =IF(C92=0,0,C101/C92) -> -0.45171981 | D110: =IF(D92=0,0,D101/D92) -> -0.45696748 | E110: =IF(E92=0,0,E101/E92) -> -0.44460865 | F110: =IF(F92=0,0,F101/F92) -> -0.45003441 | G110: =IF(G92=0,0,G101/G92) -> -0.4634225 | H110: =IF(H92=0,0,H101/H92) -> -0.46223825 | I110: =IF(I92=0,0,I101/I92) -> -0.46072259 | ... N110: =IF(N92=0,0,N101/N92) -> -0.45695037
A112: ■ 2027 계획 — 이익률 (이익 ÷ 매출)
...

Sheet 가정
A1: 2027 TNH 사업계획 — 가정(입력) 시트
A2: 계산용 시트입니다. 모든 입력은 [요약] 시트의 노란 칸에서 합니다 (이 시트의 초록 글씨 칸 = 요약 연동, 직접 수정 금지). 단위: 억원(별도 표기 제외)
A3: 환율 (KRW/USD) | B3: =요약!G17 -> 1362.78
A4: 공급율 — 홍콩·대만·홀세일 (택가 대비) | B4: =요약!D17 -> 0.33
A5: 택가 배수 (택가 ÷ 한국원가) | B5: =요약!E17 -> 4
A6: 중국 공급가 마진 (한국원가 + %) | B6: =요약!F17 -> 0.05
A7: 법인 매출 중 이월제품 비중 | B7: =요약!B17 -> 0.6
A8: 법인 매출 중 정상제품 비중 (= TNH가 수출 공급해야 하는 제품) | B8: =1-B7 -> 0.4
A9: ① 2027 계획
A10: 구분 | B10: 2027 법인 매출목표(억) | C10: 정상제품 매출(억) = 목표×정상비중 | D10: 정판율 (공급 물량 중 판매 비율) | E10: 평균 할인율 | F10: 택가 기준 공급액(억) = 정상매출÷(1−할인)÷정판율 | G10: TNH 공급가 ÷ 택가 | H10: 2027 TNH 매출(억) | I10: 2027 TNH 원가(억) | J10: 2027 TNH 이익(억) | K10: 이익률
A11: 홍콩 | B11: =요약!B8 -> 150 | C11: =B11*$B$8 -> 60 | D11: =요약!C8 -> 0.6 | E11: =요약!D8 -> 0 | F11: =C11/(1-E11)/D11 -> 100 | G11: =$B$4 -> 0.33 | H11: =F11*G11 -> 33 | I11: =F11/$B$5 -> 25 | J11: =H11-I11 -> 8 | K11: =IF(H11=0,0,J11/H11) -> 0.24242424
A12: 중국 | B12: =요약!B9 -> 300 | C12: =B12*$B$8 -> 120 | D12: =요약!C9 -> 0.6 | E12: =요약!D9 -> 0 | F12: =C12/(1-E12)/D12 -> 200 | G12: =(1+$B$6)/$B$5 -> 0.2625 | H12: =F12*G12 -> 52.5 | I12: =F12/$B$5 -> 50 | J12: =H12-I12 -> 2.5 | K12: =IF(H12=0,0,J12/H12) -> 0.047619048
A13: 대만 | B13: =요약!B10 -> 262 | C13: =B13*$B$8 -> 104.8 | D13: =요약!C10 -> 0.6 | E13: =요약!D10 -> 0 | F13: =C13/(1-E13)/D13 -> 174.66667 | G13: =$B$4 -> 0.33 | H13: =F13*G13 -> 57.64 | I13: =F13/$B$5 -> 43.666667 | J13: =H13-I13 -> 13.973333 | K13: =IF(H13=0,0,J13/H13) -> 0.24242424
A14: 법인 소계 | B14: =SUM(B11:B13) -> 712 | C14: =SUM(C11:C13) -> 284.8 | F14: =SUM(F11:F13) -> 474.66667 | G14: =H14/F14 -> 0.30155899 | H14: =SUM(H11:H13) -> 143.14 | I14: =SUM(I11:I13) -> 118.66667 | J14: =SUM(J11:J13) -> 24.473333 | K14: =J14/H14 -> 0.1709748
A15: 홀세일 (TNH 매출 기준 입력) | F15: =H15/G15 -> 90.909091 | G15: =$B$4 -> 0.33 | H15: =요약!H12 -> 30 | I15: =F15/$B$5 -> 22.727273 | J15: =H15-I15 -> 7.2727273 | K15: =J15/H15 -> 0.24242424
A16: TNH 합계 | F16: =F14+F15 -> 565.57576 | H16: =H14+H15 -> 173.14 | I16: =I14+I15 -> 141.39394 | J16: =J14+J15 -> 31.746061 | K16: =J16/H16 -> 0.18335486
A19: ② 2026 예상 (방식 1: 실적 1/1~기준일 + 잔여 예측 [기본] / 방식 2: ERP 수주 전량) + 2027 환산배수 비교
A20: 구분 | B20: 택가금액(억) | C20: 원가(억) | D20: TNH 매출(억) | E20: TNH 이익(억) | F20: 이익률 | G20: 2026 법인 예상매출(억) | H20: 정상제품분(억) | I20: 2026 환산배수 (택가공급÷정상매출) | J20: 2027 설정 환산배수
A21: 홍콩 | B21: =IF($B$35=2,B47,E38) -> 139.02201 | C21: =IF($B$35=2,C47,E38*H38) -> 32.686818 | D21: =IF($B$35=2,D47,F38) -> 49.654933 | E21: =D21-C21 -> 16.968114 | F21: =IF(D21=0,0,E21/D21) -> 0.34172062 | G21: =월별비중!N11 -> 168.20448 | H21: =G21*$B$8 -> 67.281791 | I21: =B21/H21 -> 2.0662651 | J21: =F11/C11 -> 1.6666667
A22: 중국 | B22: =IF($B$35=2,B48,E39) -> 167.88182 | C22: =IF($B$35=2,C48,E39*H39) -> 42.527781 | D22: =IF($B$35=2,D48,F39) -> 49.259526 | E22: =D22-C22 -> 6.7317451 | F22: =IF(D22=0,0,E22/D22) -> 0.13665875 | G22: =월별비중!N12 -> 106.67826 | H22: =G22*$B$8 -> 42.671303 | I22: =B22/H22 -> 3.9343028 | J22: =F12/C12 -> 1.6666667
A23: 대만 | B23: =IF($B$35=2,B49,E40) -> 177.82321 | C23: =IF($B$35=2,C49,E40*H40) -> 42.782833 | D23: =IF($B$35=2,D49,F40) -> 63.716747 | E23: =D23-C23 -> 20.933915 | F23: =IF(D23=0,0,E23/D23) -> 0.32854651 | G23: =월별비중!N13 -> 267.16658 | H23: =G23*$B$8 -> 106.86663 | I23: =B23/H23 -> 1.6639732 | J23: =F13/C13 -> 1.6666667
A24: 법인 소계 | B24: =SUM(B21:B23) -> 484.72705 | C24: =SUM(C21:C23) -> 117.99743 | D24: =SUM(D21:D23) -> 162.63121 | E24: =SUM(E21:E23) -> 44.633774 | F24: =E24/D24 -> 0.27444779 | G24: =SUM(G21:G23) -> 542.04931 | H24: =SUM(H21:H23) -> 216.81973 | I24: =B24/H24 -> 2.2356225 | J24: =F14/C14 -> 1.6666667
A25: 홀세일 | B25: =IF($B$35=2,B50,E41) -> 97.43421 | C25: =IF($B$35=2,C50,E41*H41) -> 23.326072 | D25: =IF($B$35=2,D50,F41) -> 37.151155 | E25: =D25-C25 -> 13.825083 | F25: =IF(D25=0,0,E25/D25) -> 0.37213063
A26: TNH 합계 | B26: =B24+B25 -> 582.16126 | C26: =C24+C25 -> 141.3235 | D26: =D24+D25 -> 199.78236 | E26: =E24+E25 -> 58.458857 | F26: =E26/D26 -> 0.29261271
A28: ※ 환산배수 = 법인 정상제품 매출 1원을 만들기 위해 TNH가 공급한 택가 금액. 2026은 실제 수주 기준, 2027은 위 정판율·할인율로 역산한 값입니다. 두 값이 크게 다르면 정판율·할인율 입력을 조정하세요.
A31: 요약 시트 경고 기준 — 2026 환산배수 대비 2027 설정 환산배수 괴리 허용폭 | B31: =요약!J17 -> 0.3
A33: ③ 2026 예상 산출 — 실적(판매펀칭 1/1~기준일) + 잔여기간 예측
A34: 실적 기준일 | B34: =요약!H17 -> 46317
A35: 2026 예측 방식 (1 = 실적 진도율 환산, 2 = ERP 수주 전량) | B35: =요약!I17 -> 1
A36: ※ 방식 1: 연간 예상 = 실적 ÷ 진도율. 진도율 = 2026 법인 월 매출 비중(월별비중 ③)을 기준일까지 누계한 값. 잔여 예측 = 연간 예상 − 실적. 원가 = 택가 × ERP 원가율.
A37: 구분 | B37: 실적 택가(억) (보정 반영) | C37: 실적 TNH 매출(억) | D37: 진도율 (매출 비중 누계) | E37: 연간 예상 택가(억) | F37: 연간 예상 TNH 매출(억) | G37: 잔여기간 예측 매출(억) | H37: 원가율 (원가÷택가, ERP) | I37: ERP 수주 기준 매출(억) | J37: 예상 vs ERP
A38: 홍콩 | B38: =SUMIFS(RAW_판매펀칭!$N:$N,RAW_판매펀칭!$A:$A,"HK")/10^8 -> 103.28232 | C38: =SUMIFS(RAW_판매펀칭!$M:$M,RAW_판매펀칭!$A:$A,"HK")/10^8 -> 36.889672 | D38: =SUMPRODUCT(월별비중!$B$17:$M$17,월별비중!$B$32:$M$32) -> 0.74292059 | E38: =IF(D38=0,B38,B38/D38) -> 139.02201 | F38: =IF(D38=0,C38,C38/D38) -> 49.654933 | G38: =F38-C38 -> 12.765261 | H38: =IF(B47=0,1/$B$5,C47/B47) -> 0.23511973 | I38: =D47 -> 45.60094 | J38: =IF(I38=0,0,F38/I38-1) -> 0.088901507
A39: 중국 | B39: =SUMIFS(RAW_판매펀칭!$N:$N,RAW_판매펀칭!$A:$A,"CN")/10^8 -> 123.076 | C39: =SUMIFS(RAW_판매펀칭!$M:$M,RAW_판매펀칭!$A:$A,"CN")/10^8 -> 36.112696 | D39: =SUMPRODUCT(월별비중!$B$18:$M$18,월별비중!$B$32:$M$32) -> 0.73311093 | E39: =IF(D39=0,B39,B39/D39) -> 167.88182 | F39: =IF(D39=0,C39,C39/D39) -> 49.259526 | G39: =F39-C39 -> 13.146829 | H39: =IF(B48=0,1/$B$5,C48/B48) -> 0.25331974 | I39: =D48 -> 60.201222 | J39: =IF(I39=0,0,F39/I39-1) -> -0.18175206
A40: 대만 | B40: =SUMIFS(RAW_판매펀칭!$N:$N,RAW_판매펀칭!$A:$A,"TW")/10^8 -> 131.99098 | C40: =SUMIFS(RAW_판매펀칭!$M:$M,RAW_판매펀칭!$A:$A,"TW")/10^8 -> 47.294365 | D40: =SUMPRODUCT(월별비중!$B$19:$M$19,월별비중!$B$32:$M$32) -> 0.74225957 | E40: =IF(D40=0,B40,B40/D40) -> 177.82321 | F40: =IF(D40=0,C40,C40/D40) -> 63.716747 | G40: =F40-C40 -> 16.422382 | H40: =IF(B49=0,1/$B$5,C49/B49) -> 0.24059195 | I40: =D49 -> 64.103868 | J40: =IF(I40=0,0,F40/I40-1) -> -0.0060389599
A41: 홀세일 | B41: =SUMIFS(RAW_판매펀칭!$N:$N,RAW_판매펀칭!$A:$A,"홀세일")/10^8 -> 72.16603 | C41: =SUMIFS(RAW_판매펀칭!$M:$M,RAW_판매펀칭!$A:$A,"홀세일")/10^8 -> 27.51653 | D41: =SUMPRODUCT(월별비중!$B$20:$M$20,월별비중!$B$32:$M$32) -> 0.74066419 | E41: =IF(D41=0,B41,B41/D41) -> 97.43421 | F41: =IF(D41=0,C41,C41/D41) -> 37.151155 | G41: =F41-C41 -> 9.6346248 | H41: =IF(B50=0,1/$B$5,C50/B50) -> 0.23940331 | I41: =D50 -> 37.517189 | J41: =IF(I41=0,0,F41/I41-1) -> -0.0097564571
A42: TNH 합계 | B42: =SUM(B38:B41) -> 430.51533 | C42: =SUM(C38:C41) -> 147.81326 | D42: =IF(F42=0,0,C42/F42) -> 0.73987145 | E42: =SUM(E38:E41) -> 582.16126 | F42: =SUM(F38:F41) -> 199.78236 | G42: =SUM(G38:G41) -> 51.969097 | H42: =IF(E42=0,0,SUMPRODUCT(E38:E41,H38:H41)/E42) -> 0.24275663 | I42: =SUM(I38:I41) -> 207.42322 | J42: =IF(I42=0,0,F42/I42-1) -> -0.036837048
A43: ※ 월별 실적은 판매펀칭이 기간 합계라 연간 배분은 기존대로 2026 월별 비중을 사용합니다. 월별 판매펀칭을 받으면 월 실적으로 교체 가능합니다.
A45: ④ 참고: ERP 수주 전량 집계 (기존 방식, RAW_2026) — 예측 방식 2 선택 시 ②에 사용
A46: 구분 | B46: 택가금액(억) | C46: 원가(억) | D46: TNH 매출(억) | E46: TNH 이익(억)
A47: 홍콩 | B47: =SUMIFS(RAW_2026!$M:$M,RAW_2026!$B:$B,"HK")/10^8 -> 131.50004 | C47: =SUMIFS(RAW_2026!$N:$N,RAW_2026!$B:$B,"HK")/10^8 -> 30.918255 | D47: =SUMIFS(RAW_2026!$O:$O,RAW_2026!$B:$B,"HK")/10^8 -> 45.60094 | E47: =D47-C47 -> 14.682686
A48: 중국 | B48: =SUMIFS(RAW_2026!$M:$M,RAW_2026!$B:$B,"CN")/10^8 -> 220.30241 | C48: =SUMIFS(RAW_2026!$N:$N,RAW_2026!$B:$B,"CN")/10^8 -> 55.80695 | D48: =SUMIFS(RAW_2026!$O:$O,RAW_2026!$B:$B,"CN")/10^8 -> 60.201222 | E48: =D48-C48 -> 4.3942711
A49: 대만 | B49: =SUMIFS(RAW_2026!$M:$M,RAW_2026!$B:$B,"TW")/10^8 -> 186.96823 | C49: =SUMIFS(RAW_2026!$N:$N,RAW_2026!$B:$B,"TW")/10^8 -> 44.983052 | D49: =SUMIFS(RAW_2026!$O:$O,RAW_2026!$B:$B,"TW")/10^8 -> 64.103868 | E49: =D49-C49 -> 19.120816
A50: 홀세일 | B50: =SUMIFS(RAW_2026!$M:$M,RAW_2026!$B:$B,"홀세일")/10^8 -> 108.87976 | C50: =SUMIFS(RAW_2026!$N:$N,RAW_2026!$B:$B,"홀세일")/10^8 -> 26.066175 | D50: =SUMIFS(RAW_2026!$O:$O,RAW_2026!$B:$B,"홀세일")/10^8 -> 37.517189 | E50: =D50-C50 -> 11.451015
A51: TNH 합계 | B51: =SUM(B47:B50) -> 647.65045 | C51: =SUM(C47:C50) -> 157.77443 | D51: =SUM(D47:D50) -> 207.42322 | E51: =SUM(E47:E50) -> 49.648788

Sheet 월별비중
A1: 월별 비중 (2026 법인 월 매출 기준 → 2026 월 배분 / ④ 2027 입력 비중 → 2027 월 배분)
A2: 단위: 억원. 출처: monthly_sales.json (2025 실적, 2026 1~9월 실적). 2026 10~12월은 "2025 같은 달 × (2026 1~9월 ÷ 2025 1~9월)"로 추정(수식).
A3: ① 2025 실적 (억원)
A4: 구분 | B4: 1월 | C4: 2월 | D4: 3월 | E4: 4월 | F4: 5월 | G4: 6월 | H4: 7월 | I4: 8월 | J4: 9월 | K4: 10월 | L4: 11월 | M4: 12월 | N4: 합계
A5: 홍콩 | B5: 31.7 | C5: 18.2 | D5: 12.1 | E5: 13 | F5: 11.9 | G5: 12.5 | H5: 12.7 | I5: 12.3 | J5: 8.7 | K5: 14.7 | L5: 21.1 | M5: 24.3 | N5: =SUM(B5:M5) -> 193.2
A6: 중국 | B6: 15.8 | C6: 6.5 | D6: 7.4 | E6: 9.4 | F6: 9.6 | G6: 8.6 | H6: 7.1 | I6: 6.7 | J6: 5.8 | K6: 15.5 | L6: 11.9 | M6: 15.6 | N6: =SUM(B6:M6) -> 119.9
A7: 대만 | B7: 39.8 | C7: 20.9 | D7: 19 | E7: 21.2 | F7: 21 | G7: 16.6 | H7: 16.2 | I7: 19.7 | J7: 16.5 | K7: 22.5 | L7: 35 | M7: 30.3 | N7: =SUM(B7:M7) -> 278.7
A8: 3법인 합계 | B8: =SUM(B5:B7) -> 87.3 | C8: =SUM(C5:C7) -> 45.6 | D8: =SUM(D5:D7) -> 38.5 | E8: =SUM(E5:E7) -> 43.6 | F8: =SUM(F5:F7) -> 42.5 | G8: =SUM(G5:G7) -> 37.7 | H8: =SUM(H5:H7) -> 36 | I8: =SUM(I5:I7) -> 38.7 | ... N8: =SUM(N5:N7) -> 591.8
A9: ② 2026 실적 + 추정 (억원) — 파란색 = 입력(1~9월 실적), 검정 = 수식
A10: 구분 | B10: 1월 | C10: 2월 | D10: 3월 | E10: 4월 | F10: 5월 | G10: 6월 | H10: 7월 | I10: 8월 | J10: 9월 | K10: 10월 | L10: 11월 | M10: 12월 | N10: 합계
A11: 홍콩 | B11: 24.07 | C11: 19.03 | D11: 11.84 | E11: 10.55 | F11: 10.89 | G11: 12.5 | H11: 9.3 | I11: 9.9 | J11: 7.8 | K11: =K5*SUM($B11:$J11)/SUM($B5:$J5) -> 12.798167 | L11: =L5*SUM($B11:$J11)/SUM($B5:$J5) -> 18.370158 | M11: =M5*SUM($B11:$J11)/SUM($B5:$J5) -> 21.156153 | N11: =SUM(B11:M11) -> 168.20448
A12: 중국 | B12: 15.09 | C12: 8.68 | D12: 4.89 | E12: 5.69 | F12: 7.57 | G12: 6.9 | H12: 5.9 | I12: 6.7 | J12: 7 | K12: =K6*SUM($B12:$J12)/SUM($B6:$J6) -> 13.790767 | L12: =L6*SUM($B12:$J12)/SUM($B6:$J6) -> 10.58775 | M12: =M6*SUM($B12:$J12)/SUM($B6:$J6) -> 13.87974 | N12: =SUM(B12:M12) -> 106.67826
A13: 대만 | B13: 34.94 | C13: 29.89 | D13: 16.12 | E13: 20.2 | F13: 20.75 | G13: 16.6 | H13: 13.4 | I13: 14.1 | J13: 17 | K13: =K7*SUM($B13:$J13)/SUM($B7:$J7) -> 21.568884 | L13: =L7*SUM($B13:$J13)/SUM($B7:$J7) -> 33.551598 | M13: =M7*SUM($B13:$J13)/SUM($B7:$J7) -> 29.046097 | N13: =SUM(B13:M13) -> 267.16658
A14: 3법인 합계 | B14: =SUM(B11:B13) -> 74.1 | C14: =SUM(C11:C13) -> 57.6 | D14: =SUM(D11:D13) -> 32.85 | E14: =SUM(E11:E13) -> 36.44 | F14: =SUM(F11:F13) -> 39.21 | G14: =SUM(G11:G13) -> 36 | H14: =SUM(H11:H13) -> 28.6 | I14: =SUM(I11:I13) -> 30.7 | ... N14: =SUM(N11:N13) -> 542.04931
A15: ③ 2026 월별 비중
A16: 구분 | B16: 1월 | C16: 2월 | D16: 3월 | E16: 4월 | F16: 5월 | G16: 6월 | H16: 7월 | I16: 8월 | J16: 9월 | K16: 10월 | L16: 11월 | M16: 12월 | N16: 합계
A17: 홍콩 | B17: =B11/$N11 -> 0.14309964 | C17: =C11/$N11 -> 0.11313611 | D17: =D11/$N11 -> 0.070390516 | E17: =E11/$N11 -> 0.062721279 | F17: =F11/$N11 -> 0.064742628 | G17: =G11/$N11 -> 0.074314312 | H17: =H11/$N11 -> 0.055289848 | I17: =I11/$N11 -> 0.058856935 | ... M17: =M11/$N11 -> 0.1257764 | N17: =SUM(B17:M17) -> 1
A18: 중국 | B18: =B12/$N12 -> 0.14145338 | C18: =C12/$N12 -> 0.081366158 | D18: =D12/$N12 -> 0.045838769 | E18: =E12/$N12 -> 0.053337954 | F18: =F12/$N12 -> 0.070961039 | G18: =G12/$N12 -> 0.064680472 | H18: =H12/$N12 -> 0.05530649 | I18: =I12/$N12 -> 0.062805675 | ... M18: =M12/$N12 -> 0.13010842 | N18: =SUM(B18:M18) -> 1
A19: 대만 | B19: =B13/$N13 -> 0.13077983 | C19: =C13/$N13 -> 0.11187777 | D19: =D13/$N13 -> 0.060336888 | E19: =E13/$N13 -> 0.075608259 | F19: =F13/$N13 -> 0.0776669 | G19: =G13/$N13 -> 0.06213352 | H19: =H13/$N13 -> 0.050155974 | I19: =I13/$N13 -> 0.052776062 | ... M19: =M13/$N13 -> 0.10871905 | N19: =SUM(B19:M19) -> 1
A20: 3법인 합계 (홀세일 적용) | B20: =B14/$N14 -> 0.13670343 | C20: =C14/$N14 -> 0.10626339 | D20: =D14/$N14 -> 0.060603342 | E20: =E14/$N14 -> 0.067226356 | F20: =F14/$N14 -> 0.072336592 | G20: =G14/$N14 -> 0.066414621 | H20: =H14/$N14 -> 0.052762727 | I20: =I14/$N14 -> 0.056636913 | ... N20: =N14/$N14 -> 1
A22: ④ 2027 월별 비중 — [요약] 시트 ④에서 입력한 값이 연동됩니다 (초록 글씨). 합계 100% 유지
A23: 구분 | B23: 1월 | C23: 2월 | D23: 3월 | E23: 4월 | F23: 5월 | G23: 6월 | H23: 7월 | I23: 8월 | J23: 9월 | K23: 10월 | L23: 11월 | M23: 12월 | N23: 합계
A24: 홍콩 | B24: =요약!B30 -> 0.144 | C24: =요약!C30 -> 0.113 | D24: =요약!D30 -> 0.07 | E24: =요약!E30 -> 0.063 | F24: =요약!F30 -> 0.065 | G24: =요약!G30 -> 0.074 | H24: =요약!H30 -> 0.055 | I24: =요약!I30 -> 0.059 | ... M24: =요약!M30 -> 0.126 | N24: =SUM(B24:M24) -> 1
A25: 중국 | B25: =요약!B31 -> 0.142 | C25: =요약!C31 -> 0.081 | D25: =요약!D31 -> 0.046 | E25: =요약!E31 -> 0.053 | F25: =요약!F31 -> 0.071 | G25: =요약!G31 -> 0.065 | H25: =요약!H31 -> 0.055 | I25: =요약!I31 -> 0.063 | ... M25: =요약!M31 -> 0.13 | N25: =SUM(B25:M25) -> 1
A26: 대만 | B26: =요약!B32 -> 0.129 | C26: =요약!C32 -> 0.112 | D26: =요약!D32 -> 0.06 | E26: =요약!E32 -> 0.076 | F26: =요약!F32 -> 0.078 | G26: =요약!G32 -> 0.062 | H26: =요약!H32 -> 0.05 | I26: =요약!I32 -> 0.053 | ... M26: =요약!M32 -> 0.109 | N26: =SUM(B26:M26) -> 1
A27: 홀세일 (3법인 합계 비중 적용) | B27: =요약!B33 -> 0.137 | C27: =요약!C33 -> 0.106 | D27: =요약!D33 -> 0.061 | E27: =요약!E33 -> 0.067 | F27: =요약!F33 -> 0.072 | G27: =요약!G33 -> 0.066 | H27: =요약!H33 -> 0.053 | I27: =요약!I33 -> 0.057 | ... M27: =요약!M33 -> 0.118 | N27: =SUM(B27:M27) -> 1
A28: ※ 초기값 = 2026 월별 비중(③)을 0.1% 단위로 반올림한 값. 합계가 100%가 아니면 빨간색으로 표시되고 요약·사업계획 상단에 경고가 뜹니다.
A30: ⑤ 2026 실적 반영 경과율 — 가정!B34 실적 기준일까지 각 월이 경과한 비율 (1 = 해당 월 전체 경과)
A31: 구분 | B31: 1월 | C31: 2월 | D31: 3월 | E31: 4월 | F31: 5월 | G31: 6월 | H31: 7월 | I31: 8월 | J31: 9월 | K31: 10월 | L31: 11월 | M31: 12월
A32: 경과율 | B32: =IF(1<MONTH(가정!$B$34),1,IF(1=MONTH(가정!$B$34),DAY(가정!$B$34)/DAY(EOMONTH(DATE(YEAR(가정!$B$34),1,1),0)),0)) -> 1 | C32: =IF(2<MONTH(가정!$B$34),1,IF(2=MONTH(가정!$B$34),DAY(가정!$B$34)/DAY(EOMONTH(DATE(YEAR(가정!$B$34),2,1),0)),0)) -> 1 | D32: =IF(3<MONTH(가정!$B$34),1,IF(3=MONTH(가정!$B$34),DAY(가정!$B$34)/DAY(EOMONTH(DATE(YEAR(가정!$B$34),3,1),0)),0)) -> 1 | E32: =IF(4<MONTH(가정!$B$34),1,IF(4=MONTH(가정!$B$34),DAY(가정!$B$34)/DAY(EOMONTH(DATE(YEAR(가정!$B$34),4,1),0)),0)) -> 1 | F32: =IF(5<MONTH(가정!$B$34),1,IF(5=MONTH(가정!$B$34),DAY(가정!$B$34)/DAY(EOMONTH(DATE(YEAR(가정!$B$34),5,1),0)),0)) -> 1 | G32: =IF(6<MONTH(가정!$B$34),1,IF(6=MONTH(가정!$B$34),DAY(가정!$B$34)/DAY(EOMONTH(DATE(YEAR(가정!$B$34),6,1),0)),0)) -> 1 | H32: =IF(7<MONTH(가정!$B$34),1,IF(7=MONTH(가정!$B$34),DAY(가정!$B$34)/DAY(EOMONTH(DATE(YEAR(가정!$B$34),7,1),0)),0)) -> 1 | I32: =IF(8<MONTH(가정!$B$34),1,IF(8=MONTH(가정!$B$34),DAY(가정!$B$34)/DAY(EOMONTH(DATE(YEAR(가정!$B$34),8,1),0)),0)) -> 1 | J32: =IF(9<MONTH(가정!$B$34),1,IF(9=MONTH(가정!$B$34),DAY(가정!$B$34)/DAY(EOMONTH(DATE(YEAR(가정!$B$34),9,1),0)),0)) -> 1 | K32: =IF(10<MONTH(가정!$B$34),1,IF(10=MONTH(가정!$B$34),DAY(가정!$B$34)/DAY(EOMONTH(DATE(YEAR(가정!$B$34),10,1),0)),0)) -> 0.70967742 | L32: =IF(11<MONTH(가정!$B$34),1,IF(11=MONTH(가정!$B$34),DAY(가정!$B$34)/DAY(EOMONTH(DATE(YEAR(가정!$B$34),11,1),0)),0)) -> 0 | M32: =IF(12<MONTH(가정!$B$34),1,IF(12=MONTH(가정!$B$34),DAY(가정!$B$34)/DAY(EOMONTH(DATE(YEAR(가정!$B$34),12,1),0)),0)) -> 0

Sheet RAW_판매펀칭
A1: 구분 | B1: 매장코드 | C1: 매장명 | D1: 브랜드 | E1: 년도 | F1: 시즌 | G1: 품목 | H1: 라인 | I1: 스타일 | J1: 스타일명 | K1: 수량 | L1: TAG금액(KRW) | M1: 판매금액(KRW) | N1: TAG(보정) | O1: 보정내역 | Q1: 판매펀칭 리스트(1/1~기준일, 본사판매 = TNH → 법인/홀세일 공급). 소계행은 구분 열에서 "제외" 처리되므로 원본을 그대로 붙여넣어도 됩니다.
A2: =IF(OR(TRIM(C2)="",SUBSTITUTE(C2," ","")="소계"),"제외",IF(ISNUMBER(SEARCH("홍콩",C2)),"HK",IF(ISNUMBER(SEARCH("상해",C2)),"CN",IF(ISNUMBER(SEARCH("대만",C2)),"TW","홀세일")))) -> TW | B2: W9002 | C2: W대만 | D2: 내셔널지오그래픽 | E2: 2025 | F2: 봄 | G2: 의류 | H2: Urban | I2: N251UJP260 | J2: 아틀라스 윈드스토퍼 BY GORE-TEX LABS 2L 블록 자켓 | K2: 67 | L2: 20033000 | M2: 7088533 | N2: =IF(A2="제외",0,IF(OR(N(L2)<=0,N(M2)>N(L2)),N(M2)/가정!$B$4,N(L2))) -> 20033000 | O2: =IF(A2="제외","",IF(OR(N(L2)<=0,N(M2)>N(L2)),"택가보정(판매금액÷공급율)","")) | Q2: 택가 오류행(택가≤0 또는 판매금액>택가)은 TAG(보정) = 판매금액÷공급율(가정!B4)로 보정하고 O열에 표시합니다.
A3: =IF(OR(TRIM(C3)="",SUBSTITUTE(C3," ","")="소계"),"제외",IF(ISNUMBER(SEARCH("홍콩",C3)),"HK",IF(ISNUMBER(SEARCH("상해",C3)),"CN",IF(ISNUMBER(SEARCH("대만",C3)),"TW","홀세일")))) -> TW | B3: W9002 | C3: W대만 | D3: 내셔널지오그래픽 | E3: 2025 | F3: 봄 | G3: 의류 | H3: 온라인 | I3: N251UJP860 | J3: (온) 아틀라스 윈드스토퍼 BY GORE-TEX LABS 2L 블록 자켓 | K3: 20 | L3: 5980000 | M3: 2115980 | N3: =IF(A3="제외",0,IF(OR(N(L3)<=0,N(M3)>N(L3)),N(M3)/가정!$B$4,N(L3))) -> 5980000 | O3: =IF(A3="제외","",IF(OR(N(L3)<=0,N(M3)>N(L3)),"택가보정(판매금액÷공급율)",""))
A4: =IF(OR(TRIM(C4)="",SUBSTITUTE(C4," ","")="소계"),"제외",IF(ISNUMBER(SEARCH("홍콩",C4)),"HK",IF(ISNUMBER(SEARCH("상해",C4)),"CN",IF(ISNUMBER(SEARCH("대만",C4)),"TW","홀세일")))) -> TW | B4: W9002 | C4: W대만 | D4: 내셔널지오그래픽 | E4: 2026 | F4: 봄 | G4: 용품 | H4: Original | I4: N261ABG010 | J4: 파치백팩 | K4: 150 | L4: 25350000 | M4: 9736800 | N4: =IF(A4="제외",0,IF(OR(N(L4)<=0,N(M4)>N(L4)),N(M4)/가정!$B$4,N(L4))) -> 25350000 | O4: =IF(A4="제외","",IF(OR(N(L4)<=0,N(M4)>N(L4)),"택가보정(판매금액÷공급율)",""))
A5: =IF(OR(TRIM(C5)="",SUBSTITUTE(C5," ","")="소계"),"제외",IF(ISNUMBER(SEARCH("홍콩",C5)),"HK",IF(ISNUMBER(SEARCH("상해",C5)),"CN",IF(ISNUMBER(SEARCH("대만",C5)),"TW","홀세일")))) -> TW | B5: W9002 | C5: W대만 | D5: 내셔널지오그래픽 | E5: 2026 | F5: 봄 | G5: 용품 | H5: Original | I5: N261ABG020 | J5: 파치+백팩 | K5: 250 | L5: 44750000 | M5: 17203750 | N5: =IF(A5="제외",0,IF(OR(N(L5)<=0,N(M5)>N(L5)),N(M5)/가정!$B$4,N(L5))) -> 44750000 | O5: =IF(A5="제외","",IF(OR(N(L5)<=0,N(M5)>N(L5)),"택가보정(판매금액÷공급율)",""))
A6: =IF(OR(TRIM(C6)="",SUBSTITUTE(C6," ","")="소계"),"제외",IF(ISNUMBER(SEARCH("홍콩",C6)),"HK",IF(ISNUMBER(SEARCH("상해",C6)),"CN",IF(ISNUMBER(SEARCH("대만",C6)),"TW","홀세일")))) -> TW | B6: W9002 | C6: W대만 | D6: 내셔널지오그래픽 | E6: 2026 | F6: 봄 | G6: 용품 | H6: Original | I6: N261ABG030 | J6: 라코백팩 | K6: 130 | L6: 21970000 | M6: 8438560 | N6: =IF(A6="제외",0,IF(OR(N(L6)<=0,N(M6)>N(L6)),N(M6)/가정!$B$4,N(L6))) -> 21970000 | O6: =IF(A6="제외","",IF(OR(N(L6)<=0,N(M6)>N(L6)),"택가보정(판매금액÷공급율)",""))
A7: =IF(OR(TRIM(C7)="",SUBSTITUTE(C7," ","")="소계"),"제외",IF(ISNUMBER(SEARCH("홍콩",C7)),"HK",IF(ISNUMBER(SEARCH("상해",C7)),"CN",IF(ISNUMBER(SEARCH("대만",C7)),"TW","홀세일")))) -> TW | B7: W9002 | C7: W대만 | D7: 내셔널지오그래픽 | E7: 2026 | F7: 봄 | G7: 용품 | H7: Original | I7: N261ABG040 | J7: 버디백팩 | K7: 180 | L7: 26820000 | M7: 10305000 | N7: =IF(A7="제외",0,IF(OR(N(L7)<=0,N(M7)>N(L7)),N(M7)/가정!$B$4,N(L7))) -> 26820000 | O7: =IF(A7="제외","",IF(OR(N(L7)<=0,N(M7)>N(L7)),"택가보정(판매금액÷공급율)",""))
A8: =IF(OR(TRIM(C8)="",SUBSTITUTE(C8," ","")="소계"),"제외",IF(ISNUMBER(SEARCH("홍콩",C8)),"HK",IF(ISNUMBER(SEARCH("상해",C8)),"CN",IF(ISNUMBER(SEARCH("대만",C8)),"TW","홀세일")))) -> TW | B8: W9002 | C8: W대만 | D8: 내셔널지오그래픽 | E8: 2026 | F8: 봄 | G8: 용품 | H8: Original | I8: N261ABG050 | J8: 타이니백팩 | K8: 280 | L8: 41720000 | M8: 15693200 | N8: =IF(A8="제외",0,IF(OR(N(L8)<=0,N(M8)>N(L8)),N(M8)/가정!$B$4,N(L8))) -> 41720000 | O8: =IF(A8="제외","",IF(OR(N(L8)<=0,N(M8)>N(L8)),"택가보정(판매금액÷공급율)",""))
A9: =IF(OR(TRIM(C9)="",SUBSTITUTE(C9," ","")="소계"),"제외",IF(ISNUMBER(SEARCH("홍콩",C9)),"HK",IF(ISNUMBER(SEARCH("상해",C9)),"CN",IF(ISNUMBER(SEARCH("대만",C9)),"TW","홀세일")))) -> TW | B9: W9002 | C9: W대만 | D9: 내셔널지오그래픽 | E9: 2026 | F9: 봄 | G9: 용품 | H9: Original | I9: N261ABG060 | J9: 마일드백팩 | K9: 150 | L9: 25350000 | M9: 9736800 | N9: =IF(A9="제외",0,IF(OR(N(L9)<=0,N(M9)>N(L9)),N(M9)/가정!$B$4,N(L9))) -> 25350000 | O9: =IF(A9="제외","",IF(OR(N(L9)<=0,N(M9)>N(L9)),"택가보정(판매금액÷공급율)",""))
A10: =IF(OR(TRIM(C10)="",SUBSTITUTE(C10," ","")="소계"),"제외",IF(ISNUMBER(SEARCH("홍콩",C10)),"HK",IF(ISNUMBER(SEARCH("상해",C10)),"CN",IF(ISNUMBER(SEARCH("대만",C10)),"TW","홀세일")))) -> TW | B10: W9002 | C10: W대만 | D10: 내셔널지오그래픽 | E10: 2026 | F10: 봄 | G10: 용품 | H10: Original | I10: N261ABG070 | J10: 유니티백팩 | K10: 230 | L10: 38870000 | M10: 15003260 | N10: =IF(A10="제외",0,IF(OR(N(L10)<=0,N(M10)>N(L10)),N(M10)/가정!$B$4,N(L10))) -> 38870000 | O10: =IF(A10="제외","",IF(OR(N(L10)<=0,N(M10)>N(L10)),"택가보정(판매금액÷공급율)",""))
A11: =IF(OR(TRIM(C11)="",SUBSTITUTE(C11," ","")="소계"),"제외",IF(ISNUMBER(SEARCH("홍콩",C11)),"HK",IF(ISNUMBER(SEARCH("상해",C11)),"CN",IF(ISNUMBER(SEARCH("대만",C11)),"TW","홀세일")))) -> TW | B11: W9002 | C11: W대만 | D11: 내셔널지오그래픽 | E11: 2026 | F11: 봄 | G11: 용품 | H11: Original | I11: N261ABG080 | J11: 지오백팩 | K11: 80 | L11: 15120000 | M11: 5805920 | N11: =IF(A11="제외",0,IF(OR(N(L11)<=0,N(M11)>N(L11)),N(M11)/가정!$B$4,N(L11))) -> 15120000 | O11: =IF(A11="제외","",IF(OR(N(L11)<=0,N(M11)>N(L11)),"택가보정(판매금액÷공급율)",""))
A12: =IF(OR(TRIM(C12)="",SUBSTITUTE(C12," ","")="소계"),"제외",IF(ISNUMBER(SEARCH("홍콩",C12)),"HK",IF(ISNUMBER(SEARCH("상해",C12)),"CN",IF(ISNUMBER(SEARCH("대만",C12)),"TW","홀세일")))) -> TW | B12: W9002 | C12: W대만 | D12: 내셔널지오그래픽 | E12: 2026 | F12: 봄 | G12: 용품 | H12: Original | I12: N261ABG090 | J12: 브레이브백팩 | K12: 80 | L12: 14320000 | M12: 5505200 | N12: =IF(A12="제외",0,IF(OR(N(L12)<=0,N(M12)>N(L12)),N(M12)/가정!$B$4,N(L12))) -> 14320000 | O12: =IF(A12="제외","",IF(OR(N(L12)<=0,N(M12)>N(L12)),"택가보정(판매금액÷공급율)",""))
A13: =IF(OR(TRIM(C13)="",SUBSTITUTE(C13," ","")="소계"),"제외",IF(ISNUMBER(SEARCH("홍콩",C13)),"HK",IF(ISNUMBER(SEARCH("상해",C13)),"CN",IF(ISNUMBER(SEARCH("대만",C13)),"TW","홀세일")))) -> TW | B13: W9002 | C13: W대만 | D13: 내셔널지오그래픽 | E13: 2026 | F13: 봄 | G13: 용품 | H13: Original | I13: N261ABG100 | J13: 퓨전백팩 | K13: 80 | L13: 15120000 | M13: 5805920 | N13: =IF(A13="제외",0,IF(OR(N(L13)<=0,N(M13)>N(L13)),N(M13)/가정!$B$4,N(L13))) -> 15120000 | O13: =IF(A13="제외","",IF(OR(N(L13)<=0,N(M13)>N(L13)),"택가보정(판매금액÷공급율)",""))
A14: =IF(OR(TRIM(C14)="",SUBSTITUTE(C14," ","")="소계"),"제외",IF(ISNUMBER(SEARCH("홍콩",C14)),"HK",IF(ISNUMBER(SEARCH("상해",C14)),"CN",IF(ISNUMBER(SEARCH("대만",C14)),"TW","홀세일")))) -> TW | B14: W9002 | C14: W대만 | D14: 내셔널지오그래픽 | E14: 2026 | F14: 봄 | G14: 용품 | H14: 온라인 | I14: N261ABG520 | J14: (온)파치+백팩 | K14: 200 | L14: 35800000 | M14: 13711000 | N14: =IF(A14="제외",0,IF(OR(N(L14)<=0,N(M14)>N(L14)),N(M14)/가정!$B$4,N(L14))) -> 35800000 | O14: =IF(A14="제외","",IF(OR(N(L14)<=0,N(M14)>N(L14)),"택가보정(판매금액÷공급율)",""))
... A314: =IF(OR(TRIM(C314)="",SUBSTITUTE(C314," ","")="소계"),"제외",IF(ISNUMBER(SEARCH("홍콩",C314)),"HK",IF(ISNUMBER(SEARCH("상해",C314)),"CN",IF(ISNUMBER(SEARCH("대만",C314)),"TW","홀세일")))) -> TW | B314: W9002 | C314: W대만 | D314: 해외전용(NGA&MG) | E314: 2026 | F314: 4계절 | G314: 용품 | H314: Original | I314: O265ABG070 | J314: 시프트백팩_라이트 | K314: 200 | L314: 33800000 | M314: 13467400 | N314: =IF(A314="제외",0,IF(OR(N(L314)<=0,N(M314)>N(L314)),N(M314)/가정!$B$4,N(L314))) -> 33800000 | O314: =IF(A314="제외","",IF(OR(N(L314)<=0,N(M314)>N(L314)),"택가보정(판매금액÷공급율)",""))
A315: =IF(OR(TRIM(C315)="",SUBSTITUTE(C315," ","")="소계"),"제외",IF(ISNUMBER(SEARCH("홍콩",C315)),"HK",IF(ISNUMBER(SEARCH("상해",C315)),"CN",IF(ISNUMBER(SEARCH("대만",C315)),"TW","홀세일")))) -> 제외 | C315: 소 계 | K315: 104772 | L315: 13199098000 | M315: 4729436530 | N315: =IF(A315="제외",0,IF(OR(N(L315)<=0,N(M315)>N(L315)),N(M315)/가정!$B$4,N(L315))) -> 0 | O315: =IF(A315="제외","",IF(OR(N(L315)<=0,N(M315)>N(L315)),"택가보정(판매금액÷공급율)",""))
A316: =IF(OR(TRIM(C316)="",SUBSTITUTE(C316," ","")="소계"),"제외",IF(ISNUMBER(SEARCH("홍콩",C316)),"HK",IF(ISNUMBER(SEARCH("상해",C316)),"CN",IF(ISNUMBER(SEARCH("대만",C316)),"TW","홀세일")))) -> HK | B316: W9007 | C316: 홍콩법인 | D316: 내셔널지오그래픽 | E316: 2023 | F316: 4계절 | G316: 용품 | H316: 기타 | I316: N235APE498 | J316: (사)돗자리 | K316: 639 | L316: 639 | M316: 93933 | N316: =IF(A316="제외",0,IF(OR(N(L316)<=0,N(M316)>N(L316)),N(M316)/가정!$B$4,N(L316))) -> 284645.45 | O316: =IF(A316="제외","",IF(OR(N(L316)<=0,N(M316)>N(L316)),"택가보정(판매금액÷공급율)","")) -> 택가보정(판매금액÷공급율)
A317: =IF(OR(TRIM(C317)="",SUBSTITUTE(C317," ","")="소계"),"제외",IF(ISNUMBER(SEARCH("홍콩",C317)),"HK",IF(ISNUMBER(SEARCH("상해",C317)),"CN",IF(ISNUMBER(SEARCH("대만",C317)),"TW","홀세일")))) -> HK | B317: W9007 | C317: 홍콩법인 | D317: 내셔널지오그래픽 | E317: 2025 | F317: 4계절 | G317: 캐리어 | H317: 온라인 | I317: N255ASU450 | J317: (온) 부다페스트 캐리어 24 | K317: 180 | L317: 46620000 | M317: 23385780 | N317: =IF(A317="제외",0,IF(OR(N(L317)<=0,N(M317)>N(L317)),N(M317)/가정!$B$4,N(L317))) -> 46620000 | O317: =IF(A317="제외","",IF(OR(N(L317)<=0,N(M317)>N(L317)),"택가보정(판매금액÷공급율)",""))
A318: =IF(OR(TRIM(C318)="",SUBSTITUTE(C318," ","")="소계"),"제외",IF(ISNUMBER(SEARCH("홍콩",C318)),"HK",IF(ISNUMBER(SEARCH("상해",C318)),"CN",IF(ISNUMBER(SEARCH("대만",C318)),"TW","홀세일")))) -> HK | B318: W9007 | C318: 홍콩법인 | D318: 내셔널지오그래픽 | E318: 2025 | F318: 4계절 | G318: 기타 | H318: 홈쇼핑 | I318: N255APP510 | J318: (홈)풀데이 미니캐리어 V2 | K318: 250 | L318: 27250000 | M318: 6123750 | N318: =IF(A318="제외",0,IF(OR(N(L318)<=0,N(M318)>N(L318)),N(M318)/가정!$B$4,N(L318))) -> 27250000 | O318: =IF(A318="제외","",IF(OR(N(L318)<=0,N(M318)>N(L318)),"택가보정(판매금액÷공급율)",""))
A319: =IF(OR(TRIM(C319)="",SUBSTITUTE(C319," ","")="소계"),"제외",IF(ISNUMBER(SEARCH("홍콩",C319)),"HK",IF(ISNUMBER(SEARCH("상해",C319)),"CN",IF(ISNUMBER(SEARCH("대만",C319)),"TW","홀세일")))) -> HK | B319: W9007 | C319: 홍콩법인 | D319: 내셔널지오그래픽 | E319: 2025 | F319: 4계절 | G319: 신발 | H319: 온라인 | I319: N255USN312 | J319: (온) 스텀프 V3 | K319: 110 | L319: 11990000 | M319: 5092560 | N319: =IF(A319="제외",0,IF(OR(N(L319)<=0,N(M319)>N(L319)),N(M319)/가정!$B$4,N(L319))) -> 11990000 | O319: =IF(A319="제외","",IF(OR(N(L319)<=0,N(M319)>N(L319)),"택가보정(판매금액÷공급율)",""))
A320: =IF(OR(TRIM(C320)="",SUBSTITUTE(C320," ","")="소계"),"제외",IF(ISNUMBER(SEARCH("홍콩",C320)),"HK",IF(ISNUMBER(SEARCH("상해",C320)),"CN",IF(ISNUMBER(SEARCH("대만",C320)),"TW","홀세일")))) -> HK | B320: W9007 | C320: 홍콩법인 | D320: 내셔널지오그래픽 | E320: 2026 | F320: 봄 | G320: 의류 | H320: Original | I320: N261MPT510 | J320: NRN 유틸리티 베이직핏 조거 팬츠 | K320: 90 | L320: 12510000 | M320: 4539510 | N320: =IF(A320="제외",0,IF(OR(N(L320)<=0,N(M320)>N(L320)),N(M320)/가정!$B$4,N(L320))) -> 12510000 | O320: =IF(A320="제외","",IF(OR(N(L320)<=0,N(M320)>N(L320)),"택가보정(판매금액÷공급율)",""))
A321: =IF(OR(TRIM(C321)="",SUBSTITUTE(C321," ","")="소계"),"제외",IF(ISNUMBER(SEARCH("홍콩",C321)),"HK",IF(ISNUMBER(SEARCH("상해",C321)),"CN",IF(ISNUMBER(SEARCH("대만",C321)),"TW","홀세일")))) -> HK | B321: W9007 | C321: 홍콩법인 | D321: 내셔널지오그래픽 | E321: 2026 | F321: 봄 | G321: 의류 | H321: Urban | I321: N261MPT210 | J321: 아르마딜로 스트레치 베이직핏 스트레이트 팬츠 | K321: 110 | L321: 17490000 | M321: 6334130 | N321: =IF(A321="제외",0,IF(OR(N(L321)<=0,N(M321)>N(L321)),N(M321)/가정!$B$4,N(L321))) -> 17490000 | O321: =IF(A321="제외","",IF(OR(N(L321)<=0,N(M321)>N(L321)),"택가보정(판매금액÷공급율)",""))
A322: =IF(OR(TRIM(C322)="",SUBSTITUTE(C322," ","")="소계"),"제외",IF(ISNUMBER(SEARCH("홍콩",C322)),"HK",IF(ISNUMBER(SEARCH("상해",C322)),"CN",IF(ISNUMBER(SEARCH("대만",C322)),"TW","홀세일")))) -> HK | B322: W9007 | C322: 홍콩법인 | D322: 내셔널지오그래픽 | E322: 2026 | F322: 봄 | G322: 의류 | H322: Original | I322: N261MJP530 | J322: NRN 유틸리티 필드 자켓 | K322: 80 | L322: 22320000 | M322: 8576640 | N322: =IF(A322="제외",0,IF(OR(N(L322)<=0,N(M322)>N(L322)),N(M322)/가정!$B$4,N(L322))) -> 22320000 | O322: =IF(A322="제외","",IF(OR(N(L322)<=0,N(M322)>N(L322)),"택가보정(판매금액÷공급율)",""))
A323: =IF(OR(TRIM(C323)="",SUBSTITUTE(C323," ","")="소계"),"제외",IF(ISNUMBER(SEARCH("홍콩",C323)),"HK",IF(ISNUMBER(SEARCH("상해",C323)),"CN",IF(ISNUMBER(SEARCH("대만",C323)),"TW","홀세일")))) -> HK | B323: W9007 | C323: 홍콩법인 | D323: 내셔널지오그래픽 | E323: 2026 | F323: 봄 | G323: 의류 | H323: Urban | I323: N261MJP210 | J323: 어반시티 블루종 점퍼 | K323: 100 | L323: 21900000 | M323: 8433200 | N323: =IF(A323="제외",0,IF(OR(N(L323)<=0,N(M323)>N(L323)),N(M323)/가정!$B$4,N(L323))) -> 21900000 | O323: =IF(A323="제외","",IF(OR(N(L323)<=0,N(M323)>N(L323)),"택가보정(판매금액÷공급율)",""))
A324: =IF(OR(TRIM(C324)="",SUBSTITUTE(C324," ","")="소계"),"제외",IF(ISNUMBER(SEARCH("홍콩",C324)),"HK",IF(ISNUMBER(SEARCH("상해",C324)),"CN",IF(ISNUMBER(SEARCH("대만",C324)),"TW","홀세일")))) -> HK | B324: W9007 | C324: 홍콩법인 | D324: 내셔널지오그래픽 | E324: 2026 | F324: 봄 | G324: 의류 | H324: Urban | I324: N261MJP270 | J324: 3L 방수 후드형 자켓 | K324: 220 | L324: 56980000 | M324: 21847320 | N324: =IF(A324="제외",0,IF(OR(N(L324)<=0,N(M324)>N(L324)),N(M324)/가정!$B$4,N(L324))) -> 56980000 | O324: =IF(A324="제외","",IF(OR(N(L324)<=0,N(M324)>N(L324)),"택가보정(판매금액÷공급율)",""))
A325: =IF(OR(TRIM(C325)="",SUBSTITUTE(C325," ","")="소계"),"제외",IF(ISNUMBER(SEARCH("홍콩",C325)),"HK",IF(ISNUMBER(SEARCH("상해",C325)),"CN",IF(ISNUMBER(SEARCH("대만",C325)),"TW","홀세일")))) -> HK | B325: W9007 | C325: 홍콩법인 | D325: 내셔널지오그래픽 | E325: 2026 | F325: 봄 | G325: 의류 | H325: Original | I325: N261MFT510 | J325: NRN 유틸리티 세미오버핏 후드 풀집업 | K325: 70 | L325: 13930000 | M325: 5052600 | N325: =IF(A325="제외",0,IF(OR(N(L325)<=0,N(M325)>N(L325)),N(M325)/가정!$B$4,N(L325))) -> 13930000 | O325: =IF(A325="제외","",IF(OR(N(L325)<=0,N(M325)>N(L325)),"택가보정(판매금액÷공급율)",""))
A326: =IF(OR(TRIM(C326)="",SUBSTITUTE(C326," ","")="소계"),"제외",IF(ISNUMBER(SEARCH("홍콩",C326)),"HK",IF(ISNUMBER(SEARCH("상해",C326)),"CN",IF(ISNUMBER(SEARCH("대만",C326)),"TW","홀세일")))) -> HK | B326: W9007 | C326: 홍콩법인 | D326: 내셔널지오그래픽 | E326: 2026 | F326: 봄 | G326: 의류 | H326: Original | I326: N261UPT050 | J326: 마게이 베이직핏 조거 카고 팬츠 | K326: 210 | L326: 27090000 | M326: 9831360 | N326: =IF(A326="제외",0,IF(OR(N(L326)<=0,N(M326)>N(L326)),N(M326)/가정!$B$4,N(L326))) -> 27090000 | O326: =IF(A326="제외","",IF(OR(N(L326)<=0,N(M326)>N(L326)),"택가보정(판매금액÷공급율)",""))
A327: =IF(OR(TRIM(C327)="",SUBSTITUTE(C327," ","")="소계"),"제외",IF(ISNUMBER(SEARCH("홍콩",C327)),"HK",IF(ISNUMBER(SEARCH("상해",C327)),"CN",IF(ISNUMBER(SEARCH("대만",C327)),"TW","홀세일")))) -> HK | B327: W9007 | C327: 홍콩법인 | D327: 내셔널지오그래픽 | E327: 2026 | F327: 봄 | G327: 의류 | H327: Original | I327: N261UPT091 | J327: 리오 스트레치 베이직핏 조거 카고 팬츠 | K327: 300 | L327: 44700000 | M327: 16189800 | N327: =IF(A327="제외",0,IF(OR(N(L327)<=0,N(M327)>N(L327)),N(M327)/가정!$B$4,N(L327))) -> 44700000 | O327: =IF(A327="제외","",IF(OR(N(L327)<=0,N(M327)>N(L327)),"택가보정(판매금액÷공급율)",""))
... A622: =IF(OR(TRIM(C622)="",SUBSTITUTE(C622," ","")="소계"),"제외",IF(ISNUMBER(SEARCH("홍콩",C622)),"HK",IF(ISNUMBER(SEARCH("상해",C622)),"CN",IF(ISNUMBER(SEARCH("대만",C622)),"TW","홀세일")))) -> HK | B622: W9007 | C622: 홍콩법인 | D622: 해외전용(NGA&MG) | E622: 2026 | F622: 겨울 | G622: 의류 | H622: WOMEN | I622: O264WKT010 | J622: W' 스웨터 니트 가디건 | K622: 200 | L622: 31800000 | M622: 10296200 | N622: =IF(A622="제외",0,IF(OR(N(L622)<=0,N(M622)>N(L622)),N(M622)/가정!$B$4,N(L622))) -> 31800000 | O622: =IF(A622="제외","",IF(OR(N(L622)<=0,N(M622)>N(L622)),"택가보정(판매금액÷공급율)",""))
A623: =IF(OR(TRIM(C623)="",SUBSTITUTE(C623," ","")="소계"),"제외",IF(ISNUMBER(SEARCH("홍콩",C623)),"HK",IF(ISNUMBER(SEARCH("상해",C623)),"CN",IF(ISNUMBER(SEARCH("대만",C623)),"TW","홀세일")))) -> 제외 | C623: 소 계 | K623: 82933 | L623: 10327947639 | M623: 3688967198 | N623: =IF(A623="제외",0,IF(OR(N(L623)<=0,N(M623)>N(L623)),N(M623)/가정!$B$4,N(L623))) -> 0 | O623: =IF(A623="제외","",IF(OR(N(L623)<=0,N(M623)>N(L623)),"택가보정(판매금액÷공급율)",""))
A624: =IF(OR(TRIM(C624)="",SUBSTITUTE(C624," ","")="소계"),"제외",IF(ISNUMBER(SEARCH("홍콩",C624)),"HK",IF(ISNUMBER(SEARCH("상해",C624)),"CN",IF(ISNUMBER(SEARCH("대만",C624)),"TW","홀세일")))) -> CN | B624: WW002 | C624: 상해법인(덕나이철) | D624: 내셔널지오그래픽 | E624: 2025 | F624: 4계절 | G624: 캐리어 | H624: Original | I624: N255ASU050 | J624: 하바나 캐리어 20 | K624: 50 | L624: 10950000 | M624: 2449900 | N624: =IF(A624="제외",0,IF(OR(N(L624)<=0,N(M624)>N(L624)),N(M624)/가정!$B$4,N(L624))) -> 10950000 | O624: =IF(A624="제외","",IF(OR(N(L624)<=0,N(M624)>N(L624)),"택가보정(판매금액÷공급율)",""))
A625: =IF(OR(TRIM(C625)="",SUBSTITUTE(C625," ","")="소계"),"제외",IF(ISNUMBER(SEARCH("홍콩",C625)),"HK",IF(ISNUMBER(SEARCH("상해",C625)),"CN",IF(ISNUMBER(SEARCH("대만",C625)),"TW","홀세일")))) -> CN | B625: WW002 | C625: 상해법인(덕나이철) | D625: 내셔널지오그래픽 | E625: 2025 | F625: 4계절 | G625: 캐리어 | H625: 홈쇼핑 | I625: N255ASU930 | J625: (홈) 페이지 캐리어 SET | K625: 30 | L625: 10440000 | M625: 4182690 | N625: =IF(A625="제외",0,IF(OR(N(L625)<=0,N(M625)>N(L625)),N(M625)/가정!$B$4,N(L625))) -> 10440000 | O625: =IF(A625="제외","",IF(OR(N(L625)<=0,N(M625)>N(L625)),"택가보정(판매금액÷공급율)",""))
A626: =IF(OR(TRIM(C626)="",SUBSTITUTE(C626," ","")="소계"),"제외",IF(ISNUMBER(SEARCH("홍콩",C626)),"HK",IF(ISNUMBER(SEARCH("상해",C626)),"CN",IF(ISNUMBER(SEARCH("대만",C626)),"TW","홀세일")))) -> CN | B626: WW002 | C626: 상해법인(덕나이철) | D626: 내셔널지오그래픽 | E626: 2025 | F626: 4계절 | G626: 캐리어 | H626: 온라인 | I626: N255ASU440 | J626: (온) 부다페스트 캐리어 20 | K626: 25 | L626: 5725000 | M626: 1599875 | N626: =IF(A626="제외",0,IF(OR(N(L626)<=0,N(M626)>N(L626)),N(M626)/가정!$B$4,N(L626))) -> 5725000 | O626: =IF(A626="제외","",IF(OR(N(L626)<=0,N(M626)>N(L626)),"택가보정(판매금액÷공급율)",""))
A627: =IF(OR(TRIM(C627)="",SUBSTITUTE(C627," ","")="소계"),"제외",IF(ISNUMBER(SEARCH("홍콩",C627)),"HK",IF(ISNUMBER(SEARCH("상해",C627)),"CN",IF(ISNUMBER(SEARCH("대만",C627)),"TW","홀세일")))) -> CN | B627: WW002 | C627: 상해법인(덕나이철) | D627: 내셔널지오그래픽 | E627: 2025 | F627: 4계절 | G627: 캐리어 | H627: 온라인 | I627: N255ASU460 | J627: (온) 부다페스트 캐리어 28 | K627: 25 | L627: 7725000 | M627: 2223500 | N627: =IF(A627="제외",0,IF(OR(N(L627)<=0,N(M627)>N(L627)),N(M627)/가정!$B$4,N(L627))) -> 7725000 | O627: =IF(A627="제외","",IF(OR(N(L627)<=0,N(M627)>N(L627)),"택가보정(판매금액÷공급율)",""))
A628: =IF(OR(TRIM(C628)="",SUBSTITUTE(C628," ","")="소계"),"제외",IF(ISNUMBER(SEARCH("홍콩",C628)),"HK",IF(ISNUMBER(SEARCH("상해",C628)),"CN",IF(ISNUMBER(SEARCH("대만",C628)),"TW","홀세일")))) -> CN | B628: WW002 | C628: 상해법인(덕나이철) | D628: 내셔널지오그래픽 | E628: 2026 | F628: 봄 | G628: 용품 | H628: Original | I628: N261ABG090 | J628: 브레이브백팩 | K628: 280 | L628: 50120000 | M628: 14770280 | N628: =IF(A628="제외",0,IF(OR(N(L628)<=0,N(M628)>N(L628)),N(M628)/가정!$B$4,N(L628))) -> 50120000 | O628: =IF(A628="제외","",IF(OR(N(L628)<=0,N(M628)>N(L628)),"택가보정(판매금액÷공급율)",""))
A629: =IF(OR(TRIM(C629)="",SUBSTITUTE(C629," ","")="소계"),"제외",IF(ISNUMBER(SEARCH("홍콩",C629)),"HK",IF(ISNUMBER(SEARCH("상해",C629)),"CN",IF(ISNUMBER(SEARCH("대만",C629)),"TW","홀세일")))) -> CN | B629: WW002 | C629: 상해법인(덕나이철) | D629: 내셔널지오그래픽 | E629: 2026 | F629: 봄 | G629: 의류 | H629: Original | I629: N261MHD500 | J629: NRN 하이브리드 세미오버핏 후디 | K629: 2 | L629: 318000 | M629: 101018 | N629: =IF(A629="제외",0,IF(OR(N(L629)<=0,N(M629)>N(L629)),N(M629)/가정!$B$4,N(L629))) -> 318000 | O629: =IF(A629="제외","",IF(OR(N(L629)<=0,N(M629)>N(L629)),"택가보정(판매금액÷공급율)",""))
A630: =IF(OR(TRIM(C630)="",SUBSTITUTE(C630," ","")="소계"),"제외",IF(ISNUMBER(SEARCH("홍콩",C630)),"HK",IF(ISNUMBER(SEARCH("상해",C630)),"CN",IF(ISNUMBER(SEARCH("대만",C630)),"TW","홀세일")))) -> CN | B630: WW002 | C630: 상해법인(덕나이철) | D630: 내셔널지오그래픽 | E630: 2026 | F630: 봄 | G630: 의류 | H630: Original | I630: N261MSW500 | J630: NRN 하이브리드 세미오버핏 포켓 맨투맨 | K630: 4 | L630: 476000 | M630: 137176 | N630: =IF(A630="제외",0,IF(OR(N(L630)<=0,N(M630)>N(L630)),N(M630)/가정!$B$4,N(L630))) -> 476000 | O630: =IF(A630="제외","",IF(OR(N(L630)<=0,N(M630)>N(L630)),"택가보정(판매금액÷공급율)",""))
A631: =IF(OR(TRIM(C631)="",SUBSTITUTE(C631," ","")="소계"),"제외",IF(ISNUMBER(SEARCH("홍콩",C631)),"HK",IF(ISNUMBER(SEARCH("상해",C631)),"CN",IF(ISNUMBER(SEARCH("대만",C631)),"TW","홀세일")))) -> CN | B631: WW002 | C631: 상해법인(덕나이철) | D631: 내셔널지오그래픽 | E631: 2026 | F631: 봄 | G631: 의류 | H631: Original | I631: N261MSW510 | J631: NRN 유틸리티 포켓 세미오버핏 맨투맨 | K631: 100 | L631: 12900000 | M631: 3985800 | N631: =IF(A631="제외",0,IF(OR(N(L631)<=0,N(M631)>N(L631)),N(M631)/가정!$B$4,N(L631))) -> 12900000 | O631: =IF(A631="제외","",IF(OR(N(L631)<=0,N(M631)>N(L631)),"택가보정(판매금액÷공급율)",""))
A632: =IF(OR(TRIM(C632)="",SUBSTITUTE(C632," ","")="소계"),"제외",IF(ISNUMBER(SEARCH("홍콩",C632)),"HK",IF(ISNUMBER(SEARCH("상해",C632)),"CN",IF(ISNUMBER(SEARCH("대만",C632)),"TW","홀세일")))) -> CN | B632: WW002 | C632: 상해법인(덕나이철) | D632: 내셔널지오그래픽 | E632: 2026 | F632: 봄 | G632: 의류 | H632: Urban | I632: N261MTS210 | J632: 와플 긴팔 티셔츠 | K632: 306 | L632: 24174000 | M632: 4515521 | N632: =IF(A632="제외",0,IF(OR(N(L632)<=0,N(M632)>N(L632)),N(M632)/가정!$B$4,N(L632))) -> 24174000 | O632: =IF(A632="제외","",IF(OR(N(L632)<=0,N(M632)>N(L632)),"택가보정(판매금액÷공급율)",""))
A633: =IF(OR(TRIM(C633)="",SUBSTITUTE(C633," ","")="소계"),"제외",IF(ISNUMBER(SEARCH("홍콩",C633)),"HK",IF(ISNUMBER(SEARCH("상해",C633)),"CN",IF(ISNUMBER(SEARCH("대만",C633)),"TW","홀세일")))) -> CN | B633: WW002 | C633: 상해법인(덕나이철) | D633: 내셔널지오그래픽 | E633: 2026 | F633: 봄 | G633: 의류 | H633: Original | I633: N261UJP060 | J633: 오르카 타슬란 후드 아웃포켓 점퍼 | K633: 260 | L633: 51740000 | M633: 11635000 | N633: =IF(A633="제외",0,IF(OR(N(L633)<=0,N(M633)>N(L633)),N(M633)/가정!$B$4,N(L633))) -> 51740000 | O633: =IF(A633="제외","",IF(OR(N(L633)<=0,N(M633)>N(L633)),"택가보정(판매금액÷공급율)",""))
A634: =IF(OR(TRIM(C634)="",SUBSTITUTE(C634," ","")="소계"),"제외",IF(ISNUMBER(SEARCH("홍콩",C634)),"HK",IF(ISNUMBER(SEARCH("상해",C634)),"CN",IF(ISNUMBER(SEARCH("대만",C634)),"TW","홀세일")))) -> CN | B634: WW002 | C634: 상해법인(덕나이철) | D634: 내셔널지오그래픽 | E634: 2026 | F634: 봄 | G634: 의류 | H634: Original | I634: N261UTS030 | J634: 스트라이프 긴팔 티셔츠 | K634: 80 | L634: 6320000 | M634: 1474320 | N634: =IF(A634="제외",0,IF(OR(N(L634)<=0,N(M634)>N(L634)),N(M634)/가정!$B$4,N(L634))) -> 6320000 | O634: =IF(A634="제외","",IF(OR(N(L634)<=0,N(M634)>N(L634)),"택가보정(판매금액÷공급율)",""))
A635: =IF(OR(TRIM(C635)="",SUBSTITUTE(C635," ","")="소계"),"제외",IF(ISNUMBER(SEARCH("홍콩",C635)),"HK",IF(ISNUMBER(SEARCH("상해",C635)),"CN",IF(ISNUMBER(SEARCH("대만",C635)),"TW","홀세일")))) -> CN | B635: WW002 | C635: 상해법인(덕나이철) | D635: 내셔널지오그래픽 | E635: 2026 | F635: 봄 | G635: 의류 | H635: WOMEN | I635: N261WSK100 | J635: W' 코튼 A라인 플리츠 스커트 | K635: 130 | L635: 20670000 | M635: 5531370 | N635: =IF(A635="제외",0,IF(OR(N(L635)<=0,N(M635)>N(L635)),N(M635)/가정!$B$4,N(L635))) -> 20670000 | O635: =IF(A635="제외","",IF(OR(N(L635)<=0,N(M635)>N(L635)),"택가보정(판매금액÷공급율)",""))
... A865: =IF(OR(TRIM(C865)="",SUBSTITUTE(C865," ","")="소계"),"제외",IF(ISNUMBER(SEARCH("홍콩",C865)),"HK",IF(ISNUMBER(SEARCH("상해",C865)),"CN",IF(ISNUMBER(SEARCH("대만",C865)),"TW","홀세일")))) -> CN | B865: WW002 | C865: 상해법인(덕나이철) | D865: 해외전용(NGA&MG) | E865: 2026 | F865: 4계절 | G865: 의류 | H865: WOMEN | I865: O265WTS010 | J865: W' 네오디 스몰로고 반팔 티셔츠 | K865: 697 | L865: 34153000 | M865: 10056435 | N865: =IF(A865="제외",0,IF(OR(N(L865)<=0,N(M865)>N(L865)),N(M865)/가정!$B$4,N(L865))) -> 34153000 | O865: =IF(A865="제외","",IF(OR(N(L865)<=0,N(M865)>N(L865)),"택가보정(판매금액÷공급율)",""))
A866: =IF(OR(TRIM(C866)="",SUBSTITUTE(C866," ","")="소계"),"제외",IF(ISNUMBER(SEARCH("홍콩",C866)),"HK",IF(ISNUMBER(SEARCH("상해",C866)),"CN",IF(ISNUMBER(SEARCH("대만",C866)),"TW","홀세일")))) -> 제외 | C866: 소 계 | K866: 79103 | L866: 12307600000 | M866: 3611269645 | N866: =IF(A866="제외",0,IF(OR(N(L866)<=0,N(M866)>N(L866)),N(M866)/가정!$B$4,N(L866))) -> 0 | O866: =IF(A866="제외","",IF(OR(N(L866)<=0,N(M866)>N(L866)),"택가보정(판매금액÷공급율)",""))
A867: =IF(OR(TRIM(C867)="",SUBSTITUTE(C867," ","")="소계"),"제외",IF(ISNUMBER(SEARCH("홍콩",C867)),"HK",IF(ISNUMBER(SEARCH("상해",C867)),"CN",IF(ISNUMBER(SEARCH("대만",C867)),"TW","홀세일")))) -> 홀세일 | B867: WW003 | C867: W태국 | D867: 내셔널지오그래픽 | E867: 2024 | F867: 여름 | G867: 용품 | H867: Original | I867: N242ACR010 | J867: 비치크로스백 | K867: 105 | L867: 4095000 | M867: 1332870 | N867: =IF(A867="제외",0,IF(OR(N(L867)<=0,N(M867)>N(L867)),N(M867)/가정!$B$4,N(L867))) -> 4095000 | O867: =IF(A867="제외","",IF(OR(N(L867)<=0,N(M867)>N(L867)),"택가보정(판매금액÷공급율)",""))
A868: =IF(OR(TRIM(C868)="",SUBSTITUTE(C868," ","")="소계"),"제외",IF(ISNUMBER(SEARCH("홍콩",C868)),"HK",IF(ISNUMBER(SEARCH("상해",C868)),"CN",IF(ISNUMBER(SEARCH("대만",C868)),"TW","홀세일")))) -> 홀세일 | B868: WW003 | C868: W태국 | D868: 내셔널지오그래픽 | E868: 2024 | F868: 여름 | G868: 용품 | H868: Original | I868: N242AHA030 | J868: 메쉬서핑캡 | K868: 48 | L868: 2832000 | M868: 921072 | N868: =IF(A868="제외",0,IF(OR(N(L868)<=0,N(M868)>N(L868)),N(M868)/가정!$B$4,N(L868))) -> 2832000 | O868: =IF(A868="제외","",IF(OR(N(L868)<=0,N(M868)>N(L868)),"택가보정(판매금액÷공급율)",""))
A869: =IF(OR(TRIM(C869)="",SUBSTITUTE(C869," ","")="소계"),"제외",IF(ISNUMBER(SEARCH("홍콩",C869)),"HK",IF(ISNUMBER(SEARCH("상해",C869)),"CN",IF(ISNUMBER(SEARCH("대만",C869)),"TW","홀세일")))) -> 홀세일 | B869: WW003 | C869: W태국 | D869: 내셔널지오그래픽 | E869: 2025 | F869: 봄 | G869: 용품 | H869: 온라인 | I869: N251ABG550 | J869: (온)로디백팩 | K869: 100 | L869: 16900000 | M869: 6111100 | N869: =IF(A869="제외",0,IF(OR(N(L869)<=0,N(M869)>N(L869)),N(M869)/가정!$B$4,N(L869))) -> 16900000 | O869: =IF(A869="제외","",IF(OR(N(L869)<=0,N(M869)>N(L869)),"택가보정(판매금액÷공급율)",""))
A870: =IF(OR(TRIM(C870)="",SUBSTITUTE(C870," ","")="소계"),"제외",IF(ISNUMBER(SEARCH("홍콩",C870)),"HK",IF(ISNUMBER(SEARCH("상해",C870)),"CN",IF(ISNUMBER(SEARCH("대만",C870)),"TW","홀세일")))) -> 홀세일 | B870: WW003 | C870: W태국 | D870: 내셔널지오그래픽 | E870: 2025 | F870: 여름 | G870: 의류 | H870: Original | I870: N252MVT100 | J870: NRN 하이브리드 후드 베스트 | K870: 8 | L870: 1592000 | M870: 575088 | N870: =IF(A870="제외",0,IF(OR(N(L870)<=0,N(M870)>N(L870)),N(M870)/가정!$B$4,N(L870))) -> 1592000 | O870: =IF(A870="제외","",IF(OR(N(L870)<=0,N(M870)>N(L870)),"택가보정(판매금액÷공급율)",""))
A871: =IF(OR(TRIM(C871)="",SUBSTITUTE(C871," ","")="소계"),"제외",IF(ISNUMBER(SEARCH("홍콩",C871)),"HK",IF(ISNUMBER(SEARCH("상해",C871)),"CN",IF(ISNUMBER(SEARCH("대만",C871)),"TW","홀세일")))) -> 홀세일 | B871: WW003 | C871: W태국 | D871: 내셔널지오그래픽 | E871: 2025 | F871: 여름 | G871: 의류 | H871: Urban | I871: N252UJP220 | J871: 유로파 경량 3L 후드 점퍼 | K871: 7 | L871: 1673000 | M871: 603428 | N871: =IF(A871="제외",0,IF(OR(N(L871)<=0,N(M871)>N(L871)),N(M871)/가정!$B$4,N(L871))) -> 1673000 | O871: =IF(A871="제외","",IF(OR(N(L871)<=0,N(M871)>N(L871)),"택가보정(판매금액÷공급율)",""))
A872: =IF(OR(TRIM(C872)="",SUBSTITUTE(C872," ","")="소계"),"제외",IF(ISNUMBER(SEARCH("홍콩",C872)),"HK",IF(ISNUMBER(SEARCH("상해",C872)),"CN",IF(ISNUMBER(SEARCH("대만",C872)),"TW","홀세일")))) -> 홀세일 | B872: WW003 | C872: W태국 | D872: 내셔널지오그래픽 | E872: 2025 | F872: 여름 | G872: 의류 | H872: Urban | I872: N252USH490 | J872: 크링클 세미오버핏 반팔 셔츠 | K872: 65 | L872: 8385000 | M872: 2859220 | N872: =IF(A872="제외",0,IF(OR(N(L872)<=0,N(M872)>N(L872)),N(M872)/가정!$B$4,N(L872))) -> 8385000 | O872: =IF(A872="제외","",IF(OR(N(L872)<=0,N(M872)>N(L872)),"택가보정(판매금액÷공급율)",""))
A873: =IF(OR(TRIM(C873)="",SUBSTITUTE(C873," ","")="소계"),"제외",IF(ISNUMBER(SEARCH("홍콩",C873)),"HK",IF(ISNUMBER(SEARCH("상해",C873)),"CN",IF(ISNUMBER(SEARCH("대만",C873)),"TW","홀세일")))) -> 홀세일 | B873: WW003 | C873: W태국 | D873: 내셔널지오그래픽 | E873: 2025 | F873: 여름 | G873: 의류 | H873: Original | I873: N252UTS080 | J873: 리젠아스킨 트래블1 그래픽 세미오버핏 반팔 티셔츠 | K873: 175 | L873: 12075000 | M873: 4133150 | N873: =IF(A873="제외",0,IF(OR(N(L873)<=0,N(M873)>N(L873)),N(M873)/가정!$B$4,N(L873))) -> 12075000 | O873: =IF(A873="제외","",IF(OR(N(L873)<=0,N(M873)>N(L873)),"택가보정(판매금액÷공급율)",""))
A874: =IF(OR(TRIM(C874)="",SUBSTITUTE(C874," ","")="소계"),"제외",IF(ISNUMBER(SEARCH("홍콩",C874)),"HK",IF(ISNUMBER(SEARCH("상해",C874)),"CN",IF(ISNUMBER(SEARCH("대만",C874)),"TW","홀세일")))) -> 홀세일 | B874: WW003 | C874: W태국 | D874: 내셔널지오그래픽 | E874: 2025 | F874: 여름 | G874: 의류 | H874: Original | I874: N252UTS091 | J874: 크로우 소로나 쿨 바르셀로나 세미오버핏 반팔 티셔츠 | K874: 195 | L874: 13455000 | M874: 4605510 | N874: =IF(A874="제외",0,IF(OR(N(L874)<=0,N(M874)>N(L874)),N(M874)/가정!$B$4,N(L874))) -> 13455000 | O874: =IF(A874="제외","",IF(OR(N(L874)<=0,N(M874)>N(L874)),"택가보정(판매금액÷공급율)",""))
A875: =IF(OR(TRIM(C875)="",SUBSTITUTE(C875," ","")="소계"),"제외",IF(ISNUMBER(SEARCH("홍콩",C875)),"HK",IF(ISNUMBER(SEARCH("상해",C875)),"CN",IF(ISNUMBER(SEARCH("대만",C875)),"TW","홀세일")))) -> 홀세일 | B875: WW003 | C875: W태국 | D875: 내셔널지오그래픽 | E875: 2026 | F875: 봄 | G875: 의류 | H875: Original | I875: N261MPT520 | J875: NRN 유틸리티 필드 어드벤처 베이직핏 팬츠 | K875: 25 | L875: 4475000 | M875: 1644600 | N875: =IF(A875="제외",0,IF(OR(N(L875)<=0,N(M875)>N(L875)),N(M875)/가정!$B$4,N(L875))) -> 4475000 | O875: =IF(A875="제외","",IF(OR(N(L875)<=0,N(M875)>N(L875)),"택가보정(판매금액÷공급율)",""))
A876: =IF(OR(TRIM(C876)="",SUBSTITUTE(C876," ","")="소계"),"제외",IF(ISNUMBER(SEARCH("홍콩",C876)),"HK",IF(ISNUMBER(SEARCH("상해",C876)),"CN",IF(ISNUMBER(SEARCH("대만",C876)),"TW","홀세일")))) -> 홀세일 | B876: WW003 | C876: W태국 | D876: 내셔널지오그래픽 | E876: 2026 | F876: 봄 | G876: 의류 | H876: Original | I876: N261MJP500 | J876: NRN 윈드스토퍼 BY GORE-TEX LABS 아라미드 유틸리티 2L 자켓 | K876: 25 | L876: 14750000 | M876: 5748775 | N876: =IF(A876="제외",0,IF(OR(N(L876)<=0,N(M876)>N(L876)),N(M876)/가정!$B$4,N(L876))) -> 14750000 | O876: =IF(A876="제외","",IF(OR(N(L876)<=0,N(M876)>N(L876)),"택가보정(판매금액÷공급율)",""))
A877: =IF(OR(TRIM(C877)="",SUBSTITUTE(C877," ","")="소계"),"제외",IF(ISNUMBER(SEARCH("홍콩",C877)),"HK",IF(ISNUMBER(SEARCH("상해",C877)),"CN",IF(ISNUMBER(SEARCH("대만",C877)),"TW","홀세일")))) -> 홀세일 | B877: WW003 | C877: W태국 | D877: 내셔널지오그래픽 | E877: 2026 | F877: 봄 | G877: 의류 | H877: Original | I877: N261MJP520 | J877: NRN 유틸리티 점퍼 | K877: 35 | L877: 10465000 | M877: 4080685 | N877: =IF(A877="제외",0,IF(OR(N(L877)<=0,N(M877)>N(L877)),N(M877)/가정!$B$4,N(L877))) -> 10465000 | O877: =IF(A877="제외","",IF(OR(N(L877)<=0,N(M877)>N(L877)),"택가보정(판매금액÷공급율)",""))
A878: =IF(OR(TRIM(C878)="",SUBSTITUTE(C878," ","")="소계"),"제외",IF(ISNUMBER(SEARCH("홍콩",C878)),"HK",IF(ISNUMBER(SEARCH("상해",C878)),"CN",IF(ISNUMBER(SEARCH("대만",C878)),"TW","홀세일")))) -> 홀세일 | B878: WW003 | C878: W태국 | D878: 내셔널지오그래픽 | E878: 2026 | F878: 봄 | G878: 의류 | H878: Original | I878: N261MJP530 | J878: NRN 유틸리티 필드 자켓 | K878: 25 | L878: 6975000 | M878: 2720200 | N878: =IF(A878="제외",0,IF(OR(N(L878)<=0,N(M878)>N(L878)),N(M878)/가정!$B$4,N(L878))) -> 6975000 | O878: =IF(A878="제외","",IF(OR(N(L878)<=0,N(M878)>N(L878)),"택가보정(판매금액÷공급율)",""))
... A890: =IF(OR(TRIM(C890)="",SUBSTITUTE(C890," ","")="소계"),"제외",IF(ISNUMBER(SEARCH("홍콩",C890)),"HK",IF(ISNUMBER(SEARCH("상해",C890)),"CN",IF(ISNUMBER(SEARCH("대만",C890)),"TW","홀세일")))) -> 홀세일 | B890: WW003 | C890: W태국 | D890: 내셔널지오그래픽 | E890: 2026 | F890: 여름 | G890: 의류 | H890: WOMEN | I890: N262WPT140 | J890: W' 아델리 냉감 스트레치 베이직핏 조거 카고 팬츠 | K890: 40 | L890: 5560000 | M890: 2059880 | N890: =IF(A890="제외",0,IF(OR(N(L890)<=0,N(M890)>N(L890)),N(M890)/가정!$B$4,N(L890))) -> 5560000 | O890: =IF(A890="제외","",IF(OR(N(L890)<=0,N(M890)>N(L890)),"택가보정(판매금액÷공급율)",""))
A891: =IF(OR(TRIM(C891)="",SUBSTITUTE(C891," ","")="소계"),"제외",IF(ISNUMBER(SEARCH("홍콩",C891)),"HK",IF(ISNUMBER(SEARCH("상해",C891)),"CN",IF(ISNUMBER(SEARCH("대만",C891)),"TW","홀세일")))) -> 제외 | C891: 소 계 | K891: 1358 | L891: 150677000 | M891: 55141683 | N891: =IF(A891="제외",0,IF(OR(N(L891)<=0,N(M891)>N(L891)),N(M891)/가정!$B$4,N(L891))) -> 0 | O891: =IF(A891="제외","",IF(OR(N(L891)<=0,N(M891)>N(L891)),"택가보정(판매금액÷공급율)",""))
A892: =IF(OR(TRIM(C892)="",SUBSTITUTE(C892," ","")="소계"),"제외",IF(ISNUMBER(SEARCH("홍콩",C892)),"HK",IF(ISNUMBER(SEARCH("상해",C892)),"CN",IF(ISNUMBER(SEARCH("대만",C892)),"TW","홀세일")))) -> 홀세일 | B892: WW005 | C892: W말레이시아 | D892: 내셔널지오그래픽 | E892: 2022 | F892: 4계절 | G892: 의류 | H892: Original | I892: N225UTS020 | J892: (비)UNI 네오디 빅로고 H/TEE | K892: 113 | L892: 5537000 | M892: 1290912 | N892: =IF(A892="제외",0,IF(OR(N(L892)<=0,N(M892)>N(L892)),N(M892)/가정!$B$4,N(L892))) -> 5537000 | O892: =IF(A892="제외","",IF(OR(N(L892)<=0,N(M892)>N(L892)),"택가보정(판매금액÷공급율)",""))
A893: =IF(OR(TRIM(C893)="",SUBSTITUTE(C893," ","")="소계"),"제외",IF(ISNUMBER(SEARCH("홍콩",C893)),"HK",IF(ISNUMBER(SEARCH("상해",C893)),"CN",IF(ISNUMBER(SEARCH("대만",C893)),"TW","홀세일")))) -> 홀세일 | B893: WW005 | C893: W말레이시아 | D893: 내셔널지오그래픽 | E893: 2025 | F893: 4계절 | G893: 캐리어 | H893: 온라인 | I893: N255ASU440 | J893: (온) 부다페스트 캐리어 20 | K893: 10 | L893: 2290000 | M893: 1149310 | N893: =IF(A893="제외",0,IF(OR(N(L893)<=0,N(M893)>N(L893)),N(M893)/가정!$B$4,N(L893))) -> 2290000 | O893: =IF(A893="제외","",IF(OR(N(L893)<=0,N(M893)>N(L893)),"택가보정(판매금액÷공급율)",""))
A894: =IF(OR(TRIM(C894)="",SUBSTITUTE(C894," ","")="소계"),"제외",IF(ISNUMBER(SEARCH("홍콩",C894)),"HK",IF(ISNUMBER(SEARCH("상해",C894)),"CN",IF(ISNUMBER(SEARCH("대만",C894)),"TW","홀세일")))) -> 홀세일 | B894: WW005 | C894: W말레이시아 | D894: 내셔널지오그래픽 | E894: 2025 | F894: 4계절 | G894: 캐리어 | H894: 온라인 | I894: N255ASU450 | J894: (온) 부다페스트 캐리어 24 | K894: 10 | L894: 2590000 | M894: 1299210 | N894: =IF(A894="제외",0,IF(OR(N(L894)<=0,N(M894)>N(L894)),N(M894)/가정!$B$4,N(L894))) -> 2590000 | O894: =IF(A894="제외","",IF(OR(N(L894)<=0,N(M894)>N(L894)),"택가보정(판매금액÷공급율)",""))
A895: =IF(OR(TRIM(C895)="",SUBSTITUTE(C895," ","")="소계"),"제외",IF(ISNUMBER(SEARCH("홍콩",C895)),"HK",IF(ISNUMBER(SEARCH("상해",C895)),"CN",IF(ISNUMBER(SEARCH("대만",C895)),"TW","홀세일")))) -> 홀세일 | B895: WW005 | C895: W말레이시아 | D895: 내셔널지오그래픽 | E895: 2025 | F895: 4계절 | G895: 캐리어 | H895: 온라인 | I895: N255ASU460 | J895: (온) 부다페스트 캐리어 28 | K895: 10 | L895: 3090000 | M895: 1550530 | N895: =IF(A895="제외",0,IF(OR(N(L895)<=0,N(M895)>N(L895)),N(M895)/가정!$B$4,N(L895))) -> 3090000 | O895: =IF(A895="제외","",IF(OR(N(L895)<=0,N(M895)>N(L895)),"택가보정(판매금액÷공급율)",""))
A896: =IF(OR(TRIM(C896)="",SUBSTITUTE(C896," ","")="소계"),"제외",IF(ISNUMBER(SEARCH("홍콩",C896)),"HK",IF(ISNUMBER(SEARCH("상해",C896)),"CN",IF(ISNUMBER(SEARCH("대만",C896)),"TW","홀세일")))) -> 홀세일 | B896: WW005 | C896: W말레이시아 | D896: 내셔널지오그래픽 | E896: 2026 | F896: 봄 | G896: 용품 | H896: Original | I896: N261ABG010 | J896: 파치백팩 | K896: 50 | L896: 8450000 | M896: 3299500 | N896: =IF(A896="제외",0,IF(OR(N(L896)<=0,N(M896)>N(L896)),N(M896)/가정!$B$4,N(L896))) -> 8450000 | O896: =IF(A896="제외","",IF(OR(N(L896)<=0,N(M896)>N(L896)),"택가보정(판매금액÷공급율)",""))
A897: =IF(OR(TRIM(C897)="",SUBSTITUTE(C897," ","")="소계"),"제외",IF(ISNUMBER(SEARCH("홍콩",C897)),"HK",IF(ISNUMBER(SEARCH("상해",C897)),"CN",IF(ISNUMBER(SEARCH("대만",C897)),"TW","홀세일")))) -> 홀세일 | B897: WW005 | C897: W말레이시아 | D897: 내셔널지오그래픽 | E897: 2026 | F897: 봄 | G897: 용품 | H897: Original | I897: N261ABG020 | J897: 파치+백팩 | K897: 50 | L897: 8950000 | M897: 3497900 | N897: =IF(A897="제외",0,IF(OR(N(L897)<=0,N(M897)>N(L897)),N(M897)/가정!$B$4,N(L897))) -> 8950000 | O897: =IF(A897="제외","",IF(OR(N(L897)<=0,N(M897)>N(L897)),"택가보정(판매금액÷공급율)",""))
A898: =IF(OR(TRIM(C898)="",SUBSTITUTE(C898," ","")="소계"),"제외",IF(ISNUMBER(SEARCH("홍콩",C898)),"HK",IF(ISNUMBER(SEARCH("상해",C898)),"CN",IF(ISNUMBER(SEARCH("대만",C898)),"TW","홀세일")))) -> 홀세일 | B898: WW005 | C898: W말레이시아 | D898: 내셔널지오그래픽 | E898: 2026 | F898: 봄 | G898: 용품 | H898: Original | I898: N261ABG030 | J898: 라코백팩 | K898: 30 | L898: 5070000 | M898: 1979700 | N898: =IF(A898="제외",0,IF(OR(N(L898)<=0,N(M898)>N(L898)),N(M898)/가정!$B$4,N(L898))) -> 5070000 | O898: =IF(A898="제외","",IF(OR(N(L898)<=0,N(M898)>N(L898)),"택가보정(판매금액÷공급율)",""))
A899: =IF(OR(TRIM(C899)="",SUBSTITUTE(C899," ","")="소계"),"제외",IF(ISNUMBER(SEARCH("홍콩",C899)),"HK",IF(ISNUMBER(SEARCH("상해",C899)),"CN",IF(ISNUMBER(SEARCH("대만",C899)),"TW","홀세일")))) -> 홀세일 | B899: WW005 | C899: W말레이시아 | D899: 내셔널지오그래픽 | E899: 2026 | F899: 봄 | G899: 용품 | H899: Original | I899: N261ABG040 | J899: 버디백팩 | K899: 15 | L899: 2235000 | M899: 873000 | N899: =IF(A899="제외",0,IF(OR(N(L899)<=0,N(M899)>N(L899)),N(M899)/가정!$B$4,N(L899))) -> 2235000 | O899: =IF(A899="제외","",IF(OR(N(L899)<=0,N(M899)>N(L899)),"택가보정(판매금액÷공급율)",""))
A900: =IF(OR(TRIM(C900)="",SUBSTITUTE(C900," ","")="소계"),"제외",IF(ISNUMBER(SEARCH("홍콩",C900)),"HK",IF(ISNUMBER(SEARCH("상해",C900)),"CN",IF(ISNUMBER(SEARCH("대만",C900)),"TW","홀세일")))) -> 홀세일 | B900: WW005 | C900: W말레이시아 | D900: 내셔널지오그래픽 | E900: 2026 | F900: 봄 | G900: 용품 | H900: Original | I900: N261ABG050 | J900: 타이니백팩 | K900: 20 | L900: 2980000 | M900: 1164000 | N900: =IF(A900="제외",0,IF(OR(N(L900)<=0,N(M900)>N(L900)),N(M900)/가정!$B$4,N(L900))) -> 2980000 | O900: =IF(A900="제외","",IF(OR(N(L900)<=0,N(M900)>N(L900)),"택가보정(판매금액÷공급율)",""))
A901: =IF(OR(TRIM(C901)="",SUBSTITUTE(C901," ","")="소계"),"제외",IF(ISNUMBER(SEARCH("홍콩",C901)),"HK",IF(ISNUMBER(SEARCH("상해",C901)),"CN",IF(ISNUMBER(SEARCH("대만",C901)),"TW","홀세일")))) -> 홀세일 | B901: WW005 | C901: W말레이시아 | D901: 내셔널지오그래픽 | E901: 2026 | F901: 봄 | G901: 용품 | H901: Original | I901: N261ABG060 | J901: 마일드백팩 | K901: 30 | L901: 5070000 | M901: 1979700 | N901: =IF(A901="제외",0,IF(OR(N(L901)<=0,N(M901)>N(L901)),N(M901)/가정!$B$4,N(L901))) -> 5070000 | O901: =IF(A901="제외","",IF(OR(N(L901)<=0,N(M901)>N(L901)),"택가보정(판매금액÷공급율)",""))
A902: =IF(OR(TRIM(C902)="",SUBSTITUTE(C902," ","")="소계"),"제외",IF(ISNUMBER(SEARCH("홍콩",C902)),"HK",IF(ISNUMBER(SEARCH("상해",C902)),"CN",IF(ISNUMBER(SEARCH("대만",C902)),"TW","홀세일")))) -> 홀세일 | B902: WW005 | C902: W말레이시아 | D902: 내셔널지오그래픽 | E902: 2026 | F902: 봄 | G902: 용품 | H902: Original | I902: N261ABG070 | J902: 유니티백팩 | K902: 15 | L902: 2535000 | M902: 989850 | N902: =IF(A902="제외",0,IF(OR(N(L902)<=0,N(M902)>N(L902)),N(M902)/가정!$B$4,N(L902))) -> 2535000 | O902: =IF(A902="제외","",IF(OR(N(L902)<=0,N(M902)>N(L902)),"택가보정(판매금액÷공급율)",""))
A903: =IF(OR(TRIM(C903)="",SUBSTITUTE(C903," ","")="소계"),"제외",IF(ISNUMBER(SEARCH("홍콩",C903)),"HK",IF(ISNUMBER(SEARCH("상해",C903)),"CN",IF(ISNUMBER(SEARCH("대만",C903)),"TW","홀세일")))) -> 홀세일 | B903: WW005 | C903: W말레이시아 | D903: 내셔널지오그래픽 | E903: 2026 | F903: 봄 | G903: 용품 | H903: Original | I903: N261ABG080 | J903: 지오백팩 | K903: 15 | L903: 2835000 | M903: 1106685 | N903: =IF(A903="제외",0,IF(OR(N(L903)<=0,N(M903)>N(L903)),N(M903)/가정!$B$4,N(L903))) -> 2835000 | O903: =IF(A903="제외","",IF(OR(N(L903)<=0,N(M903)>N(L903)),"택가보정(판매금액÷공급율)",""))
... A1166: =IF(OR(TRIM(C1166)="",SUBSTITUTE(C1166," ","")="소계"),"제외",IF(ISNUMBER(SEARCH("홍콩",C1166)),"HK",IF(ISNUMBER(SEARCH("상해",C1166)),"CN",IF(ISNUMBER(SEARCH("대만",C1166)),"TW","홀세일")))) -> 홀세일 | B1166: WW005 | C1166: W말레이시아 | D1166: 해외전용(NGA&MG) | E1166: 2026 | F1166: 겨울 | G1166: 의류 | H1166: WOMEN | I1166: O264WKT010 | J1166: W' 스웨터 니트 가디건 | K1166: 95 | L1166: 15105000 | M1166: 4812415 | N1166: =IF(A1166="제외",0,IF(OR(N(L1166)<=0,N(M1166)>N(L1166)),N(M1166)/가정!$B$4,N(L1166))) -> 15105000 | O1166: =IF(A1166="제외","",IF(OR(N(L1166)<=0,N(M1166)>N(L1166)),"택가보정(판매금액÷공급율)",""))
A1167: =IF(OR(TRIM(C1167)="",SUBSTITUTE(C1167," ","")="소계"),"제외",IF(ISNUMBER(SEARCH("홍콩",C1167)),"HK",IF(ISNUMBER(SEARCH("상해",C1167)),"CN",IF(ISNUMBER(SEARCH("대만",C1167)),"TW","홀세일")))) -> 제외 | C1167: 소 계 | K1167: 16342 | L1167: 1645633000 | M1167: 588082057 | N1167: =IF(A1167="제외",0,IF(OR(N(L1167)<=0,N(M1167)>N(L1167)),N(M1167)/가정!$B$4,N(L1167))) -> 0 | O1167: =IF(A1167="제외","",IF(OR(N(L1167)<=0,N(M1167)>N(L1167)),"택가보정(판매금액÷공급율)",""))
A1168: =IF(OR(TRIM(C1168)="",SUBSTITUTE(C1168," ","")="소계"),"제외",IF(ISNUMBER(SEARCH("홍콩",C1168)),"HK",IF(ISNUMBER(SEARCH("상해",C1168)),"CN",IF(ISNUMBER(SEARCH("대만",C1168)),"TW","홀세일")))) -> 홀세일 | B1168: WW009 | C1168: W필리핀 | D1168: 내셔널지오그래픽 | E1168: 2026 | F1168: 봄 | G1168: 용품 | H1168: Original | I1168: N261ABG030 | J1168: 라코백팩 | K1168: 41 | L1168: 6929000 | M1168: 2665955 | N1168: =IF(A1168="제외",0,IF(OR(N(L1168)<=0,N(M1168)>N(L1168)),N(M1168)/가정!$B$4,N(L1168))) -> 6929000 | O1168: =IF(A1168="제외","",IF(OR(N(L1168)<=0,N(M1168)>N(L1168)),"택가보정(판매금액÷공급율)",""))
A1169: =IF(OR(TRIM(C1169)="",SUBSTITUTE(C1169," ","")="소계"),"제외",IF(ISNUMBER(SEARCH("홍콩",C1169)),"HK",IF(ISNUMBER(SEARCH("상해",C1169)),"CN",IF(ISNUMBER(SEARCH("대만",C1169)),"TW","홀세일")))) -> 홀세일 | B1169: WW009 | C1169: W필리핀 | D1169: 내셔널지오그래픽 | E1169: 2026 | F1169: 봄 | G1169: 용품 | H1169: Original | I1169: N261ABG050 | J1169: 타이니백팩 | K1169: 61 | L1169: 9089000 | M1169: 3498327 | N1169: =IF(A1169="제외",0,IF(OR(N(L1169)<=0,N(M1169)>N(L1169)),N(M1169)/가정!$B$4,N(L1169))) -> 9089000 | O1169: =IF(A1169="제외","",IF(OR(N(L1169)<=0,N(M1169)>N(L1169)),"택가보정(판매금액÷공급율)",""))
A1170: =IF(OR(TRIM(C1170)="",SUBSTITUTE(C1170," ","")="소계"),"제외",IF(ISNUMBER(SEARCH("홍콩",C1170)),"HK",IF(ISNUMBER(SEARCH("상해",C1170)),"CN",IF(ISNUMBER(SEARCH("대만",C1170)),"TW","홀세일")))) -> 홀세일 | B1170: WW009 | C1170: W필리핀 | D1170: 내셔널지오그래픽 | E1170: 2026 | F1170: 봄 | G1170: 용품 | H1170: Original | I1170: N261ABG060 | J1170: 마일드백팩 | K1170: 162 | L1170: 27378000 | M1170: 10534230 | N1170: =IF(A1170="제외",0,IF(OR(N(L1170)<=0,N(M1170)>N(L1170)),N(M1170)/가정!$B$4,N(L1170))) -> 27378000 | O1170: =IF(A1170="제외","",IF(OR(N(L1170)<=0,N(M1170)>N(L1170)),"택가보정(판매금액÷공급율)",""))
A1171: =IF(OR(TRIM(C1171)="",SUBSTITUTE(C1171," ","")="소계"),"제외",IF(ISNUMBER(SEARCH("홍콩",C1171)),"HK",IF(ISNUMBER(SEARCH("상해",C1171)),"CN",IF(ISNUMBER(SEARCH("대만",C1171)),"TW","홀세일")))) -> 홀세일 | B1171: WW009 | C1171: W필리핀 | D1171: 내셔널지오그래픽 | E1171: 2026 | F1171: 봄 | G1171: 용품 | H1171: Original | I1171: N261ABG070 | J1171: 유니티백팩 | K1171: 122 | L1171: 20618000 | M1171: 7933070 | N1171: =IF(A1171="제외",0,IF(OR(N(L1171)<=0,N(M1171)>N(L1171)),N(M1171)/가정!$B$4,N(L1171))) -> 20618000 | O1171: =IF(A1171="제외","",IF(OR(N(L1171)<=0,N(M1171)>N(L1171)),"택가보정(판매금액÷공급율)",""))
A1172: =IF(OR(TRIM(C1172)="",SUBSTITUTE(C1172," ","")="소계"),"제외",IF(ISNUMBER(SEARCH("홍콩",C1172)),"HK",IF(ISNUMBER(SEARCH("상해",C1172)),"CN",IF(ISNUMBER(SEARCH("대만",C1172)),"TW","홀세일")))) -> 홀세일 | B1172: WW009 | C1172: W필리핀 | D1172: 내셔널지오그래픽 | E1172: 2026 | F1172: 봄 | G1172: 용품 | H1172: Original | I1172: N261ABG080 | J1172: 지오백팩 | K1172: 102 | L1172: 19278000 | M1172: 7415388 | N1172: =IF(A1172="제외",0,IF(OR(N(L1172)<=0,N(M1172)>N(L1172)),N(M1172)/가정!$B$4,N(L1172))) -> 19278000 | O1172: =IF(A1172="제외","",IF(OR(N(L1172)<=0,N(M1172)>N(L1172)),"택가보정(판매금액÷공급율)",""))
A1173: =IF(OR(TRIM(C1173)="",SUBSTITUTE(C1173," ","")="소계"),"제외",IF(ISNUMBER(SEARCH("홍콩",C1173)),"HK",IF(ISNUMBER(SEARCH("상해",C1173)),"CN",IF(ISNUMBER(SEARCH("대만",C1173)),"TW","홀세일")))) -> 홀세일 | B1173: WW009 | C1173: W필리핀 | D1173: 내셔널지오그래픽 | E1173: 2026 | F1173: 봄 | G1173: 용품 | H1173: Original | I1173: N261ABG090 | J1173: 브레이브백팩 | K1173: 102 | L1173: 18258000 | M1173: 7031284 | N1173: =IF(A1173="제외",0,IF(OR(N(L1173)<=0,N(M1173)>N(L1173)),N(M1173)/가정!$B$4,N(L1173))) -> 18258000 | O1173: =IF(A1173="제외","",IF(OR(N(L1173)<=0,N(M1173)>N(L1173)),"택가보정(판매금액÷공급율)",""))
A1174: =IF(OR(TRIM(C1174)="",SUBSTITUTE(C1174," ","")="소계"),"제외",IF(ISNUMBER(SEARCH("홍콩",C1174)),"HK",IF(ISNUMBER(SEARCH("상해",C1174)),"CN",IF(ISNUMBER(SEARCH("대만",C1174)),"TW","홀세일")))) -> 홀세일 | B1174: WW009 | C1174: W필리핀 | D1174: 내셔널지오그래픽 | E1174: 2026 | F1174: 봄 | G1174: 용품 | H1174: Original | I1174: N261ABG100 | J1174: 퓨전백팩 | K1174: 102 | L1174: 19278000 | M1174: 7415388 | N1174: =IF(A1174="제외",0,IF(OR(N(L1174)<=0,N(M1174)>N(L1174)),N(M1174)/가정!$B$4,N(L1174))) -> 19278000 | O1174: =IF(A1174="제외","",IF(OR(N(L1174)<=0,N(M1174)>N(L1174)),"택가보정(판매금액÷공급율)",""))
A1175: =IF(OR(TRIM(C1175)="",SUBSTITUTE(C1175," ","")="소계"),"제외",IF(ISNUMBER(SEARCH("홍콩",C1175)),"HK",IF(ISNUMBER(SEARCH("상해",C1175)),"CN",IF(ISNUMBER(SEARCH("대만",C1175)),"TW","홀세일")))) -> 홀세일 | B1175: WW009 | C1175: W필리핀 | D1175: 내셔널지오그래픽 | E1175: 2026 | F1175: 봄 | G1175: 의류 | H1175: Original | I1175: N261MPT010 | J1175: 타누 테이퍼드 팬츠 | K1175: 97 | L1175: 13483000 | M1175: 4971850 | N1175: =IF(A1175="제외",0,IF(OR(N(L1175)<=0,N(M1175)>N(L1175)),N(M1175)/가정!$B$4,N(L1175))) -> 13483000 | O1175: =IF(A1175="제외","",IF(OR(N(L1175)<=0,N(M1175)>N(L1175)),"택가보정(판매금액÷공급율)",""))
A1176: =IF(OR(TRIM(C1176)="",SUBSTITUTE(C1176," ","")="소계"),"제외",IF(ISNUMBER(SEARCH("홍콩",C1176)),"HK",IF(ISNUMBER(SEARCH("상해",C1176)),"CN",IF(ISNUMBER(SEARCH("대만",C1176)),"TW","홀세일")))) -> 홀세일 | B1176: WW009 | C1176: W필리핀 | D1176: 내셔널지오그래픽 | E1176: 2026 | F1176: 봄 | G1176: 의류 | H1176: Original | I1176: N261MPT500 | J1176: [CORDURA] NRN 유틸리티 카고 어드벤처핏 팬츠 | K1176: 41 | L1176: 8159000 | M1176: 3007066 | N1176: =IF(A1176="제외",0,IF(OR(N(L1176)<=0,N(M1176)>N(L1176)),N(M1176)/가정!$B$4,N(L1176))) -> 8159000 | O1176: =IF(A1176="제외","",IF(OR(N(L1176)<=0,N(M1176)>N(L1176)),"택가보정(판매금액÷공급율)",""))
A1177: =IF(OR(TRIM(C1177)="",SUBSTITUTE(C1177," ","")="소계"),"제외",IF(ISNUMBER(SEARCH("홍콩",C1177)),"HK",IF(ISNUMBER(SEARCH("상해",C1177)),"CN",IF(ISNUMBER(SEARCH("대만",C1177)),"TW","홀세일")))) -> 홀세일 | B1177: WW009 | C1177: W필리핀 | D1177: 내셔널지오그래픽 | E1177: 2026 | F1177: 봄 | G1177: 의류 | H1177: Urban | I1177: N261MPT210 | J1177: 아르마딜로 스트레치 베이직핏 스트레이트 팬츠 | K1177: 41 | L1177: 6519000 | M1177: 2403235 | N1177: =IF(A1177="제외",0,IF(OR(N(L1177)<=0,N(M1177)>N(L1177)),N(M1177)/가정!$B$4,N(L1177))) -> 6519000 | O1177: =IF(A1177="제외","",IF(OR(N(L1177)<=0,N(M1177)>N(L1177)),"택가보정(판매금액÷공급율)",""))
A1178: =IF(OR(TRIM(C1178)="",SUBSTITUTE(C1178," ","")="소계"),"제외",IF(ISNUMBER(SEARCH("홍콩",C1178)),"HK",IF(ISNUMBER(SEARCH("상해",C1178)),"CN",IF(ISNUMBER(SEARCH("대만",C1178)),"TW","홀세일")))) -> 홀세일 | B1178: WW009 | C1178: W필리핀 | D1178: 내셔널지오그래픽 | E1178: 2026 | F1178: 봄 | G1178: 의류 | H1178: Original | I1178: N261MJP520 | J1178: NRN 유틸리티 점퍼 | K1178: 41 | L1178: 12259000 | M1178: 4794422 | N1178: =IF(A1178="제외",0,IF(OR(N(L1178)<=0,N(M1178)>N(L1178)),N(M1178)/가정!$B$4,N(L1178))) -> 12259000 | O1178: =IF(A1178="제외","",IF(OR(N(L1178)<=0,N(M1178)>N(L1178)),"택가보정(판매금액÷공급율)",""))
A1179: =IF(OR(TRIM(C1179)="",SUBSTITUTE(C1179," ","")="소계"),"제외",IF(ISNUMBER(SEARCH("홍콩",C1179)),"HK",IF(ISNUMBER(SEARCH("상해",C1179)),"CN",IF(ISNUMBER(SEARCH("대만",C1179)),"TW","홀세일")))) -> 홀세일 | B1179: WW009 | C1179: W필리핀 | D1179: 내셔널지오그래픽 | E1179: 2026 | F1179: 봄 | G1179: 의류 | H1179: Original | I1179: N261MJP530 | J1179: NRN 유틸리티 필드 자켓 | K1179: 82 | L1179: 22878000 | M1179: 8948748 | N1179: =IF(A1179="제외",0,IF(OR(N(L1179)<=0,N(M1179)>N(L1179)),N(M1179)/가정!$B$4,N(L1179))) -> 22878000 | O1179: =IF(A1179="제외","",IF(OR(N(L1179)<=0,N(M1179)>N(L1179)),"택가보정(판매금액÷공급율)",""))
... A1314: =IF(OR(TRIM(C1314)="",SUBSTITUTE(C1314," ","")="소계"),"제외",IF(ISNUMBER(SEARCH("홍콩",C1314)),"HK",IF(ISNUMBER(SEARCH("상해",C1314)),"CN",IF(ISNUMBER(SEARCH("대만",C1314)),"TW","홀세일")))) -> 홀세일 | B1314: WW009 | C1314: W필리핀 | D1314: 해외전용(NGA&MG) | E1314: 2026 | F1314: 여름 | G1314: 의류 | H1314: B2B | I1314: O262WTS510 | J1314: C_트러타 드라이실 반팔 티셔츠 | K1314: 80 | L1314: 4720000 | M1314: 1733520 | N1314: =IF(A1314="제외",0,IF(OR(N(L1314)<=0,N(M1314)>N(L1314)),N(M1314)/가정!$B$4,N(L1314))) -> 4720000 | O1314: =IF(A1314="제외","",IF(OR(N(L1314)<=0,N(M1314)>N(L1314)),"택가보정(판매금액÷공급율)",""))
A1315: =IF(OR(TRIM(C1315)="",SUBSTITUTE(C1315," ","")="소계"),"제외",IF(ISNUMBER(SEARCH("홍콩",C1315)),"HK",IF(ISNUMBER(SEARCH("상해",C1315)),"CN",IF(ISNUMBER(SEARCH("대만",C1315)),"TW","홀세일")))) -> 제외 | C1315: 소 계 | K1315: 16489 | L1315: 2043747000 | M1315: 738157771 | N1315: =IF(A1315="제외",0,IF(OR(N(L1315)<=0,N(M1315)>N(L1315)),N(M1315)/가정!$B$4,N(L1315))) -> 0 | O1315: =IF(A1315="제외","",IF(OR(N(L1315)<=0,N(M1315)>N(L1315)),"택가보정(판매금액÷공급율)",""))
A1316: =IF(OR(TRIM(C1316)="",SUBSTITUTE(C1316," ","")="소계"),"제외",IF(ISNUMBER(SEARCH("홍콩",C1316)),"HK",IF(ISNUMBER(SEARCH("상해",C1316)),"CN",IF(ISNUMBER(SEARCH("대만",C1316)),"TW","홀세일")))) -> 홀세일 | B1316: WW010 | C1316: W인도네시아 | D1316: 내셔널지오그래픽 | E1316: 2026 | F1316: 봄 | G1316: 용품 | H1316: Original | I1316: N261ABG010 | J1316: 파치백팩 | K1316: 30 | L1316: 5070000 | M1316: 2037750 | N1316: =IF(A1316="제외",0,IF(OR(N(L1316)<=0,N(M1316)>N(L1316)),N(M1316)/가정!$B$4,N(L1316))) -> 5070000 | O1316: =IF(A1316="제외","",IF(OR(N(L1316)<=0,N(M1316)>N(L1316)),"택가보정(판매금액÷공급율)",""))
A1317: =IF(OR(TRIM(C1317)="",SUBSTITUTE(C1317," ","")="소계"),"제외",IF(ISNUMBER(SEARCH("홍콩",C1317)),"HK",IF(ISNUMBER(SEARCH("상해",C1317)),"CN",IF(ISNUMBER(SEARCH("대만",C1317)),"TW","홀세일")))) -> 홀세일 | B1317: WW010 | C1317: W인도네시아 | D1317: 내셔널지오그래픽 | E1317: 2026 | F1317: 봄 | G1317: 용품 | H1317: Original | I1317: N261ABG020 | J1317: 파치+백팩 | K1317: 40 | L1317: 7160000 | M1317: 2880360 | N1317: =IF(A1317="제외",0,IF(OR(N(L1317)<=0,N(M1317)>N(L1317)),N(M1317)/가정!$B$4,N(L1317))) -> 7160000 | O1317: =IF(A1317="제외","",IF(OR(N(L1317)<=0,N(M1317)>N(L1317)),"택가보정(판매금액÷공급율)",""))
A1318: =IF(OR(TRIM(C1318)="",SUBSTITUTE(C1318," ","")="소계"),"제외",IF(ISNUMBER(SEARCH("홍콩",C1318)),"HK",IF(ISNUMBER(SEARCH("상해",C1318)),"CN",IF(ISNUMBER(SEARCH("대만",C1318)),"TW","홀세일")))) -> 홀세일 | B1318: WW010 | C1318: W인도네시아 | D1318: 내셔널지오그래픽 | E1318: 2026 | F1318: 봄 | G1318: 용품 | H1318: Original | I1318: N261ABG040 | J1318: 버디백팩 | K1318: 20 | L1318: 2980000 | M1318: 1198140 | N1318: =IF(A1318="제외",0,IF(OR(N(L1318)<=0,N(M1318)>N(L1318)),N(M1318)/가정!$B$4,N(L1318))) -> 2980000 | O1318: =IF(A1318="제외","",IF(OR(N(L1318)<=0,N(M1318)>N(L1318)),"택가보정(판매금액÷공급율)",""))
A1319: =IF(OR(TRIM(C1319)="",SUBSTITUTE(C1319," ","")="소계"),"제외",IF(ISNUMBER(SEARCH("홍콩",C1319)),"HK",IF(ISNUMBER(SEARCH("상해",C1319)),"CN",IF(ISNUMBER(SEARCH("대만",C1319)),"TW","홀세일")))) -> 홀세일 | B1319: WW010 | C1319: W인도네시아 | D1319: 내셔널지오그래픽 | E1319: 2026 | F1319: 봄 | G1319: 용품 | H1319: Original | I1319: N261ABG060 | J1319: 마일드백팩 | K1319: 25 | L1319: 4225000 | M1319: 1698125 | N1319: =IF(A1319="제외",0,IF(OR(N(L1319)<=0,N(M1319)>N(L1319)),N(M1319)/가정!$B$4,N(L1319))) -> 4225000 | O1319: =IF(A1319="제외","",IF(OR(N(L1319)<=0,N(M1319)>N(L1319)),"택가보정(판매금액÷공급율)",""))
A1320: =IF(OR(TRIM(C1320)="",SUBSTITUTE(C1320," ","")="소계"),"제외",IF(ISNUMBER(SEARCH("홍콩",C1320)),"HK",IF(ISNUMBER(SEARCH("상해",C1320)),"CN",IF(ISNUMBER(SEARCH("대만",C1320)),"TW","홀세일")))) -> 홀세일 | B1320: WW010 | C1320: W인도네시아 | D1320: 내셔널지오그래픽 | E1320: 2026 | F1320: 봄 | G1320: 용품 | H1320: Original | I1320: N261ABG070 | J1320: 유니티백팩 | K1320: 25 | L1320: 4225000 | M1320: 1698125 | N1320: =IF(A1320="제외",0,IF(OR(N(L1320)<=0,N(M1320)>N(L1320)),N(M1320)/가정!$B$4,N(L1320))) -> 4225000 | O1320: =IF(A1320="제외","",IF(OR(N(L1320)<=0,N(M1320)>N(L1320)),"택가보정(판매금액÷공급율)",""))
A1321: =IF(OR(TRIM(C1321)="",SUBSTITUTE(C1321," ","")="소계"),"제외",IF(ISNUMBER(SEARCH("홍콩",C1321)),"HK",IF(ISNUMBER(SEARCH("상해",C1321)),"CN",IF(ISNUMBER(SEARCH("대만",C1321)),"TW","홀세일")))) -> 홀세일 | B1321: WW010 | C1321: W인도네시아 | D1321: 내셔널지오그래픽 | E1321: 2026 | F1321: 봄 | G1321: 용품 | H1321: Original | I1321: N261ABG080 | J1321: 지오백팩 | K1321: 25 | L1321: 4725000 | M1321: 1898575 | N1321: =IF(A1321="제외",0,IF(OR(N(L1321)<=0,N(M1321)>N(L1321)),N(M1321)/가정!$B$4,N(L1321))) -> 4725000 | O1321: =IF(A1321="제외","",IF(OR(N(L1321)<=0,N(M1321)>N(L1321)),"택가보정(판매금액÷공급율)",""))
A1322: =IF(OR(TRIM(C1322)="",SUBSTITUTE(C1322," ","")="소계"),"제외",IF(ISNUMBER(SEARCH("홍콩",C1322)),"HK",IF(ISNUMBER(SEARCH("상해",C1322)),"CN",IF(ISNUMBER(SEARCH("대만",C1322)),"TW","홀세일")))) -> 홀세일 | B1322: WW010 | C1322: W인도네시아 | D1322: 내셔널지오그래픽 | E1322: 2026 | F1322: 봄 | G1322: 용품 | H1322: Original | I1322: N261ABG090 | J1322: 브레이브백팩 | K1322: 20 | L1322: 3580000 | M1322: 1440180 | N1322: =IF(A1322="제외",0,IF(OR(N(L1322)<=0,N(M1322)>N(L1322)),N(M1322)/가정!$B$4,N(L1322))) -> 3580000 | O1322: =IF(A1322="제외","",IF(OR(N(L1322)<=0,N(M1322)>N(L1322)),"택가보정(판매금액÷공급율)",""))
A1323: =IF(OR(TRIM(C1323)="",SUBSTITUTE(C1323," ","")="소계"),"제외",IF(ISNUMBER(SEARCH("홍콩",C1323)),"HK",IF(ISNUMBER(SEARCH("상해",C1323)),"CN",IF(ISNUMBER(SEARCH("대만",C1323)),"TW","홀세일")))) -> 홀세일 | B1323: WW010 | C1323: W인도네시아 | D1323: 내셔널지오그래픽 | E1323: 2026 | F1323: 봄 | G1323: 용품 | H1323: Original | I1323: N261ABG100 | J1323: 퓨전백팩 | K1323: 20 | L1323: 3780000 | M1323: 1518860 | N1323: =IF(A1323="제외",0,IF(OR(N(L1323)<=0,N(M1323)>N(L1323)),N(M1323)/가정!$B$4,N(L1323))) -> 3780000 | O1323: =IF(A1323="제외","",IF(OR(N(L1323)<=0,N(M1323)>N(L1323)),"택가보정(판매금액÷공급율)",""))
A1324: =IF(OR(TRIM(C1324)="",SUBSTITUTE(C1324," ","")="소계"),"제외",IF(ISNUMBER(SEARCH("홍콩",C1324)),"HK",IF(ISNUMBER(SEARCH("상해",C1324)),"CN",IF(ISNUMBER(SEARCH("대만",C1324)),"TW","홀세일")))) -> 홀세일 | B1324: WW010 | C1324: W인도네시아 | D1324: 내셔널지오그래픽 | E1324: 2026 | F1324: 여름 | G1324: 용품 | H1324: Original | I1324: N262AHA010 | J1324: 스몰로고선바이저 | K1324: 10 | L1324: 450000 | M1324: 181540 | N1324: =IF(A1324="제외",0,IF(OR(N(L1324)<=0,N(M1324)>N(L1324)),N(M1324)/가정!$B$4,N(L1324))) -> 450000 | O1324: =IF(A1324="제외","",IF(OR(N(L1324)<=0,N(M1324)>N(L1324)),"택가보정(판매금액÷공급율)",""))
A1325: =IF(OR(TRIM(C1325)="",SUBSTITUTE(C1325," ","")="소계"),"제외",IF(ISNUMBER(SEARCH("홍콩",C1325)),"HK",IF(ISNUMBER(SEARCH("상해",C1325)),"CN",IF(ISNUMBER(SEARCH("대만",C1325)),"TW","홀세일")))) -> 홀세일 | B1325: WW010 | C1325: W인도네시아 | D1325: 내셔널지오그래픽 | E1325: 2026 | F1325: 4계절 | G1325: 용품 | H1325: Original | I1325: N265AAC010 | J1325: 몰드파우치 | K1325: 20 | L1325: 380000 | M1325: 154300 | N1325: =IF(A1325="제외",0,IF(OR(N(L1325)<=0,N(M1325)>N(L1325)),N(M1325)/가정!$B$4,N(L1325))) -> 380000 | O1325: =IF(A1325="제외","",IF(OR(N(L1325)<=0,N(M1325)>N(L1325)),"택가보정(판매금액÷공급율)",""))
A1326: =IF(OR(TRIM(C1326)="",SUBSTITUTE(C1326," ","")="소계"),"제외",IF(ISNUMBER(SEARCH("홍콩",C1326)),"HK",IF(ISNUMBER(SEARCH("상해",C1326)),"CN",IF(ISNUMBER(SEARCH("대만",C1326)),"TW","홀세일")))) -> 홀세일 | B1326: WW010 | C1326: W인도네시아 | D1326: 내셔널지오그래픽 | E1326: 2026 | F1326: 4계절 | G1326: 용품 | H1326: Original | I1326: N265AAC020 | J1326: 메쉬백팩파우치 | K1326: 15 | L1326: 435000 | M1326: 174735 | N1326: =IF(A1326="제외",0,IF(OR(N(L1326)<=0,N(M1326)>N(L1326)),N(M1326)/가정!$B$4,N(L1326))) -> 435000 | O1326: =IF(A1326="제외","",IF(OR(N(L1326)<=0,N(M1326)>N(L1326)),"택가보정(판매금액÷공급율)",""))
A1327: =IF(OR(TRIM(C1327)="",SUBSTITUTE(C1327," ","")="소계"),"제외",IF(ISNUMBER(SEARCH("홍콩",C1327)),"HK",IF(ISNUMBER(SEARCH("상해",C1327)),"CN",IF(ISNUMBER(SEARCH("대만",C1327)),"TW","홀세일")))) -> 홀세일 | B1327: WW010 | C1327: W인도네시아 | D1327: 내셔널지오그래픽 | E1327: 2026 | F1327: 4계절 | G1327: 용품 | H1327: Original | I1327: N265AAC030 | J1327: 보스턴파우치 | K1327: 20 | L1327: 380000 | M1327: 154300 | N1327: =IF(A1327="제외",0,IF(OR(N(L1327)<=0,N(M1327)>N(L1327)),N(M1327)/가정!$B$4,N(L1327))) -> 380000 | O1327: =IF(A1327="제외","",IF(OR(N(L1327)<=0,N(M1327)>N(L1327)),"택가보정(판매금액÷공급율)",""))
... A1357: =IF(OR(TRIM(C1357)="",SUBSTITUTE(C1357," ","")="소계"),"제외",IF(ISNUMBER(SEARCH("홍콩",C1357)),"HK",IF(ISNUMBER(SEARCH("상해",C1357)),"CN",IF(ISNUMBER(SEARCH("대만",C1357)),"TW","홀세일")))) -> 홀세일 | B1357: WW010 | C1357: W인도네시아 | D1357: 해외전용(NGA&MG) | E1357: 2026 | F1357: 4계절 | G1357: 용품 | H1357: Original | I1357: O265ABG010 | J1357: 아이콘백팩 | K1357: 30 | L1357: 2670000 | M1357: 1075590 | N1357: =IF(A1357="제외",0,IF(OR(N(L1357)<=0,N(M1357)>N(L1357)),N(M1357)/가정!$B$4,N(L1357))) -> 2670000 | O1357: =IF(A1357="제외","",IF(OR(N(L1357)<=0,N(M1357)>N(L1357)),"택가보정(판매금액÷공급율)",""))
A1358: =IF(OR(TRIM(C1358)="",SUBSTITUTE(C1358," ","")="소계"),"제외",IF(ISNUMBER(SEARCH("홍콩",C1358)),"HK",IF(ISNUMBER(SEARCH("상해",C1358)),"CN",IF(ISNUMBER(SEARCH("대만",C1358)),"TW","홀세일")))) -> 제외 | C1358: 소 계 | K1358: 1165 | L1358: 112195000 | M1358: 45145730 | N1358: =IF(A1358="제외",0,IF(OR(N(L1358)<=0,N(M1358)>N(L1358)),N(M1358)/가정!$B$4,N(L1358))) -> 0 | O1358: =IF(A1358="제외","",IF(OR(N(L1358)<=0,N(M1358)>N(L1358)),"택가보정(판매금액÷공급율)",""))
...

Sheet RAW_2026
A1: 차수(C) | B1: 구분 | C1: 스타일(L) | D1: 수량(P) | E1: 택가 KRW(AB) | F1: 한국원가 KRW(AH) | G1: 배수(S) | H1: 해외공급가 USD(AL) | I1: 중국공급가(BB) | J1: 택가(보정) | K1: 원가(보정) | L1: 공급단가 KRW | M1: 택가금액 | N1: 원가금액 | O1: TNH 공급금액 | P1: 보정내역
A2: 100 | B2: =IF(A2="100","HK",IF(A2="200","CN",IF(A2="300","TW","홀세일"))) -> HK | C2: N261ABG010 | D2: 240 | E2: 169000 | F2: 39504 | G2: 3.64 | H2: 44.9 | J2: =IF(N(E2)>0,E2,IF(N(F2)>0,F2*가정!$B$5,0)) -> 169000 | K2: =IF(N(F2)>0,F2,IF(N(E2)>0,E2/가정!$B$5,0)) -> 39504 | L2: =IF(B2="CN",IF(N(I2)>0,I2*가정!$B$3,K2*(1+가정!$B$6)),IF(N(H2)>0,H2*가정!$B$3,J2*가정!$B$4)) -> 61188.822 | M2: =D2*J2 -> 40560000 | N2: =D2*K2 -> 9480960 | O2: =D2*L2 -> 14685317 | P2: =TRIM(IF(N(E2)<=0,"택가보정 ","")&IF(N(F2)<=0,"원가보정 ","")&IF(AND(B2<>"CN",N(H2)<=0),"공급가보정 ","")&IF(AND(B2="CN",N(I2)<=0),"중국공급가=원가+마진 ",""))
A3: 200 | B3: =IF(A3="100","HK",IF(A3="200","CN",IF(A3="300","TW","홀세일"))) -> CN | C3: N261ABG010 | D3: 1336 | E3: 169000 | F3: 39504 | G3: 3.64 | H3: 44.9 | J3: =IF(N(E3)>0,E3,IF(N(F3)>0,F3*가정!$B$5,0)) -> 169000 | K3: =IF(N(F3)>0,F3,IF(N(E3)>0,E3/가정!$B$5,0)) -> 39504 | L3: =IF(B3="CN",IF(N(I3)>0,I3*가정!$B$3,K3*(1+가정!$B$6)),IF(N(H3)>0,H3*가정!$B$3,J3*가정!$B$4)) -> 41479.2 | M3: =D3*J3 -> 225784000 | N3: =D3*K3 -> 52777344 | O3: =D3*L3 -> 55416211 | P3: =TRIM(IF(N(E3)<=0,"택가보정 ","")&IF(N(F3)<=0,"원가보정 ","")&IF(AND(B3<>"CN",N(H3)<=0),"공급가보정 ","")&IF(AND(B3="CN",N(I3)<=0),"중국공급가=원가+마진 ","")) -> 중국공급가=원가+마진
A4: 300 | B4: =IF(A4="100","HK",IF(A4="200","CN",IF(A4="300","TW","홀세일"))) -> TW | C4: N261ABG010 | D4: 150 | E4: 169000 | F4: 39504 | G4: 3.64 | H4: 44.9 | J4: =IF(N(E4)>0,E4,IF(N(F4)>0,F4*가정!$B$5,0)) -> 169000 | K4: =IF(N(F4)>0,F4,IF(N(E4)>0,E4/가정!$B$5,0)) -> 39504 | L4: =IF(B4="CN",IF(N(I4)>0,I4*가정!$B$3,K4*(1+가정!$B$6)),IF(N(H4)>0,H4*가정!$B$3,J4*가정!$B$4)) -> 61188.822 | M4: =D4*J4 -> 25350000 | N4: =D4*K4 -> 5925600 | O4: =D4*L4 -> 9178323.3 | P4: =TRIM(IF(N(E4)<=0,"택가보정 ","")&IF(N(F4)<=0,"원가보정 ","")&IF(AND(B4<>"CN",N(H4)<=0),"공급가보정 ","")&IF(AND(B4="CN",N(I4)<=0),"중국공급가=원가+마진 ",""))
A5: 500 | B5: =IF(A5="100","HK",IF(A5="200","CN",IF(A5="300","TW","홀세일"))) -> 홀세일 | C5: N261ABG010 | D5: 25 | E5: 169000 | F5: 39504 | G5: 3.64 | H5: 44.9 | J5: =IF(N(E5)>0,E5,IF(N(F5)>0,F5*가정!$B$5,0)) -> 169000 | K5: =IF(N(F5)>0,F5,IF(N(E5)>0,E5/가정!$B$5,0)) -> 39504 | L5: =IF(B5="CN",IF(N(I5)>0,I5*가정!$B$3,K5*(1+가정!$B$6)),IF(N(H5)>0,H5*가정!$B$3,J5*가정!$B$4)) -> 61188.822 | M5: =D5*J5 -> 4225000 | N5: =D5*K5 -> 987600 | O5: =D5*L5 -> 1529720.6 | P5: =TRIM(IF(N(E5)<=0,"택가보정 ","")&IF(N(F5)<=0,"원가보정 ","")&IF(AND(B5<>"CN",N(H5)<=0),"공급가보정 ","")&IF(AND(B5="CN",N(I5)<=0),"중국공급가=원가+마진 ",""))
A6: 600 | B6: =IF(A6="100","HK",IF(A6="200","CN",IF(A6="300","TW","홀세일"))) -> 홀세일 | C6: N261ABG010 | D6: 50 | E6: 169000 | F6: 39504 | G6: 3.64 | H6: 44.9 | J6: =IF(N(E6)>0,E6,IF(N(F6)>0,F6*가정!$B$5,0)) -> 169000 | K6: =IF(N(F6)>0,F6,IF(N(E6)>0,E6/가정!$B$5,0)) -> 39504 | L6: =IF(B6="CN",IF(N(I6)>0,I6*가정!$B$3,K6*(1+가정!$B$6)),IF(N(H6)>0,H6*가정!$B$3,J6*가정!$B$4)) -> 61188.822 | M6: =D6*J6 -> 8450000 | N6: =D6*K6 -> 1975200 | O6: =D6*L6 -> 3059441.1 | P6: =TRIM(IF(N(E6)<=0,"택가보정 ","")&IF(N(F6)<=0,"원가보정 ","")&IF(AND(B6<>"CN",N(H6)<=0),"공급가보정 ","")&IF(AND(B6="CN",N(I6)<=0),"중국공급가=원가+마진 ",""))
A7: 800 | B7: =IF(A7="100","HK",IF(A7="200","CN",IF(A7="300","TW","홀세일"))) -> 홀세일 | C7: N261ABG010 | D7: 30 | E7: 169000 | F7: 39504 | G7: 3.64 | H7: 44.9 | J7: =IF(N(E7)>0,E7,IF(N(F7)>0,F7*가정!$B$5,0)) -> 169000 | K7: =IF(N(F7)>0,F7,IF(N(E7)>0,E7/가정!$B$5,0)) -> 39504 | L7: =IF(B7="CN",IF(N(I7)>0,I7*가정!$B$3,K7*(1+가정!$B$6)),IF(N(H7)>0,H7*가정!$B$3,J7*가정!$B$4)) -> 61188.822 | M7: =D7*J7 -> 5070000 | N7: =D7*K7 -> 1185120 | O7: =D7*L7 -> 1835664.7 | P7: =TRIM(IF(N(E7)<=0,"택가보정 ","")&IF(N(F7)<=0,"원가보정 ","")&IF(AND(B7<>"CN",N(H7)<=0),"공급가보정 ","")&IF(AND(B7="CN",N(I7)<=0),"중국공급가=원가+마진 ",""))
A8: 810 | B8: =IF(A8="100","HK",IF(A8="200","CN",IF(A8="300","TW","홀세일"))) -> 홀세일 | C8: N261ABG010 | D8: 36 | E8: 169000 | F8: 39504 | G8: 3.64 | H8: 44.9 | J8: =IF(N(E8)>0,E8,IF(N(F8)>0,F8*가정!$B$5,0)) -> 169000 | K8: =IF(N(F8)>0,F8,IF(N(E8)>0,E8/가정!$B$5,0)) -> 39504 | L8: =IF(B8="CN",IF(N(I8)>0,I8*가정!$B$3,K8*(1+가정!$B$6)),IF(N(H8)>0,H8*가정!$B$3,J8*가정!$B$4)) -> 61188.822 | M8: =D8*J8 -> 6084000 | N8: =D8*K8 -> 1422144 | O8: =D8*L8 -> 2202797.6 | P8: =TRIM(IF(N(E8)<=0,"택가보정 ","")&IF(N(F8)<=0,"원가보정 ","")&IF(AND(B8<>"CN",N(H8)<=0),"공급가보정 ","")&IF(AND(B8="CN",N(I8)<=0),"중국공급가=원가+마진 ",""))
A9: 830 | B9: =IF(A9="100","HK",IF(A9="200","CN",IF(A9="300","TW","홀세일"))) -> 홀세일 | C9: N261ABG010 | D9: 30 | E9: 169000 | F9: 39504 | G9: 3.64 | H9: 44.9 | J9: =IF(N(E9)>0,E9,IF(N(F9)>0,F9*가정!$B$5,0)) -> 169000 | K9: =IF(N(F9)>0,F9,IF(N(E9)>0,E9/가정!$B$5,0)) -> 39504 | L9: =IF(B9="CN",IF(N(I9)>0,I9*가정!$B$3,K9*(1+가정!$B$6)),IF(N(H9)>0,H9*가정!$B$3,J9*가정!$B$4)) -> 61188.822 | M9: =D9*J9 -> 5070000 | N9: =D9*K9 -> 1185120 | O9: =D9*L9 -> 1835664.7 | P9: =TRIM(IF(N(E9)<=0,"택가보정 ","")&IF(N(F9)<=0,"원가보정 ","")&IF(AND(B9<>"CN",N(H9)<=0),"공급가보정 ","")&IF(AND(B9="CN",N(I9)<=0),"중국공급가=원가+마진 ",""))
A10: 100 | B10: =IF(A10="100","HK",IF(A10="200","CN",IF(A10="300","TW","홀세일"))) -> HK | C10: N261ABG020 | D10: 160 | E10: 179000 | F10: 42278 | G10: 3.6 | H10: 47.6 | J10: =IF(N(E10)>0,E10,IF(N(F10)>0,F10*가정!$B$5,0)) -> 179000 | K10: =IF(N(F10)>0,F10,IF(N(E10)>0,E10/가정!$B$5,0)) -> 42278 | L10: =IF(B10="CN",IF(N(I10)>0,I10*가정!$B$3,K10*(1+가정!$B$6)),IF(N(H10)>0,H10*가정!$B$3,J10*가정!$B$4)) -> 64868.328 | M10: =D10*J10 -> 28640000 | N10: =D10*K10 -> 6764480 | O10: =D10*L10 -> 10378932 | P10: =TRIM(IF(N(E10)<=0,"택가보정 ","")&IF(N(F10)<=0,"원가보정 ","")&IF(AND(B10<>"CN",N(H10)<=0),"공급가보정 ","")&IF(AND(B10="CN",N(I10)<=0),"중국공급가=원가+마진 ",""))
A11: 300 | B11: =IF(A11="100","HK",IF(A11="200","CN",IF(A11="300","TW","홀세일"))) -> TW | C11: N261ABG020 | D11: 250 | E11: 179000 | F11: 42278 | G11: 3.6 | H11: 47.6 | J11: =IF(N(E11)>0,E11,IF(N(F11)>0,F11*가정!$B$5,0)) -> 179000 | K11: =IF(N(F11)>0,F11,IF(N(E11)>0,E11/가정!$B$5,0)) -> 42278 | L11: =IF(B11="CN",IF(N(I11)>0,I11*가정!$B$3,K11*(1+가정!$B$6)),IF(N(H11)>0,H11*가정!$B$3,J11*가정!$B$4)) -> 64868.328 | M11: =D11*J11 -> 44750000 | N11: =D11*K11 -> 10569500 | O11: =D11*L11 -> 16217082 | P11: =TRIM(IF(N(E11)<=0,"택가보정 ","")&IF(N(F11)<=0,"원가보정 ","")&IF(AND(B11<>"CN",N(H11)<=0),"공급가보정 ","")&IF(AND(B11="CN",N(I11)<=0),"중국공급가=원가+마진 ",""))
A12: 600 | B12: =IF(A12="100","HK",IF(A12="200","CN",IF(A12="300","TW","홀세일"))) -> 홀세일 | C12: N261ABG020 | D12: 50 | E12: 179000 | F12: 42278 | G12: 3.6 | H12: 47.6 | J12: =IF(N(E12)>0,E12,IF(N(F12)>0,F12*가정!$B$5,0)) -> 179000 | K12: =IF(N(F12)>0,F12,IF(N(E12)>0,E12/가정!$B$5,0)) -> 42278 | L12: =IF(B12="CN",IF(N(I12)>0,I12*가정!$B$3,K12*(1+가정!$B$6)),IF(N(H12)>0,H12*가정!$B$3,J12*가정!$B$4)) -> 64868.328 | M12: =D12*J12 -> 8950000 | N12: =D12*K12 -> 2113900 | O12: =D12*L12 -> 3243416.4 | P12: =TRIM(IF(N(E12)<=0,"택가보정 ","")&IF(N(F12)<=0,"원가보정 ","")&IF(AND(B12<>"CN",N(H12)<=0),"공급가보정 ","")&IF(AND(B12="CN",N(I12)<=0),"중국공급가=원가+마진 ",""))
A13: 800 | B13: =IF(A13="100","HK",IF(A13="200","CN",IF(A13="300","TW","홀세일"))) -> 홀세일 | C13: N261ABG020 | D13: 40 | E13: 179000 | F13: 42278 | G13: 3.6 | H13: 47.6 | J13: =IF(N(E13)>0,E13,IF(N(F13)>0,F13*가정!$B$5,0)) -> 179000 | K13: =IF(N(F13)>0,F13,IF(N(E13)>0,E13/가정!$B$5,0)) -> 42278 | L13: =IF(B13="CN",IF(N(I13)>0,I13*가정!$B$3,K13*(1+가정!$B$6)),IF(N(H13)>0,H13*가정!$B$3,J13*가정!$B$4)) -> 64868.328 | M13: =D13*J13 -> 7160000 | N13: =D13*K13 -> 1691120 | O13: =D13*L13 -> 2594733.1 | P13: =TRIM(IF(N(E13)<=0,"택가보정 ","")&IF(N(F13)<=0,"원가보정 ","")&IF(AND(B13<>"CN",N(H13)<=0),"공급가보정 ","")&IF(AND(B13="CN",N(I13)<=0),"중국공급가=원가+마진 ",""))
... A499: 810 | B499: =IF(A499="100","HK",IF(A499="200","CN",IF(A499="300","TW","홀세일"))) -> 홀세일 | C499: N262UTS420 | D499: 216 | E499: 59000 | F499: 16000 | G499: 2.9 | H499: 14.8 | J499: =IF(N(E499)>0,E499,IF(N(F499)>0,F499*가정!$B$5,0)) -> 59000 | K499: =IF(N(F499)>0,F499,IF(N(E499)>0,E499/가정!$B$5,0)) -> 16000 | L499: =IF(B499="CN",IF(N(I499)>0,I499*가정!$B$3,K499*(1+가정!$B$6)),IF(N(H499)>0,H499*가정!$B$3,J499*가정!$B$4)) -> 20169.144 | M499: =D499*J499 -> 12744000 | N499: =D499*K499 -> 3456000 | O499: =D499*L499 -> 4356535.1 | P499: =TRIM(IF(N(E499)<=0,"택가보정 ","")&IF(N(F499)<=0,"원가보정 ","")&IF(AND(B499<>"CN",N(H499)<=0),"공급가보정 ","")&IF(AND(B499="CN",N(I499)<=0),"중국공급가=원가+마진 ",""))
A500: 200 | B500: =IF(A500="100","HK",IF(A500="200","CN",IF(A500="300","TW","홀세일"))) -> CN | C500: N262UTS620 | D500: 392 | E500: 59000 | F500: 13239 | G500: 0 | J500: =IF(N(E500)>0,E500,IF(N(F500)>0,F500*가정!$B$5,0)) -> 59000 | K500: =IF(N(F500)>0,F500,IF(N(E500)>0,E500/가정!$B$5,0)) -> 13239 | L500: =IF(B500="CN",IF(N(I500)>0,I500*가정!$B$3,K500*(1+가정!$B$6)),IF(N(H500)>0,H500*가정!$B$3,J500*가정!$B$4)) -> 13900.95 | M500: =D500*J500 -> 23128000 | N500: =D500*K500 -> 5189688 | O500: =D500*L500 -> 5449172.4 | P500: =TRIM(IF(N(E500)<=0,"택가보정 ","")&IF(N(F500)<=0,"원가보정 ","")&IF(AND(B500<>"CN",N(H500)<=0),"공급가보정 ","")&IF(AND(B500="CN",N(I500)<=0),"중국공급가=원가+마진 ","")) -> 중국공급가=원가+마진
A501: 800 | B501: =IF(A501="100","HK",IF(A501="200","CN",IF(A501="300","TW","홀세일"))) -> 홀세일 | C501: N262UTS901 | D501: 85 | E501: 49000 | F501: 10000 | G501: 4.45 | H501: 12.3 | J501: =IF(N(E501)>0,E501,IF(N(F501)>0,F501*가정!$B$5,0)) -> 49000 | K501: =IF(N(F501)>0,F501,IF(N(E501)>0,E501/가정!$B$5,0)) -> 10000 | L501: =IF(B501="CN",IF(N(I501)>0,I501*가정!$B$3,K501*(1+가정!$B$6)),IF(N(H501)>0,H501*가정!$B$3,J501*가정!$B$4)) -> 16762.194 | M501: =D501*J501 -> 4165000 | N501: =D501*K501 -> 850000 | O501: =D501*L501 -> 1424786.5 | P501: =TRIM(IF(N(E501)<=0,"택가보정 ","")&IF(N(F501)<=0,"원가보정 ","")&IF(AND(B501<>"CN",N(H501)<=0),"공급가보정 ","")&IF(AND(B501="CN",N(I501)<=0),"중국공급가=원가+마진 ",""))
A502: 810 | B502: =IF(A502="100","HK",IF(A502="200","CN",IF(A502="300","TW","홀세일"))) -> 홀세일 | C502: N262UTS901 | D502: 216 | E502: 49000 | F502: 10000 | G502: 4.45 | H502: 12.3 | J502: =IF(N(E502)>0,E502,IF(N(F502)>0,F502*가정!$B$5,0)) -> 49000 | K502: =IF(N(F502)>0,F502,IF(N(E502)>0,E502/가정!$B$5,0)) -> 10000 | L502: =IF(B502="CN",IF(N(I502)>0,I502*가정!$B$3,K502*(1+가정!$B$6)),IF(N(H502)>0,H502*가정!$B$3,J502*가정!$B$4)) -> 16762.194 | M502: =D502*J502 -> 10584000 | N502: =D502*K502 -> 2160000 | O502: =D502*L502 -> 3620633.9 | P502: =TRIM(IF(N(E502)<=0,"택가보정 ","")&IF(N(F502)<=0,"원가보정 ","")&IF(AND(B502<>"CN",N(H502)<=0),"공급가보정 ","")&IF(AND(B502="CN",N(I502)<=0),"중국공급가=원가+마진 ",""))
A503: 800 | B503: =IF(A503="100","HK",IF(A503="200","CN",IF(A503="300","TW","홀세일"))) -> 홀세일 | C503: N262UTS902 | D503: 90 | E503: 59000 | F503: 11211 | G503: 4.83 | H503: 14.8 | J503: =IF(N(E503)>0,E503,IF(N(F503)>0,F503*가정!$B$5,0)) -> 59000 | K503: =IF(N(F503)>0,F503,IF(N(E503)>0,E503/가정!$B$5,0)) -> 11211 | L503: =IF(B503="CN",IF(N(I503)>0,I503*가정!$B$3,K503*(1+가정!$B$6)),IF(N(H503)>0,H503*가정!$B$3,J503*가정!$B$4)) -> 20169.144 | M503: =D503*J503 -> 5310000 | N503: =D503*K503 -> 1008990 | O503: =D503*L503 -> 1815223 | P503: =TRIM(IF(N(E503)<=0,"택가보정 ","")&IF(N(F503)<=0,"원가보정 ","")&IF(AND(B503<>"CN",N(H503)<=0),"공급가보정 ","")&IF(AND(B503="CN",N(I503)<=0),"중국공급가=원가+마진 ",""))
A504: 700 | B504: =IF(A504="100","HK",IF(A504="200","CN",IF(A504="300","TW","홀세일"))) -> 홀세일 | C504: N262UTS903 | D504: 61 | E504: 59000 | F504: 11400 | G504: 4.43 | H504: 14.8 | J504: =IF(N(E504)>0,E504,IF(N(F504)>0,F504*가정!$B$5,0)) -> 59000 | K504: =IF(N(F504)>0,F504,IF(N(E504)>0,E504/가정!$B$5,0)) -> 11400 | L504: =IF(B504="CN",IF(N(I504)>0,I504*가정!$B$3,K504*(1+가정!$B$6)),IF(N(H504)>0,H504*가정!$B$3,J504*가정!$B$4)) -> 20169.144 | M504: =D504*J504 -> 3599000 | N504: =D504*K504 -> 695400 | O504: =D504*L504 -> 1230317.8 | P504: =TRIM(IF(N(E504)<=0,"택가보정 ","")&IF(N(F504)<=0,"원가보정 ","")&IF(AND(B504<>"CN",N(H504)<=0),"공급가보정 ","")&IF(AND(B504="CN",N(I504)<=0),"중국공급가=원가+마진 ",""))
A505: 800 | B505: =IF(A505="100","HK",IF(A505="200","CN",IF(A505="300","TW","홀세일"))) -> 홀세일 | C505: N262UTS903 | D505: 90 | E505: 59000 | F505: 11400 | G505: 4.43 | H505: 14.8 | J505: =IF(N(E505)>0,E505,IF(N(F505)>0,F505*가정!$B$5,0)) -> 59000 | K505: =IF(N(F505)>0,F505,IF(N(E505)>0,E505/가정!$B$5,0)) -> 11400 | L505: =IF(B505="CN",IF(N(I505)>0,I505*가정!$B$3,K505*(1+가정!$B$6)),IF(N(H505)>0,H505*가정!$B$3,J505*가정!$B$4)) -> 20169.144 | M505: =D505*J505 -> 5310000 | N505: =D505*K505 -> 1026000 | O505: =D505*L505 -> 1815223 | P505: =TRIM(IF(N(E505)<=0,"택가보정 ","")&IF(N(F505)<=0,"원가보정 ","")&IF(AND(B505<>"CN",N(H505)<=0),"공급가보정 ","")&IF(AND(B505="CN",N(I505)<=0),"중국공급가=원가+마진 ",""))
A506: 800 | B506: =IF(A506="100","HK",IF(A506="200","CN",IF(A506="300","TW","홀세일"))) -> 홀세일 | C506: N262UTS904 | D506: 60 | E506: 59000 | F506: 13441 | G506: 4.03 | H506: 14.8 | J506: =IF(N(E506)>0,E506,IF(N(F506)>0,F506*가정!$B$5,0)) -> 59000 | K506: =IF(N(F506)>0,F506,IF(N(E506)>0,E506/가정!$B$5,0)) -> 13441 | L506: =IF(B506="CN",IF(N(I506)>0,I506*가정!$B$3,K506*(1+가정!$B$6)),IF(N(H506)>0,H506*가정!$B$3,J506*가정!$B$4)) -> 20169.144 | M506: =D506*J506 -> 3540000 | N506: =D506*K506 -> 806460 | O506: =D506*L506 -> 1210148.6 | P506: =TRIM(IF(N(E506)<=0,"택가보정 ","")&IF(N(F506)<=0,"원가보정 ","")&IF(AND(B506<>"CN",N(H506)<=0),"공급가보정 ","")&IF(AND(B506="CN",N(I506)<=0),"중국공급가=원가+마진 ",""))
A507: 800 | B507: =IF(A507="100","HK",IF(A507="200","CN",IF(A507="300","TW","홀세일"))) -> 홀세일 | C507: N262UTS905 | D507: 45 | E507: 59000 | F507: 12400 | G507: 3.89 | H507: 14.8 | J507: =IF(N(E507)>0,E507,IF(N(F507)>0,F507*가정!$B$5,0)) -> 59000 | K507: =IF(N(F507)>0,F507,IF(N(E507)>0,E507/가정!$B$5,0)) -> 12400 | L507: =IF(B507="CN",IF(N(I507)>0,I507*가정!$B$3,K507*(1+가정!$B$6)),IF(N(H507)>0,H507*가정!$B$3,J507*가정!$B$4)) -> 20169.144 | M507: =D507*J507 -> 2655000 | N507: =D507*K507 -> 558000 | O507: =D507*L507 -> 907611.48 | P507: =TRIM(IF(N(E507)<=0,"택가보정 ","")&IF(N(F507)<=0,"원가보정 ","")&IF(AND(B507<>"CN",N(H507)<=0),"공급가보정 ","")&IF(AND(B507="CN",N(I507)<=0),"중국공급가=원가+마진 ",""))
A508: 500 | B508: =IF(A508="100","HK",IF(A508="200","CN",IF(A508="300","TW","홀세일"))) -> 홀세일 | C508: N262UTS906 | D508: 25 | E508: 59000 | F508: 12200 | G508: 4.33 | H508: 14.8 | J508: =IF(N(E508)>0,E508,IF(N(F508)>0,F508*가정!$B$5,0)) -> 59000 | K508: =IF(N(F508)>0,F508,IF(N(E508)>0,E508/가정!$B$5,0)) -> 12200 | L508: =IF(B508="CN",IF(N(I508)>0,I508*가정!$B$3,K508*(1+가정!$B$6)),IF(N(H508)>0,H508*가정!$B$3,J508*가정!$B$4)) -> 20169.144 | M508: =D508*J508 -> 1475000 | N508: =D508*K508 -> 305000 | O508: =D508*L508 -> 504228.6 | P508: =TRIM(IF(N(E508)<=0,"택가보정 ","")&IF(N(F508)<=0,"원가보정 ","")&IF(AND(B508<>"CN",N(H508)<=0),"공급가보정 ","")&IF(AND(B508="CN",N(I508)<=0),"중국공급가=원가+마진 ",""))
A509: 500 | B509: =IF(A509="100","HK",IF(A509="200","CN",IF(A509="300","TW","홀세일"))) -> 홀세일 | C509: N262UTS908 | D509: 25 | E509: 59000 | F509: 13800 | G509: 4 | H509: 14.8 | J509: =IF(N(E509)>0,E509,IF(N(F509)>0,F509*가정!$B$5,0)) -> 59000 | K509: =IF(N(F509)>0,F509,IF(N(E509)>0,E509/가정!$B$5,0)) -> 13800 | L509: =IF(B509="CN",IF(N(I509)>0,I509*가정!$B$3,K509*(1+가정!$B$6)),IF(N(H509)>0,H509*가정!$B$3,J509*가정!$B$4)) -> 20169.144 | M509: =D509*J509 -> 1475000 | N509: =D509*K509 -> 345000 | O509: =D509*L509 -> 504228.6 | P509: =TRIM(IF(N(E509)<=0,"택가보정 ","")&IF(N(F509)<=0,"원가보정 ","")&IF(AND(B509<>"CN",N(H509)<=0),"공급가보정 ","")&IF(AND(B509="CN",N(I509)<=0),"중국공급가=원가+마진 ",""))
A510: 100 | B510: =IF(A510="100","HK",IF(A510="200","CN",IF(A510="300","TW","홀세일"))) -> HK | C510: N262USD040 | D510: 190 | E510: 49000 | F510: 13410 | G510: 3.32 | H510: 14.2 | J510: =IF(N(E510)>0,E510,IF(N(F510)>0,F510*가정!$B$5,0)) -> 49000 | K510: =IF(N(F510)>0,F510,IF(N(E510)>0,E510/가정!$B$5,0)) -> 13410 | L510: =IF(B510="CN",IF(N(I510)>0,I510*가정!$B$3,K510*(1+가정!$B$6)),IF(N(H510)>0,H510*가정!$B$3,J510*가정!$B$4)) -> 19351.476 | M510: =D510*J510 -> 9310000 | N510: =D510*K510 -> 2547900 | O510: =D510*L510 -> 3676780.4 | P510: =TRIM(IF(N(E510)<=0,"택가보정 ","")&IF(N(F510)<=0,"원가보정 ","")&IF(AND(B510<>"CN",N(H510)<=0),"공급가보정 ","")&IF(AND(B510="CN",N(I510)<=0),"중국공급가=원가+마진 ",""))
A511: 700 | B511: =IF(A511="100","HK",IF(A511="200","CN",IF(A511="300","TW","홀세일"))) -> 홀세일 | C511: N262USD050 | D511: 120 | E511: 129000 | F511: 30000 | G511: 3.91 | H511: 37.2 | J511: =IF(N(E511)>0,E511,IF(N(F511)>0,F511*가정!$B$5,0)) -> 129000 | K511: =IF(N(F511)>0,F511,IF(N(E511)>0,E511/가정!$B$5,0)) -> 30000 | L511: =IF(B511="CN",IF(N(I511)>0,I511*가정!$B$3,K511*(1+가정!$B$6)),IF(N(H511)>0,H511*가정!$B$3,J511*가정!$B$4)) -> 50695.416 | M511: =D511*J511 -> 15480000 | N511: =D511*K511 -> 3600000 | O511: =D511*L511 -> 6083449.9 | P511: =TRIM(IF(N(E511)<=0,"택가보정 ","")&IF(N(F511)<=0,"원가보정 ","")&IF(AND(B511<>"CN",N(H511)<=0),"공급가보정 ","")&IF(AND(B511="CN",N(I511)<=0),"중국공급가=원가+마진 ",""))
A512: 100 | B512: =IF(A512="100","HK",IF(A512="200","CN",IF(A512="300","TW","홀세일"))) -> HK | C512: N262USI010 | D512: 300 | E512: 59000 | F512: 15500 | G512: 3.39 | H512: 17.1 | J512: =IF(N(E512)>0,E512,IF(N(F512)>0,F512*가정!$B$5,0)) -> 59000 | K512: =IF(N(F512)>0,F512,IF(N(E512)>0,E512/가정!$B$5,0)) -> 15500 | L512: =IF(B512="CN",IF(N(I512)>0,I512*가정!$B$3,K512*(1+가정!$B$6)),IF(N(H512)>0,H512*가정!$B$3,J512*가정!$B$4)) -> 23303.538 | M512: =D512*J512 -> 17700000 | N512: =D512*K512 -> 4650000 | O512: =D512*L512 -> 6991061.4 | P512: =TRIM(IF(N(E512)<=0,"택가보정 ","")&IF(N(F512)<=0,"원가보정 ","")&IF(AND(B512<>"CN",N(H512)<=0),"공급가보정 ","")&IF(AND(B512="CN",N(I512)<=0),"중국공급가=원가+마진 ",""))
... A625: 500 | B625: =IF(A625="100","HK",IF(A625="200","CN",IF(A625="300","TW","홀세일"))) -> 홀세일 | C625: N262WSD020 | D625: 30 | E625: 109000 | F625: 28300 | G625: 3.41 | H625: 31.5 | J625: =IF(N(E625)>0,E625,IF(N(F625)>0,F625*가정!$B$5,0)) -> 109000 | K625: =IF(N(F625)>0,F625,IF(N(E625)>0,E625/가정!$B$5,0)) -> 28300 | L625: =IF(B625="CN",IF(N(I625)>0,I625*가정!$B$3,K625*(1+가정!$B$6)),IF(N(H625)>0,H625*가정!$B$3,J625*가정!$B$4)) -> 42927.57 | M625: =D625*J625 -> 3270000 | N625: =D625*K625 -> 849000 | O625: =D625*L625 -> 1287827.1 | P625: =TRIM(IF(N(E625)<=0,"택가보정 ","")&IF(N(F625)<=0,"원가보정 ","")&IF(AND(B625<>"CN",N(H625)<=0),"공급가보정 ","")&IF(AND(B625="CN",N(I625)<=0),"중국공급가=원가+마진 ",""))
A626: 100 | B626: =IF(A626="100","HK",IF(A626="200","CN",IF(A626="300","TW","홀세일"))) -> HK | C626: N263AAC010 | D626: 140 | E626: 39000 | F626: 7600 | G626: 4.22 | H626: 9.8 | I626: 0 | J626: =IF(N(E626)>0,E626,IF(N(F626)>0,F626*가정!$B$5,0)) -> 39000 | K626: =IF(N(F626)>0,F626,IF(N(E626)>0,E626/가정!$B$5,0)) -> 7600 | L626: =IF(B626="CN",IF(N(I626)>0,I626*가정!$B$3,K626*(1+가정!$B$6)),IF(N(H626)>0,H626*가정!$B$3,J626*가정!$B$4)) -> 13355.244 | M626: =D626*J626 -> 5460000 | N626: =D626*K626 -> 1064000 | O626: =D626*L626 -> 1869734.2 | P626: =TRIM(IF(N(E626)<=0,"택가보정 ","")&IF(N(F626)<=0,"원가보정 ","")&IF(AND(B626<>"CN",N(H626)<=0),"공급가보정 ","")&IF(AND(B626="CN",N(I626)<=0),"중국공급가=원가+마진 ",""))
A627: 300 | B627: =IF(A627="100","HK",IF(A627="200","CN",IF(A627="300","TW","홀세일"))) -> TW | C627: N263AAC010 | D627: 300 | E627: 39000 | F627: 7600 | G627: 4.22 | H627: 9.8 | I627: 0 | J627: =IF(N(E627)>0,E627,IF(N(F627)>0,F627*가정!$B$5,0)) -> 39000 | K627: =IF(N(F627)>0,F627,IF(N(E627)>0,E627/가정!$B$5,0)) -> 7600 | L627: =IF(B627="CN",IF(N(I627)>0,I627*가정!$B$3,K627*(1+가정!$B$6)),IF(N(H627)>0,H627*가정!$B$3,J627*가정!$B$4)) -> 13355.244 | M627: =D627*J627 -> 11700000 | N627: =D627*K627 -> 2280000 | O627: =D627*L627 -> 4006573.2 | P627: =TRIM(IF(N(E627)<=0,"택가보정 ","")&IF(N(F627)<=0,"원가보정 ","")&IF(AND(B627<>"CN",N(H627)<=0),"공급가보정 ","")&IF(AND(B627="CN",N(I627)<=0),"중국공급가=원가+마진 ",""))
A628: 600 | B628: =IF(A628="100","HK",IF(A628="200","CN",IF(A628="300","TW","홀세일"))) -> 홀세일 | C628: N263AAC010 | D628: 35 | E628: 39000 | F628: 7600 | G628: 4.22 | H628: 9.8 | I628: 0 | J628: =IF(N(E628)>0,E628,IF(N(F628)>0,F628*가정!$B$5,0)) -> 39000 | K628: =IF(N(F628)>0,F628,IF(N(E628)>0,E628/가정!$B$5,0)) -> 7600 | L628: =IF(B628="CN",IF(N(I628)>0,I628*가정!$B$3,K628*(1+가정!$B$6)),IF(N(H628)>0,H628*가정!$B$3,J628*가정!$B$4)) -> 13355.244 | M628: =D628*J628 -> 1365000 | N628: =D628*K628 -> 266000 | O628: =D628*L628 -> 467433.54 | P628: =TRIM(IF(N(E628)<=0,"택가보정 ","")&IF(N(F628)<=0,"원가보정 ","")&IF(AND(B628<>"CN",N(H628)<=0),"공급가보정 ","")&IF(AND(B628="CN",N(I628)<=0),"중국공급가=원가+마진 ",""))
A629: 700 | B629: =IF(A629="100","HK",IF(A629="200","CN",IF(A629="300","TW","홀세일"))) -> 홀세일 | C629: N263AAC010 | D629: 152 | E629: 39000 | F629: 7600 | G629: 4.22 | H629: 9.8 | I629: 0 | J629: =IF(N(E629)>0,E629,IF(N(F629)>0,F629*가정!$B$5,0)) -> 39000 | K629: =IF(N(F629)>0,F629,IF(N(E629)>0,E629/가정!$B$5,0)) -> 7600 | L629: =IF(B629="CN",IF(N(I629)>0,I629*가정!$B$3,K629*(1+가정!$B$6)),IF(N(H629)>0,H629*가정!$B$3,J629*가정!$B$4)) -> 13355.244 | M629: =D629*J629 -> 5928000 | N629: =D629*K629 -> 1155200 | O629: =D629*L629 -> 2029997.1 | P629: =TRIM(IF(N(E629)<=0,"택가보정 ","")&IF(N(F629)<=0,"원가보정 ","")&IF(AND(B629<>"CN",N(H629)<=0),"공급가보정 ","")&IF(AND(B629="CN",N(I629)<=0),"중국공급가=원가+마진 ",""))
A630: 800 | B630: =IF(A630="100","HK",IF(A630="200","CN",IF(A630="300","TW","홀세일"))) -> 홀세일 | C630: N263AAC010 | D630: 20 | E630: 39000 | F630: 7600 | G630: 4.22 | H630: 9.8 | I630: 0 | J630: =IF(N(E630)>0,E630,IF(N(F630)>0,F630*가정!$B$5,0)) -> 39000 | K630: =IF(N(F630)>0,F630,IF(N(E630)>0,E630/가정!$B$5,0)) -> 7600 | L630: =IF(B630="CN",IF(N(I630)>0,I630*가정!$B$3,K630*(1+가정!$B$6)),IF(N(H630)>0,H630*가정!$B$3,J630*가정!$B$4)) -> 13355.244 | M630: =D630*J630 -> 780000 | N630: =D630*K630 -> 152000 | O630: =D630*L630 -> 267104.88 | P630: =TRIM(IF(N(E630)<=0,"택가보정 ","")&IF(N(F630)<=0,"원가보정 ","")&IF(AND(B630<>"CN",N(H630)<=0),"공급가보정 ","")&IF(AND(B630="CN",N(I630)<=0),"중국공급가=원가+마진 ",""))
A631: 100 | B631: =IF(A631="100","HK",IF(A631="200","CN",IF(A631="300","TW","홀세일"))) -> HK | C631: N263ABG010 | D631: 140 | E631: 159000 | F631: 35833 | G631: 3.86 | H631: 39.8 | I631: 30.2 | J631: =IF(N(E631)>0,E631,IF(N(F631)>0,F631*가정!$B$5,0)) -> 159000 | K631: =IF(N(F631)>0,F631,IF(N(E631)>0,E631/가정!$B$5,0)) -> 35833 | L631: =IF(B631="CN",IF(N(I631)>0,I631*가정!$B$3,K631*(1+가정!$B$6)),IF(N(H631)>0,H631*가정!$B$3,J631*가정!$B$4)) -> 54238.644 | M631: =D631*J631 -> 22260000 | N631: =D631*K631 -> 5016620 | O631: =D631*L631 -> 7593410.2 | P631: =TRIM(IF(N(E631)<=0,"택가보정 ","")&IF(N(F631)<=0,"원가보정 ","")&IF(AND(B631<>"CN",N(H631)<=0),"공급가보정 ","")&IF(AND(B631="CN",N(I631)<=0),"중국공급가=원가+마진 ",""))
A632: 200 | B632: =IF(A632="100","HK",IF(A632="200","CN",IF(A632="300","TW","홀세일"))) -> CN | C632: N263ABG010 | D632: 51 | E632: 159000 | F632: 35833 | G632: 3.86 | H632: 39.8 | I632: 30.2 | J632: =IF(N(E632)>0,E632,IF(N(F632)>0,F632*가정!$B$5,0)) -> 159000 | K632: =IF(N(F632)>0,F632,IF(N(E632)>0,E632/가정!$B$5,0)) -> 35833 | L632: =IF(B632="CN",IF(N(I632)>0,I632*가정!$B$3,K632*(1+가정!$B$6)),IF(N(H632)>0,H632*가정!$B$3,J632*가정!$B$4)) -> 41155.956 | M632: =D632*J632 -> 8109000 | N632: =D632*K632 -> 1827483 | O632: =D632*L632 -> 2098953.8 | P632: =TRIM(IF(N(E632)<=0,"택가보정 ","")&IF(N(F632)<=0,"원가보정 ","")&IF(AND(B632<>"CN",N(H632)<=0),"공급가보정 ","")&IF(AND(B632="CN",N(I632)<=0),"중국공급가=원가+마진 ",""))
A633: 300 | B633: =IF(A633="100","HK",IF(A633="200","CN",IF(A633="300","TW","홀세일"))) -> TW | C633: N263ABG010 | D633: 100 | E633: 159000 | F633: 35833 | G633: 3.86 | H633: 39.8 | I633: 30.2 | J633: =IF(N(E633)>0,E633,IF(N(F633)>0,F633*가정!$B$5,0)) -> 159000 | K633: =IF(N(F633)>0,F633,IF(N(E633)>0,E633/가정!$B$5,0)) -> 35833 | L633: =IF(B633="CN",IF(N(I633)>0,I633*가정!$B$3,K633*(1+가정!$B$6)),IF(N(H633)>0,H633*가정!$B$3,J633*가정!$B$4)) -> 54238.644 | M633: =D633*J633 -> 15900000 | N633: =D633*K633 -> 3583300 | O633: =D633*L633 -> 5423864.4 | P633: =TRIM(IF(N(E633)<=0,"택가보정 ","")&IF(N(F633)<=0,"원가보정 ","")&IF(AND(B633<>"CN",N(H633)<=0),"공급가보정 ","")&IF(AND(B633="CN",N(I633)<=0),"중국공급가=원가+마진 ",""))
A634: 500 | B634: =IF(A634="100","HK",IF(A634="200","CN",IF(A634="300","TW","홀세일"))) -> 홀세일 | C634: N263ABG010 | D634: 240 | E634: 159000 | F634: 35833 | G634: 3.86 | H634: 39.8 | I634: 30.2 | J634: =IF(N(E634)>0,E634,IF(N(F634)>0,F634*가정!$B$5,0)) -> 159000 | K634: =IF(N(F634)>0,F634,IF(N(E634)>0,E634/가정!$B$5,0)) -> 35833 | L634: =IF(B634="CN",IF(N(I634)>0,I634*가정!$B$3,K634*(1+가정!$B$6)),IF(N(H634)>0,H634*가정!$B$3,J634*가정!$B$4)) -> 54238.644 | M634: =D634*J634 -> 38160000 | N634: =D634*K634 -> 8599920 | O634: =D634*L634 -> 13017275 | P634: =TRIM(IF(N(E634)<=0,"택가보정 ","")&IF(N(F634)<=0,"원가보정 ","")&IF(AND(B634<>"CN",N(H634)<=0),"공급가보정 ","")&IF(AND(B634="CN",N(I634)<=0),"중국공급가=원가+마진 ",""))
A635: 600 | B635: =IF(A635="100","HK",IF(A635="200","CN",IF(A635="300","TW","홀세일"))) -> 홀세일 | C635: N263ABG010 | D635: 50 | E635: 159000 | F635: 35833 | G635: 3.86 | H635: 39.8 | I635: 30.2 | J635: =IF(N(E635)>0,E635,IF(N(F635)>0,F635*가정!$B$5,0)) -> 159000 | K635: =IF(N(F635)>0,F635,IF(N(E635)>0,E635/가정!$B$5,0)) -> 35833 | L635: =IF(B635="CN",IF(N(I635)>0,I635*가정!$B$3,K635*(1+가정!$B$6)),IF(N(H635)>0,H635*가정!$B$3,J635*가정!$B$4)) -> 54238.644 | M635: =D635*J635 -> 7950000 | N635: =D635*K635 -> 1791650 | O635: =D635*L635 -> 2711932.2 | P635: =TRIM(IF(N(E635)<=0,"택가보정 ","")&IF(N(F635)<=0,"원가보정 ","")&IF(AND(B635<>"CN",N(H635)<=0),"공급가보정 ","")&IF(AND(B635="CN",N(I635)<=0),"중국공급가=원가+마진 ",""))
A636: 800 | B636: =IF(A636="100","HK",IF(A636="200","CN",IF(A636="300","TW","홀세일"))) -> 홀세일 | C636: N263ABG010 | D636: 30 | E636: 159000 | F636: 35833 | G636: 3.86 | H636: 39.8 | I636: 30.2 | J636: =IF(N(E636)>0,E636,IF(N(F636)>0,F636*가정!$B$5,0)) -> 159000 | K636: =IF(N(F636)>0,F636,IF(N(E636)>0,E636/가정!$B$5,0)) -> 35833 | L636: =IF(B636="CN",IF(N(I636)>0,I636*가정!$B$3,K636*(1+가정!$B$6)),IF(N(H636)>0,H636*가정!$B$3,J636*가정!$B$4)) -> 54238.644 | M636: =D636*J636 -> 4770000 | N636: =D636*K636 -> 1074990 | O636: =D636*L636 -> 1627159.3 | P636: =TRIM(IF(N(E636)<=0,"택가보정 ","")&IF(N(F636)<=0,"원가보정 ","")&IF(AND(B636<>"CN",N(H636)<=0),"공급가보정 ","")&IF(AND(B636="CN",N(I636)<=0),"중국공급가=원가+마진 ",""))
A637: 810 | B637: =IF(A637="100","HK",IF(A637="200","CN",IF(A637="300","TW","홀세일"))) -> 홀세일 | C637: N263ABG010 | D637: 48 | E637: 159000 | F637: 35833 | G637: 3.86 | H637: 39.8 | I637: 30.2 | J637: =IF(N(E637)>0,E637,IF(N(F637)>0,F637*가정!$B$5,0)) -> 159000 | K637: =IF(N(F637)>0,F637,IF(N(E637)>0,E637/가정!$B$5,0)) -> 35833 | L637: =IF(B637="CN",IF(N(I637)>0,I637*가정!$B$3,K637*(1+가정!$B$6)),IF(N(H637)>0,H637*가정!$B$3,J637*가정!$B$4)) -> 54238.644 | M637: =D637*J637 -> 7632000 | N637: =D637*K637 -> 1719984 | O637: =D637*L637 -> 2603454.9 | P637: =TRIM(IF(N(E637)<=0,"택가보정 ","")&IF(N(F637)<=0,"원가보정 ","")&IF(AND(B637<>"CN",N(H637)<=0),"공급가보정 ","")&IF(AND(B637="CN",N(I637)<=0),"중국공급가=원가+마진 ",""))
... A795: 830 | B795: =IF(A795="100","HK",IF(A795="200","CN",IF(A795="300","TW","홀세일"))) -> 홀세일 | C795: N263UPT220 | D795: 45 | E795: 139000 | F795: 28900 | G795: 3.72 | H795: 32.7 | I795: 0 | J795: =IF(N(E795)>0,E795,IF(N(F795)>0,F795*가정!$B$5,0)) -> 139000 | K795: =IF(N(F795)>0,F795,IF(N(E795)>0,E795/가정!$B$5,0)) -> 28900 | L795: =IF(B795="CN",IF(N(I795)>0,I795*가정!$B$3,K795*(1+가정!$B$6)),IF(N(H795)>0,H795*가정!$B$3,J795*가정!$B$4)) -> 44562.906 | M795: =D795*J795 -> 6255000 | N795: =D795*K795 -> 1300500 | O795: =D795*L795 -> 2005330.8 | P795: =TRIM(IF(N(E795)<=0,"택가보정 ","")&IF(N(F795)<=0,"원가보정 ","")&IF(AND(B795<>"CN",N(H795)<=0),"공급가보정 ","")&IF(AND(B795="CN",N(I795)<=0),"중국공급가=원가+마진 ",""))
A796: 200 | B796: =IF(A796="100","HK",IF(A796="200","CN",IF(A796="300","TW","홀세일"))) -> CN | C796: N263UPT902 | D796: 397 | E796: 159000 | F796: 43604 | G796: 0 | I796: 34.8 | J796: =IF(N(E796)>0,E796,IF(N(F796)>0,F796*가정!$B$5,0)) -> 159000 | K796: =IF(N(F796)>0,F796,IF(N(E796)>0,E796/가정!$B$5,0)) -> 43604 | L796: =IF(B796="CN",IF(N(I796)>0,I796*가정!$B$3,K796*(1+가정!$B$6)),IF(N(H796)>0,H796*가정!$B$3,J796*가정!$B$4)) -> 47424.744 | M796: =D796*J796 -> 63123000 | N796: =D796*K796 -> 17310788 | O796: =D796*L796 -> 18827623 | P796: =TRIM(IF(N(E796)<=0,"택가보정 ","")&IF(N(F796)<=0,"원가보정 ","")&IF(AND(B796<>"CN",N(H796)<=0),"공급가보정 ","")&IF(AND(B796="CN",N(I796)<=0),"중국공급가=원가+마진 ",""))
A797: 100 | B797: =IF(A797="100","HK",IF(A797="200","CN",IF(A797="300","TW","홀세일"))) -> HK | C797: N263UJP010 | D797: 210 | E797: 219000 | F797: 65100 | G797: 3.82 | H797: 54.9 | I797: 0 | J797: =IF(N(E797)>0,E797,IF(N(F797)>0,F797*가정!$B$5,0)) -> 219000 | K797: =IF(N(F797)>0,F797,IF(N(E797)>0,E797/가정!$B$5,0)) -> 65100 | L797: =IF(B797="CN",IF(N(I797)>0,I797*가정!$B$3,K797*(1+가정!$B$6)),IF(N(H797)>0,H797*가정!$B$3,J797*가정!$B$4)) -> 74816.622 | M797: =D797*J797 -> 45990000 | N797: =D797*K797 -> 13671000 | O797: =D797*L797 -> 15711491 | P797: =TRIM(IF(N(E797)<=0,"택가보정 ","")&IF(N(F797)<=0,"원가보정 ","")&IF(AND(B797<>"CN",N(H797)<=0),"공급가보정 ","")&IF(AND(B797="CN",N(I797)<=0),"중국공급가=원가+마진 ",""))
A798: 600 | B798: =IF(A798="100","HK",IF(A798="200","CN",IF(A798="300","TW","홀세일"))) -> 홀세일 | C798: N263UJP010 | D798: 60 | E798: 219000 | F798: 65100 | G798: 3.82 | H798: 54.9 | I798: 0 | J798: =IF(N(E798)>0,E798,IF(N(F798)>0,F798*가정!$B$5,0)) -> 219000 | K798: =IF(N(F798)>0,F798,IF(N(E798)>0,E798/가정!$B$5,0)) -> 65100 | L798: =IF(B798="CN",IF(N(I798)>0,I798*가정!$B$3,K798*(1+가정!$B$6)),IF(N(H798)>0,H798*가정!$B$3,J798*가정!$B$4)) -> 74816.622 | M798: =D798*J798 -> 13140000 | N798: =D798*K798 -> 3906000 | O798: =D798*L798 -> 4488997.3 | P798: =TRIM(IF(N(E798)<=0,"택가보정 ","")&IF(N(F798)<=0,"원가보정 ","")&IF(AND(B798<>"CN",N(H798)<=0),"공급가보정 ","")&IF(AND(B798="CN",N(I798)<=0),"중국공급가=원가+마진 ",""))
A799: 700 | B799: =IF(A799="100","HK",IF(A799="200","CN",IF(A799="300","TW","홀세일"))) -> 홀세일 | C799: N263UJP010 | D799: 192 | E799: 219000 | F799: 65100 | G799: 3.82 | H799: 54.9 | I799: 0 | J799: =IF(N(E799)>0,E799,IF(N(F799)>0,F799*가정!$B$5,0)) -> 219000 | K799: =IF(N(F799)>0,F799,IF(N(E799)>0,E799/가정!$B$5,0)) -> 65100 | L799: =IF(B799="CN",IF(N(I799)>0,I799*가정!$B$3,K799*(1+가정!$B$6)),IF(N(H799)>0,H799*가정!$B$3,J799*가정!$B$4)) -> 74816.622 | M799: =D799*J799 -> 42048000 | N799: =D799*K799 -> 12499200 | O799: =D799*L799 -> 14364791 | P799: =TRIM(IF(N(E799)<=0,"택가보정 ","")&IF(N(F799)<=0,"원가보정 ","")&IF(AND(B799<>"CN",N(H799)<=0),"공급가보정 ","")&IF(AND(B799="CN",N(I799)<=0),"중국공급가=원가+마진 ",""))
A800: 100 | B800: =IF(A800="100","HK",IF(A800="200","CN",IF(A800="300","TW","홀세일"))) -> HK | C800: N263UJP020 | D800: 210 | E800: 199000 | F800: 68700 | G800: 4.56 | H800: 49.8 | I800: 0 | J800: =IF(N(E800)>0,E800,IF(N(F800)>0,F800*가정!$B$5,0)) -> 199000 | K800: =IF(N(F800)>0,F800,IF(N(E800)>0,E800/가정!$B$5,0)) -> 68700 | L800: =IF(B800="CN",IF(N(I800)>0,I800*가정!$B$3,K800*(1+가정!$B$6)),IF(N(H800)>0,H800*가정!$B$3,J800*가정!$B$4)) -> 67866.444 | M800: =D800*J800 -> 41790000 | N800: =D800*K800 -> 14427000 | O800: =D800*L800 -> 14251953 | P800: =TRIM(IF(N(E800)<=0,"택가보정 ","")&IF(N(F800)<=0,"원가보정 ","")&IF(AND(B800<>"CN",N(H800)<=0),"공급가보정 ","")&IF(AND(B800="CN",N(I800)<=0),"중국공급가=원가+마진 ",""))
A801: 300 | B801: =IF(A801="100","HK",IF(A801="200","CN",IF(A801="300","TW","홀세일"))) -> TW | C801: N263UJP020 | D801: 70 | E801: 199000 | F801: 68700 | G801: 4.56 | H801: 49.8 | I801: 0 | J801: =IF(N(E801)>0,E801,IF(N(F801)>0,F801*가정!$B$5,0)) -> 199000 | K801: =IF(N(F801)>0,F801,IF(N(E801)>0,E801/가정!$B$5,0)) -> 68700 | L801: =IF(B801="CN",IF(N(I801)>0,I801*가정!$B$3,K801*(1+가정!$B$6)),IF(N(H801)>0,H801*가정!$B$3,J801*가정!$B$4)) -> 67866.444 | M801: =D801*J801 -> 13930000 | N801: =D801*K801 -> 4809000 | O801: =D801*L801 -> 4750651.1 | P801: =TRIM(IF(N(E801)<=0,"택가보정 ","")&IF(N(F801)<=0,"원가보정 ","")&IF(AND(B801<>"CN",N(H801)<=0),"공급가보정 ","")&IF(AND(B801="CN",N(I801)<=0),"중국공급가=원가+마진 ",""))
A802: 500 | B802: =IF(A802="100","HK",IF(A802="200","CN",IF(A802="300","TW","홀세일"))) -> 홀세일 | C802: N263UJP020 | D802: 220 | E802: 199000 | F802: 68700 | G802: 4.56 | H802: 49.8 | I802: 0 | J802: =IF(N(E802)>0,E802,IF(N(F802)>0,F802*가정!$B$5,0)) -> 199000 | K802: =IF(N(F802)>0,F802,IF(N(E802)>0,E802/가정!$B$5,0)) -> 68700 | L802: =IF(B802="CN",IF(N(I802)>0,I802*가정!$B$3,K802*(1+가정!$B$6)),IF(N(H802)>0,H802*가정!$B$3,J802*가정!$B$4)) -> 67866.444 | M802: =D802*J802 -> 43780000 | N802: =D802*K802 -> 15114000 | O802: =D802*L802 -> 14930618 | P802: =TRIM(IF(N(E802)<=0,"택가보정 ","")&IF(N(F802)<=0,"원가보정 ","")&IF(AND(B802<>"CN",N(H802)<=0),"공급가보정 ","")&IF(AND(B802="CN",N(I802)<=0),"중국공급가=원가+마진 ",""))
A803: 830 | B803: =IF(A803="100","HK",IF(A803="200","CN",IF(A803="300","TW","홀세일"))) -> 홀세일 | C803: N263UJP020 | D803: 35 | E803: 199000 | F803: 68700 | G803: 4.56 | H803: 49.8 | I803: 0 | J803: =IF(N(E803)>0,E803,IF(N(F803)>0,F803*가정!$B$5,0)) -> 199000 | K803: =IF(N(F803)>0,F803,IF(N(E803)>0,E803/가정!$B$5,0)) -> 68700 | L803: =IF(B803="CN",IF(N(I803)>0,I803*가정!$B$3,K803*(1+가정!$B$6)),IF(N(H803)>0,H803*가정!$B$3,J803*가정!$B$4)) -> 67866.444 | M803: =D803*J803 -> 6965000 | N803: =D803*K803 -> 2404500 | O803: =D803*L803 -> 2375325.5 | P803: =TRIM(IF(N(E803)<=0,"택가보정 ","")&IF(N(F803)<=0,"원가보정 ","")&IF(AND(B803<>"CN",N(H803)<=0),"공급가보정 ","")&IF(AND(B803="CN",N(I803)<=0),"중국공급가=원가+마진 ",""))
A804: 830 | B804: =IF(A804="100","HK",IF(A804="200","CN",IF(A804="300","TW","홀세일"))) -> 홀세일 | C804: N263UJP030 | D804: 30 | E804: 249000 | F804: 58200 | G804: 3.34 | H804: 62.4 | I804: 0 | J804: =IF(N(E804)>0,E804,IF(N(F804)>0,F804*가정!$B$5,0)) -> 249000 | K804: =IF(N(F804)>0,F804,IF(N(E804)>0,E804/가정!$B$5,0)) -> 58200 | L804: =IF(B804="CN",IF(N(I804)>0,I804*가정!$B$3,K804*(1+가정!$B$6)),IF(N(H804)>0,H804*가정!$B$3,J804*가정!$B$4)) -> 85037.472 | M804: =D804*J804 -> 7470000 | N804: =D804*K804 -> 1746000 | O804: =D804*L804 -> 2551124.2 | P804: =TRIM(IF(N(E804)<=0,"택가보정 ","")&IF(N(F804)<=0,"원가보정 ","")&IF(AND(B804<>"CN",N(H804)<=0),"공급가보정 ","")&IF(AND(B804="CN",N(I804)<=0),"중국공급가=원가+마진 ",""))
A805: 600 | B805: =IF(A805="100","HK",IF(A805="200","CN",IF(A805="300","TW","홀세일"))) -> 홀세일 | C805: N263UJP040 | D805: 60 | E805: 189000 | F805: 57200 | G805: 3.5 | H805: 47.3 | I805: 0 | J805: =IF(N(E805)>0,E805,IF(N(F805)>0,F805*가정!$B$5,0)) -> 189000 | K805: =IF(N(F805)>0,F805,IF(N(E805)>0,E805/가정!$B$5,0)) -> 57200 | L805: =IF(B805="CN",IF(N(I805)>0,I805*가정!$B$3,K805*(1+가정!$B$6)),IF(N(H805)>0,H805*가정!$B$3,J805*가정!$B$4)) -> 64459.494 | M805: =D805*J805 -> 11340000 | N805: =D805*K805 -> 3432000 | O805: =D805*L805 -> 3867569.6 | P805: =TRIM(IF(N(E805)<=0,"택가보정 ","")&IF(N(F805)<=0,"원가보정 ","")&IF(AND(B805<>"CN",N(H805)<=0),"공급가보정 ","")&IF(AND(B805="CN",N(I805)<=0),"중국공급가=원가+마진 ",""))
A806: 800 | B806: =IF(A806="100","HK",IF(A806="200","CN",IF(A806="300","TW","홀세일"))) -> 홀세일 | C806: N263UJP040 | D806: 90 | E806: 189000 | F806: 57200 | G806: 3.5 | H806: 47.3 | I806: 0 | J806: =IF(N(E806)>0,E806,IF(N(F806)>0,F806*가정!$B$5,0)) -> 189000 | K806: =IF(N(F806)>0,F806,IF(N(E806)>0,E806/가정!$B$5,0)) -> 57200 | L806: =IF(B806="CN",IF(N(I806)>0,I806*가정!$B$3,K806*(1+가정!$B$6)),IF(N(H806)>0,H806*가정!$B$3,J806*가정!$B$4)) -> 64459.494 | M806: =D806*J806 -> 17010000 | N806: =D806*K806 -> 5148000 | O806: =D806*L806 -> 5801354.5 | P806: =TRIM(IF(N(E806)<=0,"택가보정 ","")&IF(N(F806)<=0,"원가보정 ","")&IF(AND(B806<>"CN",N(H806)<=0),"공급가보정 ","")&IF(AND(B806="CN",N(I806)<=0),"중국공급가=원가+마진 ",""))
A807: 100 | B807: =IF(A807="100","HK",IF(A807="200","CN",IF(A807="300","TW","홀세일"))) -> HK | C807: N263UJP210 | D807: 90 | E807: 349000 | F807: 105706 | G807: 3.1 | H807: 87.4 | I807: 89.5 | J807: =IF(N(E807)>0,E807,IF(N(F807)>0,F807*가정!$B$5,0)) -> 349000 | K807: =IF(N(F807)>0,F807,IF(N(E807)>0,E807/가정!$B$5,0)) -> 105706 | L807: =IF(B807="CN",IF(N(I807)>0,I807*가정!$B$3,K807*(1+가정!$B$6)),IF(N(H807)>0,H807*가정!$B$3,J807*가정!$B$4)) -> 119106.97 | M807: =D807*J807 -> 31410000 | N807: =D807*K807 -> 9513540 | O807: =D807*L807 -> 10719627 | P807: =TRIM(IF(N(E807)<=0,"택가보정 ","")&IF(N(F807)<=0,"원가보정 ","")&IF(AND(B807<>"CN",N(H807)<=0),"공급가보정 ","")&IF(AND(B807="CN",N(I807)<=0),"중국공급가=원가+마진 ",""))
A808: 200 | B808: =IF(A808="100","HK",IF(A808="200","CN",IF(A808="300","TW","홀세일"))) -> CN | C808: N263UJP210 | D808: 127 | E808: 349000 | F808: 105706 | G808: 3.1 | H808: 87.4 | I808: 89.5 | J808: =IF(N(E808)>0,E808,IF(N(F808)>0,F808*가정!$B$5,0)) -> 349000 | K808: =IF(N(F808)>0,F808,IF(N(E808)>0,E808/가정!$B$5,0)) -> 105706 | L808: =IF(B808="CN",IF(N(I808)>0,I808*가정!$B$3,K808*(1+가정!$B$6)),IF(N(H808)>0,H808*가정!$B$3,J808*가정!$B$4)) -> 121968.81 | M808: =D808*J808 -> 44323000 | N808: =D808*K808 -> 13424662 | O808: =D808*L808 -> 15490039 | P808: =TRIM(IF(N(E808)<=0,"택가보정 ","")&IF(N(F808)<=0,"원가보정 ","")&IF(AND(B808<>"CN",N(H808)<=0),"공급가보정 ","")&IF(AND(B808="CN",N(I808)<=0),"중국공급가=원가+마진 ",""))
... A886: 830 | B886: =IF(A886="100","HK",IF(A886="200","CN",IF(A886="300","TW","홀세일"))) -> 홀세일 | C886: N263UTS240 | D886: 220 | E886: 69000 | F886: 15000 | G886: 4.05 | H886: 16.3 | I886: 0 | J886: =IF(N(E886)>0,E886,IF(N(F886)>0,F886*가정!$B$5,0)) -> 69000 | K886: =IF(N(F886)>0,F886,IF(N(E886)>0,E886/가정!$B$5,0)) -> 15000 | L886: =IF(B886="CN",IF(N(I886)>0,I886*가정!$B$3,K886*(1+가정!$B$6)),IF(N(H886)>0,H886*가정!$B$3,J886*가정!$B$4)) -> 22213.314 | M886: =D886*J886 -> 15180000 | N886: =D886*K886 -> 3300000 | O886: =D886*L886 -> 4886929.1 | P886: =TRIM(IF(N(E886)<=0,"택가보정 ","")&IF(N(F886)<=0,"원가보정 ","")&IF(AND(B886<>"CN",N(H886)<=0),"공급가보정 ","")&IF(AND(B886="CN",N(I886)<=0),"중국공급가=원가+마진 ",""))
A887: 300 | B887: =IF(A887="100","HK",IF(A887="200","CN",IF(A887="300","TW","홀세일"))) -> TW | C887: N263UTS901 | D887: 1600 | E887: 59000 | F887: 14300 | G887: 3.8 | H887: 14.3 | J887: =IF(N(E887)>0,E887,IF(N(F887)>0,F887*가정!$B$5,0)) -> 59000 | K887: =IF(N(F887)>0,F887,IF(N(E887)>0,E887/가정!$B$5,0)) -> 14300 | L887: =IF(B887="CN",IF(N(I887)>0,I887*가정!$B$3,K887*(1+가정!$B$6)),IF(N(H887)>0,H887*가정!$B$3,J887*가정!$B$4)) -> 19487.754 | M887: =D887*J887 -> 94400000 | N887: =D887*K887 -> 22880000 | O887: =D887*L887 -> 31180406 | P887: =TRIM(IF(N(E887)<=0,"택가보정 ","")&IF(N(F887)<=0,"원가보정 ","")&IF(AND(B887<>"CN",N(H887)<=0),"공급가보정 ","")&IF(AND(B887="CN",N(I887)<=0),"중국공급가=원가+마진 ",""))
A888: 100 | B888: =IF(A888="100","HK",IF(A888="200","CN",IF(A888="300","TW","홀세일"))) -> HK | C888: N263WPT010 | D888: 90 | E888: 109000 | F888: 23100 | G888: 3.5 | H888: 25.7 | I888: 0 | J888: =IF(N(E888)>0,E888,IF(N(F888)>0,F888*가정!$B$5,0)) -> 109000 | K888: =IF(N(F888)>0,F888,IF(N(E888)>0,E888/가정!$B$5,0)) -> 23100 | L888: =IF(B888="CN",IF(N(I888)>0,I888*가정!$B$3,K888*(1+가정!$B$6)),IF(N(H888)>0,H888*가정!$B$3,J888*가정!$B$4)) -> 35023.446 | M888: =D888*J888 -> 9810000 | N888: =D888*K888 -> 2079000 | O888: =D888*L888 -> 3152110.1 | P888: =TRIM(IF(N(E888)<=0,"택가보정 ","")&IF(N(F888)<=0,"원가보정 ","")&IF(AND(B888<>"CN",N(H888)<=0),"공급가보정 ","")&IF(AND(B888="CN",N(I888)<=0),"중국공급가=원가+마진 ",""))
A889: 600 | B889: =IF(A889="100","HK",IF(A889="200","CN",IF(A889="300","TW","홀세일"))) -> 홀세일 | C889: N263WPT010 | D889: 50 | E889: 109000 | F889: 23100 | G889: 3.5 | H889: 25.7 | I889: 0 | J889: =IF(N(E889)>0,E889,IF(N(F889)>0,F889*가정!$B$5,0)) -> 109000 | K889: =IF(N(F889)>0,F889,IF(N(E889)>0,E889/가정!$B$5,0)) -> 23100 | L889: =IF(B889="CN",IF(N(I889)>0,I889*가정!$B$3,K889*(1+가정!$B$6)),IF(N(H889)>0,H889*가정!$B$3,J889*가정!$B$4)) -> 35023.446 | M889: =D889*J889 -> 5450000 | N889: =D889*K889 -> 1155000 | O889: =D889*L889 -> 1751172.3 | P889: =TRIM(IF(N(E889)<=0,"택가보정 ","")&IF(N(F889)<=0,"원가보정 ","")&IF(AND(B889<>"CN",N(H889)<=0),"공급가보정 ","")&IF(AND(B889="CN",N(I889)<=0),"중국공급가=원가+마진 ",""))
A890: 800 | B890: =IF(A890="100","HK",IF(A890="200","CN",IF(A890="300","TW","홀세일"))) -> 홀세일 | C890: N263WPT010 | D890: 25 | E890: 109000 | F890: 23100 | G890: 3.5 | H890: 25.7 | I890: 0 | J890: =IF(N(E890)>0,E890,IF(N(F890)>0,F890*가정!$B$5,0)) -> 109000 | K890: =IF(N(F890)>0,F890,IF(N(E890)>0,E890/가정!$B$5,0)) -> 23100 | L890: =IF(B890="CN",IF(N(I890)>0,I890*가정!$B$3,K890*(1+가정!$B$6)),IF(N(H890)>0,H890*가정!$B$3,J890*가정!$B$4)) -> 35023.446 | M890: =D890*J890 -> 2725000 | N890: =D890*K890 -> 577500 | O890: =D890*L890 -> 875586.15 | P890: =TRIM(IF(N(E890)<=0,"택가보정 ","")&IF(N(F890)<=0,"원가보정 ","")&IF(AND(B890<>"CN",N(H890)<=0),"공급가보정 ","")&IF(AND(B890="CN",N(I890)<=0),"중국공급가=원가+마진 ",""))
A891: 810 | B891: =IF(A891="100","HK",IF(A891="200","CN",IF(A891="300","TW","홀세일"))) -> 홀세일 | C891: N263WPT010 | D891: 144 | E891: 109000 | F891: 23100 | G891: 3.5 | H891: 25.7 | I891: 0 | J891: =IF(N(E891)>0,E891,IF(N(F891)>0,F891*가정!$B$5,0)) -> 109000 | K891: =IF(N(F891)>0,F891,IF(N(E891)>0,E891/가정!$B$5,0)) -> 23100 | L891: =IF(B891="CN",IF(N(I891)>0,I891*가정!$B$3,K891*(1+가정!$B$6)),IF(N(H891)>0,H891*가정!$B$3,J891*가정!$B$4)) -> 35023.446 | M891: =D891*J891 -> 15696000 | N891: =D891*K891 -> 3326400 | O891: =D891*L891 -> 5043376.2 | P891: =TRIM(IF(N(E891)<=0,"택가보정 ","")&IF(N(F891)<=0,"원가보정 ","")&IF(AND(B891<>"CN",N(H891)<=0),"공급가보정 ","")&IF(AND(B891="CN",N(I891)<=0),"중국공급가=원가+마진 ",""))
A892: 100 | B892: =IF(A892="100","HK",IF(A892="200","CN",IF(A892="300","TW","홀세일"))) -> HK | C892: N263WPT011 | D892: 160 | E892: 109000 | F892: 22500 | G892: 3.68 | H892: 25.7 | I892: 0 | J892: =IF(N(E892)>0,E892,IF(N(F892)>0,F892*가정!$B$5,0)) -> 109000 | K892: =IF(N(F892)>0,F892,IF(N(E892)>0,E892/가정!$B$5,0)) -> 22500 | L892: =IF(B892="CN",IF(N(I892)>0,I892*가정!$B$3,K892*(1+가정!$B$6)),IF(N(H892)>0,H892*가정!$B$3,J892*가정!$B$4)) -> 35023.446 | M892: =D892*J892 -> 17440000 | N892: =D892*K892 -> 3600000 | O892: =D892*L892 -> 5603751.4 | P892: =TRIM(IF(N(E892)<=0,"택가보정 ","")&IF(N(F892)<=0,"원가보정 ","")&IF(AND(B892<>"CN",N(H892)<=0),"공급가보정 ","")&IF(AND(B892="CN",N(I892)<=0),"중국공급가=원가+마진 ",""))
A893: 300 | B893: =IF(A893="100","HK",IF(A893="200","CN",IF(A893="300","TW","홀세일"))) -> TW | C893: N263WPT011 | D893: 140 | E893: 109000 | F893: 22500 | G893: 3.68 | H893: 25.7 | I893: 0 | J893: =IF(N(E893)>0,E893,IF(N(F893)>0,F893*가정!$B$5,0)) -> 109000 | K893: =IF(N(F893)>0,F893,IF(N(E893)>0,E893/가정!$B$5,0)) -> 22500 | L893: =IF(B893="CN",IF(N(I893)>0,I893*가정!$B$3,K893*(1+가정!$B$6)),IF(N(H893)>0,H893*가정!$B$3,J893*가정!$B$4)) -> 35023.446 | M893: =D893*J893 -> 15260000 | N893: =D893*K893 -> 3150000 | O893: =D893*L893 -> 4903282.4 | P893: =TRIM(IF(N(E893)<=0,"택가보정 ","")&IF(N(F893)<=0,"원가보정 ","")&IF(AND(B893<>"CN",N(H893)<=0),"공급가보정 ","")&IF(AND(B893="CN",N(I893)<=0),"중국공급가=원가+마진 ",""))
A894: 600 | B894: =IF(A894="100","HK",IF(A894="200","CN",IF(A894="300","TW","홀세일"))) -> 홀세일 | C894: N263WPT011 | D894: 45 | E894: 109000 | F894: 22500 | G894: 3.68 | H894: 25.7 | I894: 0 | J894: =IF(N(E894)>0,E894,IF(N(F894)>0,F894*가정!$B$5,0)) -> 109000 | K894: =IF(N(F894)>0,F894,IF(N(E894)>0,E894/가정!$B$5,0)) -> 22500 | L894: =IF(B894="CN",IF(N(I894)>0,I894*가정!$B$3,K894*(1+가정!$B$6)),IF(N(H894)>0,H894*가정!$B$3,J894*가정!$B$4)) -> 35023.446 | M894: =D894*J894 -> 4905000 | N894: =D894*K894 -> 1012500 | O894: =D894*L894 -> 1576055.1 | P894: =TRIM(IF(N(E894)<=0,"택가보정 ","")&IF(N(F894)<=0,"원가보정 ","")&IF(AND(B894<>"CN",N(H894)<=0),"공급가보정 ","")&IF(AND(B894="CN",N(I894)<=0),"중국공급가=원가+마진 ",""))
A895: 800 | B895: =IF(A895="100","HK",IF(A895="200","CN",IF(A895="300","TW","홀세일"))) -> 홀세일 | C895: N263WPT011 | D895: 30 | E895: 109000 | F895: 22500 | G895: 3.68 | H895: 25.7 | I895: 0 | J895: =IF(N(E895)>0,E895,IF(N(F895)>0,F895*가정!$B$5,0)) -> 109000 | K895: =IF(N(F895)>0,F895,IF(N(E895)>0,E895/가정!$B$5,0)) -> 22500 | L895: =IF(B895="CN",IF(N(I895)>0,I895*가정!$B$3,K895*(1+가정!$B$6)),IF(N(H895)>0,H895*가정!$B$3,J895*가정!$B$4)) -> 35023.446 | M895: =D895*J895 -> 3270000 | N895: =D895*K895 -> 675000 | O895: =D895*L895 -> 1050703.4 | P895: =TRIM(IF(N(E895)<=0,"택가보정 ","")&IF(N(F895)<=0,"원가보정 ","")&IF(AND(B895<>"CN",N(H895)<=0),"공급가보정 ","")&IF(AND(B895="CN",N(I895)<=0),"중국공급가=원가+마진 ",""))
A896: 100 | B896: =IF(A896="100","HK",IF(A896="200","CN",IF(A896="300","TW","홀세일"))) -> HK | C896: N263WPT020 | D896: 90 | E896: 149000 | F896: 29700 | G896: 4.01 | H896: 35.1 | I896: 0 | J896: =IF(N(E896)>0,E896,IF(N(F896)>0,F896*가정!$B$5,0)) -> 149000 | K896: =IF(N(F896)>0,F896,IF(N(E896)>0,E896/가정!$B$5,0)) -> 29700 | L896: =IF(B896="CN",IF(N(I896)>0,I896*가정!$B$3,K896*(1+가정!$B$6)),IF(N(H896)>0,H896*가정!$B$3,J896*가정!$B$4)) -> 47833.578 | M896: =D896*J896 -> 13410000 | N896: =D896*K896 -> 2673000 | O896: =D896*L896 -> 4305022 | P896: =TRIM(IF(N(E896)<=0,"택가보정 ","")&IF(N(F896)<=0,"원가보정 ","")&IF(AND(B896<>"CN",N(H896)<=0),"공급가보정 ","")&IF(AND(B896="CN",N(I896)<=0),"중국공급가=원가+마진 ",""))
A897: 300 | B897: =IF(A897="100","HK",IF(A897="200","CN",IF(A897="300","TW","홀세일"))) -> TW | C897: N263WPT020 | D897: 100 | E897: 149000 | F897: 29700 | G897: 4.01 | H897: 35.1 | I897: 0 | J897: =IF(N(E897)>0,E897,IF(N(F897)>0,F897*가정!$B$5,0)) -> 149000 | K897: =IF(N(F897)>0,F897,IF(N(E897)>0,E897/가정!$B$5,0)) -> 29700 | L897: =IF(B897="CN",IF(N(I897)>0,I897*가정!$B$3,K897*(1+가정!$B$6)),IF(N(H897)>0,H897*가정!$B$3,J897*가정!$B$4)) -> 47833.578 | M897: =D897*J897 -> 14900000 | N897: =D897*K897 -> 2970000 | O897: =D897*L897 -> 4783357.8 | P897: =TRIM(IF(N(E897)<=0,"택가보정 ","")&IF(N(F897)<=0,"원가보정 ","")&IF(AND(B897<>"CN",N(H897)<=0),"공급가보정 ","")&IF(AND(B897="CN",N(I897)<=0),"중국공급가=원가+마진 ",""))
A898: 600 | B898: =IF(A898="100","HK",IF(A898="200","CN",IF(A898="300","TW","홀세일"))) -> 홀세일 | C898: N263WPT020 | D898: 25 | E898: 149000 | F898: 29700 | G898: 4.01 | H898: 35.1 | I898: 0 | J898: =IF(N(E898)>0,E898,IF(N(F898)>0,F898*가정!$B$5,0)) -> 149000 | K898: =IF(N(F898)>0,F898,IF(N(E898)>0,E898/가정!$B$5,0)) -> 29700 | L898: =IF(B898="CN",IF(N(I898)>0,I898*가정!$B$3,K898*(1+가정!$B$6)),IF(N(H898)>0,H898*가정!$B$3,J898*가정!$B$4)) -> 47833.578 | M898: =D898*J898 -> 3725000 | N898: =D898*K898 -> 742500 | O898: =D898*L898 -> 1195839.4 | P898: =TRIM(IF(N(E898)<=0,"택가보정 ","")&IF(N(F898)<=0,"원가보정 ","")&IF(AND(B898<>"CN",N(H898)<=0),"공급가보정 ","")&IF(AND(B898="CN",N(I898)<=0),"중국공급가=원가+마진 ",""))
A899: 100 | B899: =IF(A899="100","HK",IF(A899="200","CN",IF(A899="300","TW","홀세일"))) -> HK | C899: N263WPT030 | D899: 90 | E899: 149000 | F899: 23400 | G899: 4.59 | H899: 35.1 | I899: 0 | J899: =IF(N(E899)>0,E899,IF(N(F899)>0,F899*가정!$B$5,0)) -> 149000 | K899: =IF(N(F899)>0,F899,IF(N(E899)>0,E899/가정!$B$5,0)) -> 23400 | L899: =IF(B899="CN",IF(N(I899)>0,I899*가정!$B$3,K899*(1+가정!$B$6)),IF(N(H899)>0,H899*가정!$B$3,J899*가정!$B$4)) -> 47833.578 | M899: =D899*J899 -> 13410000 | N899: =D899*K899 -> 2106000 | O899: =D899*L899 -> 4305022 | P899: =TRIM(IF(N(E899)<=0,"택가보정 ","")&IF(N(F899)<=0,"원가보정 ","")&IF(AND(B899<>"CN",N(H899)<=0),"공급가보정 ","")&IF(AND(B899="CN",N(I899)<=0),"중국공급가=원가+마진 ",""))
... A974: 300 | B974: =IF(A974="100","HK",IF(A974="200","CN",IF(A974="300","TW","홀세일"))) -> TW | C974: N264MFJ500 | D974: 50 | E974: 259000 | F974: 78500 | G974: 3.3 | H974: 64.9 | I974: 0 | J974: =IF(N(E974)>0,E974,IF(N(F974)>0,F974*가정!$B$5,0)) -> 259000 | K974: =IF(N(F974)>0,F974,IF(N(E974)>0,E974/가정!$B$5,0)) -> 78500 | L974: =IF(B974="CN",IF(N(I974)>0,I974*가정!$B$3,K974*(1+가정!$B$6)),IF(N(H974)>0,H974*가정!$B$3,J974*가정!$B$4)) -> 88444.422 | M974: =D974*J974 -> 12950000 | N974: =D974*K974 -> 3925000 | O974: =D974*L974 -> 4422221.1 | P974: =TRIM(IF(N(E974)<=0,"택가보정 ","")&IF(N(F974)<=0,"원가보정 ","")&IF(AND(B974<>"CN",N(H974)<=0),"공급가보정 ","")&IF(AND(B974="CN",N(I974)<=0),"중국공급가=원가+마진 ",""))
A975: 100 | B975: =IF(A975="100","HK",IF(A975="200","CN",IF(A975="300","TW","홀세일"))) -> HK | C975: N264MPD510 | D975: 50 | E975: 259000 | F975: 76900 | G975: 3.43 | H975: 64.9 | J975: =IF(N(E975)>0,E975,IF(N(F975)>0,F975*가정!$B$5,0)) -> 259000 | K975: =IF(N(F975)>0,F975,IF(N(E975)>0,E975/가정!$B$5,0)) -> 76900 | L975: =IF(B975="CN",IF(N(I975)>0,I975*가정!$B$3,K975*(1+가정!$B$6)),IF(N(H975)>0,H975*가정!$B$3,J975*가정!$B$4)) -> 88444.422 | M975: =D975*J975 -> 12950000 | N975: =D975*K975 -> 3845000 | O975: =D975*L975 -> 4422221.1 | P975: =TRIM(IF(N(E975)<=0,"택가보정 ","")&IF(N(F975)<=0,"원가보정 ","")&IF(AND(B975<>"CN",N(H975)<=0),"공급가보정 ","")&IF(AND(B975="CN",N(I975)<=0),"중국공급가=원가+마진 ",""))
A976: 200 | B976: =IF(A976="100","HK",IF(A976="200","CN",IF(A976="300","TW","홀세일"))) -> CN | C976: N264MVT350 | D976: 412 | E976: 199000 | F976: 48700 | G976: 3.68 | H976: 51.2 | I976: 37.9 | J976: =IF(N(E976)>0,E976,IF(N(F976)>0,F976*가정!$B$5,0)) -> 199000 | K976: =IF(N(F976)>0,F976,IF(N(E976)>0,E976/가정!$B$5,0)) -> 48700 | L976: =IF(B976="CN",IF(N(I976)>0,I976*가정!$B$3,K976*(1+가정!$B$6)),IF(N(H976)>0,H976*가정!$B$3,J976*가정!$B$4)) -> 51649.362 | M976: =D976*J976 -> 81988000 | N976: =D976*K976 -> 20064400 | O976: =D976*L976 -> 21279537 | P976: =TRIM(IF(N(E976)<=0,"택가보정 ","")&IF(N(F976)<=0,"원가보정 ","")&IF(AND(B976<>"CN",N(H976)<=0),"공급가보정 ","")&IF(AND(B976="CN",N(I976)<=0),"중국공급가=원가+마진 ",""))
A977: 200 | B977: =IF(A977="100","HK",IF(A977="200","CN",IF(A977="300","TW","홀세일"))) -> CN | C977: N264MFT310 | D977: 332 | E977: 219000 | F977: 59295 | G977: 3.72 | H977: 51.5 | I977: 43.8 | J977: =IF(N(E977)>0,E977,IF(N(F977)>0,F977*가정!$B$5,0)) -> 219000 | K977: =IF(N(F977)>0,F977,IF(N(E977)>0,E977/가정!$B$5,0)) -> 59295 | L977: =IF(B977="CN",IF(N(I977)>0,I977*가정!$B$3,K977*(1+가정!$B$6)),IF(N(H977)>0,H977*가정!$B$3,J977*가정!$B$4)) -> 59689.764 | M977: =D977*J977 -> 72708000 | N977: =D977*K977 -> 19685940 | O977: =D977*L977 -> 19817002 | P977: =TRIM(IF(N(E977)<=0,"택가보정 ","")&IF(N(F977)<=0,"원가보정 ","")&IF(AND(B977<>"CN",N(H977)<=0),"공급가보정 ","")&IF(AND(B977="CN",N(I977)<=0),"중국공급가=원가+마진 ",""))
A978: 300 | B978: =IF(A978="100","HK",IF(A978="200","CN",IF(A978="300","TW","홀세일"))) -> TW | C978: N264MFT310 | D978: 150 | E978: 219000 | F978: 59295 | G978: 3.72 | H978: 51.5 | I978: 43.8 | J978: =IF(N(E978)>0,E978,IF(N(F978)>0,F978*가정!$B$5,0)) -> 219000 | K978: =IF(N(F978)>0,F978,IF(N(E978)>0,E978/가정!$B$5,0)) -> 59295 | L978: =IF(B978="CN",IF(N(I978)>0,I978*가정!$B$3,K978*(1+가정!$B$6)),IF(N(H978)>0,H978*가정!$B$3,J978*가정!$B$4)) -> 70183.17 | M978: =D978*J978 -> 32850000 | N978: =D978*K978 -> 8894250 | O978: =D978*L978 -> 10527476 | P978: =TRIM(IF(N(E978)<=0,"택가보정 ","")&IF(N(F978)<=0,"원가보정 ","")&IF(AND(B978<>"CN",N(H978)<=0),"공급가보정 ","")&IF(AND(B978="CN",N(I978)<=0),"중국공급가=원가+마진 ",""))
A979: 810 | B979: =IF(A979="100","HK",IF(A979="200","CN",IF(A979="300","TW","홀세일"))) -> 홀세일 | C979: N264MFT310 | D979: 216 | E979: 219000 | F979: 59295 | G979: 3.72 | H979: 51.5 | I979: 43.8 | J979: =IF(N(E979)>0,E979,IF(N(F979)>0,F979*가정!$B$5,0)) -> 219000 | K979: =IF(N(F979)>0,F979,IF(N(E979)>0,E979/가정!$B$5,0)) -> 59295 | L979: =IF(B979="CN",IF(N(I979)>0,I979*가정!$B$3,K979*(1+가정!$B$6)),IF(N(H979)>0,H979*가정!$B$3,J979*가정!$B$4)) -> 70183.17 | M979: =D979*J979 -> 47304000 | N979: =D979*K979 -> 12807720 | O979: =D979*L979 -> 15159565 | P979: =TRIM(IF(N(E979)<=0,"택가보정 ","")&IF(N(F979)<=0,"원가보정 ","")&IF(AND(B979<>"CN",N(H979)<=0),"공급가보정 ","")&IF(AND(B979="CN",N(I979)<=0),"중국공급가=원가+마진 ",""))
A980: 100 | B980: =IF(A980="100","HK",IF(A980="200","CN",IF(A980="300","TW","홀세일"))) -> HK | C980: N264MHD500 | D980: 115 | E980: 139000 | F980: 37108 | G980: 3.36 | H980: 32.7 | I980: 32.1 | J980: =IF(N(E980)>0,E980,IF(N(F980)>0,F980*가정!$B$5,0)) -> 139000 | K980: =IF(N(F980)>0,F980,IF(N(E980)>0,E980/가정!$B$5,0)) -> 37108 | L980: =IF(B980="CN",IF(N(I980)>0,I980*가정!$B$3,K980*(1+가정!$B$6)),IF(N(H980)>0,H980*가정!$B$3,J980*가정!$B$4)) -> 44562.906 | M980: =D980*J980 -> 15985000 | N980: =D980*K980 -> 4267420 | O980: =D980*L980 -> 5124734.2 | P980: =TRIM(IF(N(E980)<=0,"택가보정 ","")&IF(N(F980)<=0,"원가보정 ","")&IF(AND(B980<>"CN",N(H980)<=0),"공급가보정 ","")&IF(AND(B980="CN",N(I980)<=0),"중국공급가=원가+마진 ",""))
A981: 200 | B981: =IF(A981="100","HK",IF(A981="200","CN",IF(A981="300","TW","홀세일"))) -> CN | C981: N264MHD500 | D981: 122 | E981: 139000 | F981: 37108 | G981: 3.36 | H981: 32.7 | I981: 32.1 | J981: =IF(N(E981)>0,E981,IF(N(F981)>0,F981*가정!$B$5,0)) -> 139000 | K981: =IF(N(F981)>0,F981,IF(N(E981)>0,E981/가정!$B$5,0)) -> 37108 | L981: =IF(B981="CN",IF(N(I981)>0,I981*가정!$B$3,K981*(1+가정!$B$6)),IF(N(H981)>0,H981*가정!$B$3,J981*가정!$B$4)) -> 43745.238 | M981: =D981*J981 -> 16958000 | N981: =D981*K981 -> 4527176 | O981: =D981*L981 -> 5336919 | P981: =TRIM(IF(N(E981)<=0,"택가보정 ","")&IF(N(F981)<=0,"원가보정 ","")&IF(AND(B981<>"CN",N(H981)<=0),"공급가보정 ","")&IF(AND(B981="CN",N(I981)<=0),"중국공급가=원가+마진 ",""))
A982: 700 | B982: =IF(A982="100","HK",IF(A982="200","CN",IF(A982="300","TW","홀세일"))) -> 홀세일 | C982: N264MHD500 | D982: 51 | E982: 139000 | F982: 37108 | G982: 3.36 | H982: 32.7 | I982: 32.1 | J982: =IF(N(E982)>0,E982,IF(N(F982)>0,F982*가정!$B$5,0)) -> 139000 | K982: =IF(N(F982)>0,F982,IF(N(E982)>0,E982/가정!$B$5,0)) -> 37108 | L982: =IF(B982="CN",IF(N(I982)>0,I982*가정!$B$3,K982*(1+가정!$B$6)),IF(N(H982)>0,H982*가정!$B$3,J982*가정!$B$4)) -> 44562.906 | M982: =D982*J982 -> 7089000 | N982: =D982*K982 -> 1892508 | O982: =D982*L982 -> 2272708.2 | P982: =TRIM(IF(N(E982)<=0,"택가보정 ","")&IF(N(F982)<=0,"원가보정 ","")&IF(AND(B982<>"CN",N(H982)<=0),"공급가보정 ","")&IF(AND(B982="CN",N(I982)<=0),"중국공급가=원가+마진 ",""))
A983: 300 | B983: =IF(A983="100","HK",IF(A983="200","CN",IF(A983="300","TW","홀세일"))) -> TW | C983: N264MSH350 | D983: 260 | E983: 239000 | F983: 62300 | G983: 3.43 | H983: 57.9 | I983: 0 | J983: =IF(N(E983)>0,E983,IF(N(F983)>0,F983*가정!$B$5,0)) -> 239000 | K983: =IF(N(F983)>0,F983,IF(N(E983)>0,E983/가정!$B$5,0)) -> 62300 | L983: =IF(B983="CN",IF(N(I983)>0,I983*가정!$B$3,K983*(1+가정!$B$6)),IF(N(H983)>0,H983*가정!$B$3,J983*가정!$B$4)) -> 78904.962 | M983: =D983*J983 -> 62140000 | N983: =D983*K983 -> 16198000 | O983: =D983*L983 -> 20515290 | P983: =TRIM(IF(N(E983)<=0,"택가보정 ","")&IF(N(F983)<=0,"원가보정 ","")&IF(AND(B983<>"CN",N(H983)<=0),"공급가보정 ","")&IF(AND(B983="CN",N(I983)<=0),"중국공급가=원가+마진 ",""))
A984: 100 | B984: =IF(A984="100","HK",IF(A984="200","CN",IF(A984="300","TW","홀세일"))) -> HK | C984: N264MSW500 | D984: 70 | E984: 99000 | F984: 22102 | G984: 3.44 | H984: 23.3 | I984: 18.4 | J984: =IF(N(E984)>0,E984,IF(N(F984)>0,F984*가정!$B$5,0)) -> 99000 | K984: =IF(N(F984)>0,F984,IF(N(E984)>0,E984/가정!$B$5,0)) -> 22102 | L984: =IF(B984="CN",IF(N(I984)>0,I984*가정!$B$3,K984*(1+가정!$B$6)),IF(N(H984)>0,H984*가정!$B$3,J984*가정!$B$4)) -> 31752.774 | M984: =D984*J984 -> 6930000 | N984: =D984*K984 -> 1547140 | O984: =D984*L984 -> 2222694.2 | P984: =TRIM(IF(N(E984)<=0,"택가보정 ","")&IF(N(F984)<=0,"원가보정 ","")&IF(AND(B984<>"CN",N(H984)<=0),"공급가보정 ","")&IF(AND(B984="CN",N(I984)<=0),"중국공급가=원가+마진 ",""))
A985: 200 | B985: =IF(A985="100","HK",IF(A985="200","CN",IF(A985="300","TW","홀세일"))) -> CN | C985: N264MSW500 | D985: 162 | E985: 99000 | F985: 22102 | G985: 3.44 | H985: 23.3 | I985: 18.4 | J985: =IF(N(E985)>0,E985,IF(N(F985)>0,F985*가정!$B$5,0)) -> 99000 | K985: =IF(N(F985)>0,F985,IF(N(E985)>0,E985/가정!$B$5,0)) -> 22102 | L985: =IF(B985="CN",IF(N(I985)>0,I985*가정!$B$3,K985*(1+가정!$B$6)),IF(N(H985)>0,H985*가정!$B$3,J985*가정!$B$4)) -> 25075.152 | M985: =D985*J985 -> 16038000 | N985: =D985*K985 -> 3580524 | O985: =D985*L985 -> 4062174.6 | P985: =TRIM(IF(N(E985)<=0,"택가보정 ","")&IF(N(F985)<=0,"원가보정 ","")&IF(AND(B985<>"CN",N(H985)<=0),"공급가보정 ","")&IF(AND(B985="CN",N(I985)<=0),"중국공급가=원가+마진 ",""))
A986: 300 | B986: =IF(A986="100","HK",IF(A986="200","CN",IF(A986="300","TW","홀세일"))) -> TW | C986: N264MSW500 | D986: 240 | E986: 99000 | F986: 22102 | G986: 3.44 | H986: 23.3 | I986: 18.4 | J986: =IF(N(E986)>0,E986,IF(N(F986)>0,F986*가정!$B$5,0)) -> 99000 | K986: =IF(N(F986)>0,F986,IF(N(E986)>0,E986/가정!$B$5,0)) -> 22102 | L986: =IF(B986="CN",IF(N(I986)>0,I986*가정!$B$3,K986*(1+가정!$B$6)),IF(N(H986)>0,H986*가정!$B$3,J986*가정!$B$4)) -> 31752.774 | M986: =D986*J986 -> 23760000 | N986: =D986*K986 -> 5304480 | O986: =D986*L986 -> 7620665.8 | P986: =TRIM(IF(N(E986)<=0,"택가보정 ","")&IF(N(F986)<=0,"원가보정 ","")&IF(AND(B986<>"CN",N(H986)<=0),"공급가보정 ","")&IF(AND(B986="CN",N(I986)<=0),"중국공급가=원가+마진 ",""))
A987: 800 | B987: =IF(A987="100","HK",IF(A987="200","CN",IF(A987="300","TW","홀세일"))) -> 홀세일 | C987: N264MSW500 | D987: 60 | E987: 99000 | F987: 22102 | G987: 3.44 | H987: 23.3 | I987: 18.4 | J987: =IF(N(E987)>0,E987,IF(N(F987)>0,F987*가정!$B$5,0)) -> 99000 | K987: =IF(N(F987)>0,F987,IF(N(E987)>0,E987/가정!$B$5,0)) -> 22102 | L987: =IF(B987="CN",IF(N(I987)>0,I987*가정!$B$3,K987*(1+가정!$B$6)),IF(N(H987)>0,H987*가정!$B$3,J987*가정!$B$4)) -> 31752.774 | M987: =D987*J987 -> 5940000 | N987: =D987*K987 -> 1326120 | O987: =D987*L987 -> 1905166.4 | P987: =TRIM(IF(N(E987)<=0,"택가보정 ","")&IF(N(F987)<=0,"원가보정 ","")&IF(AND(B987<>"CN",N(H987)<=0),"공급가보정 ","")&IF(AND(B987="CN",N(I987)<=0),"중국공급가=원가+마진 ",""))
... A1055: 200 | B1055: =IF(A1055="100","HK",IF(A1055="200","CN",IF(A1055="300","TW","홀세일"))) -> CN | C1055: N264UDW152 | D1055: 222 | E1055: 459000 | F1055: 121700 | G1055: 3.24 | H1055: 117.9 | I1055: 99.2 | J1055: =IF(N(E1055)>0,E1055,IF(N(F1055)>0,F1055*가정!$B$5,0)) -> 459000 | K1055: =IF(N(F1055)>0,F1055,IF(N(E1055)>0,E1055/가정!$B$5,0)) -> 121700 | L1055: =IF(B1055="CN",IF(N(I1055)>0,I1055*가정!$B$3,K1055*(1+가정!$B$6)),IF(N(H1055)>0,H1055*가정!$B$3,J1055*가정!$B$4)) -> 135187.78 | M1055: =D1055*J1055 -> 101898000 | N1055: =D1055*K1055 -> 27017400 | O1055: =D1055*L1055 -> 30011686 | P1055: =TRIM(IF(N(E1055)<=0,"택가보정 ","")&IF(N(F1055)<=0,"원가보정 ","")&IF(AND(B1055<>"CN",N(H1055)<=0),"공급가보정 ","")&IF(AND(B1055="CN",N(I1055)<=0),"중국공급가=원가+마진 ",""))
A1056: 100 | B1056: =IF(A1056="100","HK",IF(A1056="200","CN",IF(A1056="300","TW","홀세일"))) -> HK | C1056: N264UDW154 | D1056: 50 | E1056: 299000 | G1056: 2.88 | H1056: 76.8 | J1056: =IF(N(E1056)>0,E1056,IF(N(F1056)>0,F1056*가정!$B$5,0)) -> 299000 | K1056: =IF(N(F1056)>0,F1056,IF(N(E1056)>0,E1056/가정!$B$5,0)) -> 74750 | L1056: =IF(B1056="CN",IF(N(I1056)>0,I1056*가정!$B$3,K1056*(1+가정!$B$6)),IF(N(H1056)>0,H1056*가정!$B$3,J1056*가정!$B$4)) -> 104661.5 | M1056: =D1056*J1056 -> 14950000 | N1056: =D1056*K1056 -> 3737500 | O1056: =D1056*L1056 -> 5233075.2 | P1056: =TRIM(IF(N(E1056)<=0,"택가보정 ","")&IF(N(F1056)<=0,"원가보정 ","")&IF(AND(B1056<>"CN",N(H1056)<=0),"공급가보정 ","")&IF(AND(B1056="CN",N(I1056)<=0),"중국공급가=원가+마진 ","")) -> 원가보정
A1057: 300 | B1057: =IF(A1057="100","HK",IF(A1057="200","CN",IF(A1057="300","TW","홀세일"))) -> TW | C1057: N264UDW154 | D1057: 320 | E1057: 299000 | G1057: 2.88 | H1057: 76.8 | J1057: =IF(N(E1057)>0,E1057,IF(N(F1057)>0,F1057*가정!$B$5,0)) -> 299000 | K1057: =IF(N(F1057)>0,F1057,IF(N(E1057)>0,E1057/가정!$B$5,0)) -> 74750 | L1057: =IF(B1057="CN",IF(N(I1057)>0,I1057*가정!$B$3,K1057*(1+가정!$B$6)),IF(N(H1057)>0,H1057*가정!$B$3,J1057*가정!$B$4)) -> 104661.5 | M1057: =D1057*J1057 -> 95680000 | N1057: =D1057*K1057 -> 23920000 | O1057: =D1057*L1057 -> 33491681 | P1057: =TRIM(IF(N(E1057)<=0,"택가보정 ","")&IF(N(F1057)<=0,"원가보정 ","")&IF(AND(B1057<>"CN",N(H1057)<=0),"공급가보정 ","")&IF(AND(B1057="CN",N(I1057)<=0),"중국공급가=원가+마진 ","")) -> 원가보정
A1058: 100 | B1058: =IF(A1058="100","HK",IF(A1058="200","CN",IF(A1058="300","TW","홀세일"))) -> HK | C1058: N264UDW160 | D1058: 150 | E1058: 439000 | F1058: 115174 | G1058: 3.45 | H1058: 109.9 | I1058: 86.4 | J1058: =IF(N(E1058)>0,E1058,IF(N(F1058)>0,F1058*가정!$B$5,0)) -> 439000 | K1058: =IF(N(F1058)>0,F1058,IF(N(E1058)>0,E1058/가정!$B$5,0)) -> 115174 | L1058: =IF(B1058="CN",IF(N(I1058)>0,I1058*가정!$B$3,K1058*(1+가정!$B$6)),IF(N(H1058)>0,H1058*가정!$B$3,J1058*가정!$B$4)) -> 149769.52 | M1058: =D1058*J1058 -> 65850000 | N1058: =D1058*K1058 -> 17276100 | O1058: =D1058*L1058 -> 22465428 | P1058: =TRIM(IF(N(E1058)<=0,"택가보정 ","")&IF(N(F1058)<=0,"원가보정 ","")&IF(AND(B1058<>"CN",N(H1058)<=0),"공급가보정 ","")&IF(AND(B1058="CN",N(I1058)<=0),"중국공급가=원가+마진 ",""))
A1059: 200 | B1059: =IF(A1059="100","HK",IF(A1059="200","CN",IF(A1059="300","TW","홀세일"))) -> CN | C1059: N264UDW160 | D1059: 462 | E1059: 439000 | F1059: 115174 | G1059: 3.45 | H1059: 109.9 | I1059: 86.4 | J1059: =IF(N(E1059)>0,E1059,IF(N(F1059)>0,F1059*가정!$B$5,0)) -> 439000 | K1059: =IF(N(F1059)>0,F1059,IF(N(E1059)>0,E1059/가정!$B$5,0)) -> 115174 | L1059: =IF(B1059="CN",IF(N(I1059)>0,I1059*가정!$B$3,K1059*(1+가정!$B$6)),IF(N(H1059)>0,H1059*가정!$B$3,J1059*가정!$B$4)) -> 117744.19 | M1059: =D1059*J1059 -> 202818000 | N1059: =D1059*K1059 -> 53210388 | O1059: =D1059*L1059 -> 54397817 | P1059: =TRIM(IF(N(E1059)<=0,"택가보정 ","")&IF(N(F1059)<=0,"원가보정 ","")&IF(AND(B1059<>"CN",N(H1059)<=0),"공급가보정 ","")&IF(AND(B1059="CN",N(I1059)<=0),"중국공급가=원가+마진 ",""))
A1060: 200 | B1060: =IF(A1060="100","HK",IF(A1060="200","CN",IF(A1060="300","TW","홀세일"))) -> CN | C1060: N264UDW160 | D1060: 462 | E1060: 439000 | F1060: 115174 | G1060: 3.45 | H1060: 109.9 | I1060: 86.4 | J1060: =IF(N(E1060)>0,E1060,IF(N(F1060)>0,F1060*가정!$B$5,0)) -> 439000 | K1060: =IF(N(F1060)>0,F1060,IF(N(E1060)>0,E1060/가정!$B$5,0)) -> 115174 | L1060: =IF(B1060="CN",IF(N(I1060)>0,I1060*가정!$B$3,K1060*(1+가정!$B$6)),IF(N(H1060)>0,H1060*가정!$B$3,J1060*가정!$B$4)) -> 117744.19 | M1060: =D1060*J1060 -> 202818000 | N1060: =D1060*K1060 -> 53210388 | O1060: =D1060*L1060 -> 54397817 | P1060: =TRIM(IF(N(E1060)<=0,"택가보정 ","")&IF(N(F1060)<=0,"원가보정 ","")&IF(AND(B1060<>"CN",N(H1060)<=0),"공급가보정 ","")&IF(AND(B1060="CN",N(I1060)<=0),"중국공급가=원가+마진 ",""))
A1061: 300 | B1061: =IF(A1061="100","HK",IF(A1061="200","CN",IF(A1061="300","TW","홀세일"))) -> TW | C1061: N264UDW160 | D1061: 270 | E1061: 439000 | F1061: 115174 | G1061: 3.45 | H1061: 109.9 | I1061: 86.4 | J1061: =IF(N(E1061)>0,E1061,IF(N(F1061)>0,F1061*가정!$B$5,0)) -> 439000 | K1061: =IF(N(F1061)>0,F1061,IF(N(E1061)>0,E1061/가정!$B$5,0)) -> 115174 | L1061: =IF(B1061="CN",IF(N(I1061)>0,I1061*가정!$B$3,K1061*(1+가정!$B$6)),IF(N(H1061)>0,H1061*가정!$B$3,J1061*가정!$B$4)) -> 149769.52 | M1061: =D1061*J1061 -> 118530000 | N1061: =D1061*K1061 -> 31096980 | O1061: =D1061*L1061 -> 40437771 | P1061: =TRIM(IF(N(E1061)<=0,"택가보정 ","")&IF(N(F1061)<=0,"원가보정 ","")&IF(AND(B1061<>"CN",N(H1061)<=0),"공급가보정 ","")&IF(AND(B1061="CN",N(I1061)<=0),"중국공급가=원가+마진 ",""))
A1062: 600 | B1062: =IF(A1062="100","HK",IF(A1062="200","CN",IF(A1062="300","TW","홀세일"))) -> 홀세일 | C1062: N264UDW160 | D1062: 25 | E1062: 439000 | F1062: 115174 | G1062: 3.45 | H1062: 109.9 | I1062: 86.4 | J1062: =IF(N(E1062)>0,E1062,IF(N(F1062)>0,F1062*가정!$B$5,0)) -> 439000 | K1062: =IF(N(F1062)>0,F1062,IF(N(E1062)>0,E1062/가정!$B$5,0)) -> 115174 | L1062: =IF(B1062="CN",IF(N(I1062)>0,I1062*가정!$B$3,K1062*(1+가정!$B$6)),IF(N(H1062)>0,H1062*가정!$B$3,J1062*가정!$B$4)) -> 149769.52 | M1062: =D1062*J1062 -> 10975000 | N1062: =D1062*K1062 -> 2879350 | O1062: =D1062*L1062 -> 3744238 | P1062: =TRIM(IF(N(E1062)<=0,"택가보정 ","")&IF(N(F1062)<=0,"원가보정 ","")&IF(AND(B1062<>"CN",N(H1062)<=0),"공급가보정 ","")&IF(AND(B1062="CN",N(I1062)<=0),"중국공급가=원가+마진 ",""))
A1063: 700 | B1063: =IF(A1063="100","HK",IF(A1063="200","CN",IF(A1063="300","TW","홀세일"))) -> 홀세일 | C1063: N264UDW160 | D1063: 142 | E1063: 439000 | F1063: 115174 | G1063: 3.45 | H1063: 109.9 | I1063: 86.4 | J1063: =IF(N(E1063)>0,E1063,IF(N(F1063)>0,F1063*가정!$B$5,0)) -> 439000 | K1063: =IF(N(F1063)>0,F1063,IF(N(E1063)>0,E1063/가정!$B$5,0)) -> 115174 | L1063: =IF(B1063="CN",IF(N(I1063)>0,I1063*가정!$B$3,K1063*(1+가정!$B$6)),IF(N(H1063)>0,H1063*가정!$B$3,J1063*가정!$B$4)) -> 149769.52 | M1063: =D1063*J1063 -> 62338000 | N1063: =D1063*K1063 -> 16354708 | O1063: =D1063*L1063 -> 21267272 | P1063: =TRIM(IF(N(E1063)<=0,"택가보정 ","")&IF(N(F1063)<=0,"원가보정 ","")&IF(AND(B1063<>"CN",N(H1063)<=0),"공급가보정 ","")&IF(AND(B1063="CN",N(I1063)<=0),"중국공급가=원가+마진 ",""))
A1064: 100 | B1064: =IF(A1064="100","HK",IF(A1064="200","CN",IF(A1064="300","TW","홀세일"))) -> HK | C1064: N264UDW161 | D1064: 240 | E1064: 359000 | F1064: 97017 | G1064: 3.32 | H1064: 89.9 | I1064: 0 | J1064: =IF(N(E1064)>0,E1064,IF(N(F1064)>0,F1064*가정!$B$5,0)) -> 359000 | K1064: =IF(N(F1064)>0,F1064,IF(N(E1064)>0,E1064/가정!$B$5,0)) -> 97017 | L1064: =IF(B1064="CN",IF(N(I1064)>0,I1064*가정!$B$3,K1064*(1+가정!$B$6)),IF(N(H1064)>0,H1064*가정!$B$3,J1064*가정!$B$4)) -> 122513.92 | M1064: =D1064*J1064 -> 86160000 | N1064: =D1064*K1064 -> 23284080 | O1064: =D1064*L1064 -> 29403341 | P1064: =TRIM(IF(N(E1064)<=0,"택가보정 ","")&IF(N(F1064)<=0,"원가보정 ","")&IF(AND(B1064<>"CN",N(H1064)<=0),"공급가보정 ","")&IF(AND(B1064="CN",N(I1064)<=0),"중국공급가=원가+마진 ",""))
A1065: 700 | B1065: =IF(A1065="100","HK",IF(A1065="200","CN",IF(A1065="300","TW","홀세일"))) -> 홀세일 | C1065: N264UDW161 | D1065: 51 | E1065: 359000 | F1065: 97017 | G1065: 3.32 | H1065: 89.9 | I1065: 0 | J1065: =IF(N(E1065)>0,E1065,IF(N(F1065)>0,F1065*가정!$B$5,0)) -> 359000 | K1065: =IF(N(F1065)>0,F1065,IF(N(E1065)>0,E1065/가정!$B$5,0)) -> 97017 | L1065: =IF(B1065="CN",IF(N(I1065)>0,I1065*가정!$B$3,K1065*(1+가정!$B$6)),IF(N(H1065)>0,H1065*가정!$B$3,J1065*가정!$B$4)) -> 122513.92 | M1065: =D1065*J1065 -> 18309000 | N1065: =D1065*K1065 -> 4947867 | O1065: =D1065*L1065 -> 6248210 | P1065: =TRIM(IF(N(E1065)<=0,"택가보정 ","")&IF(N(F1065)<=0,"원가보정 ","")&IF(AND(B1065<>"CN",N(H1065)<=0),"공급가보정 ","")&IF(AND(B1065="CN",N(I1065)<=0),"중국공급가=원가+마진 ",""))
A1066: 200 | B1066: =IF(A1066="100","HK",IF(A1066="200","CN",IF(A1066="300","TW","홀세일"))) -> CN | C1066: N264UDW162 | D1066: 100 | E1066: 399000 | F1066: 99400 | G1066: 3.65 | H1066: 102.5 | I1066: 0 | J1066: =IF(N(E1066)>0,E1066,IF(N(F1066)>0,F1066*가정!$B$5,0)) -> 399000 | K1066: =IF(N(F1066)>0,F1066,IF(N(E1066)>0,E1066/가정!$B$5,0)) -> 99400 | L1066: =IF(B1066="CN",IF(N(I1066)>0,I1066*가정!$B$3,K1066*(1+가정!$B$6)),IF(N(H1066)>0,H1066*가정!$B$3,J1066*가정!$B$4)) -> 104370 | M1066: =D1066*J1066 -> 39900000 | N1066: =D1066*K1066 -> 9940000 | O1066: =D1066*L1066 -> 10437000 | P1066: =TRIM(IF(N(E1066)<=0,"택가보정 ","")&IF(N(F1066)<=0,"원가보정 ","")&IF(AND(B1066<>"CN",N(H1066)<=0),"공급가보정 ","")&IF(AND(B1066="CN",N(I1066)<=0),"중국공급가=원가+마진 ","")) -> 중국공급가=원가+마진
A1067: 500 | B1067: =IF(A1067="100","HK",IF(A1067="200","CN",IF(A1067="300","TW","홀세일"))) -> 홀세일 | C1067: N264UDW162 | D1067: 30 | E1067: 399000 | F1067: 99400 | G1067: 3.65 | H1067: 102.5 | I1067: 0 | J1067: =IF(N(E1067)>0,E1067,IF(N(F1067)>0,F1067*가정!$B$5,0)) -> 399000 | K1067: =IF(N(F1067)>0,F1067,IF(N(E1067)>0,E1067/가정!$B$5,0)) -> 99400 | L1067: =IF(B1067="CN",IF(N(I1067)>0,I1067*가정!$B$3,K1067*(1+가정!$B$6)),IF(N(H1067)>0,H1067*가정!$B$3,J1067*가정!$B$4)) -> 139684.95 | M1067: =D1067*J1067 -> 11970000 | N1067: =D1067*K1067 -> 2982000 | O1067: =D1067*L1067 -> 4190548.5 | P1067: =TRIM(IF(N(E1067)<=0,"택가보정 ","")&IF(N(F1067)<=0,"원가보정 ","")&IF(AND(B1067<>"CN",N(H1067)<=0),"공급가보정 ","")&IF(AND(B1067="CN",N(I1067)<=0),"중국공급가=원가+마진 ",""))
A1068: 300 | B1068: =IF(A1068="100","HK",IF(A1068="200","CN",IF(A1068="300","TW","홀세일"))) -> TW | C1068: N264UDW210 | D1068: 100 | E1068: 249000 | F1068: 62329 | G1068: 3.5 | H1068: 62.4 | I1068: 0 | J1068: =IF(N(E1068)>0,E1068,IF(N(F1068)>0,F1068*가정!$B$5,0)) -> 249000 | K1068: =IF(N(F1068)>0,F1068,IF(N(E1068)>0,E1068/가정!$B$5,0)) -> 62329 | L1068: =IF(B1068="CN",IF(N(I1068)>0,I1068*가정!$B$3,K1068*(1+가정!$B$6)),IF(N(H1068)>0,H1068*가정!$B$3,J1068*가정!$B$4)) -> 85037.472 | M1068: =D1068*J1068 -> 24900000 | N1068: =D1068*K1068 -> 6232900 | O1068: =D1068*L1068 -> 8503747.2 | P1068: =TRIM(IF(N(E1068)<=0,"택가보정 ","")&IF(N(F1068)<=0,"원가보정 ","")&IF(AND(B1068<>"CN",N(H1068)<=0),"공급가보정 ","")&IF(AND(B1068="CN",N(I1068)<=0),"중국공급가=원가+마진 ",""))
A1069: 100 | B1069: =IF(A1069="100","HK",IF(A1069="200","CN",IF(A1069="300","TW","홀세일"))) -> HK | C1069: N264UDW220 | D1069: 240 | E1069: 279000 | F1069: 84500 | G1069: 3.07 | H1069: 69.9 | I1069: 0 | J1069: =IF(N(E1069)>0,E1069,IF(N(F1069)>0,F1069*가정!$B$5,0)) -> 279000 | K1069: =IF(N(F1069)>0,F1069,IF(N(E1069)>0,E1069/가정!$B$5,0)) -> 84500 | L1069: =IF(B1069="CN",IF(N(I1069)>0,I1069*가정!$B$3,K1069*(1+가정!$B$6)),IF(N(H1069)>0,H1069*가정!$B$3,J1069*가정!$B$4)) -> 95258.322 | M1069: =D1069*J1069 -> 66960000 | N1069: =D1069*K1069 -> 20280000 | O1069: =D1069*L1069 -> 22861997 | P1069: =TRIM(IF(N(E1069)<=0,"택가보정 ","")&IF(N(F1069)<=0,"원가보정 ","")&IF(AND(B1069<>"CN",N(H1069)<=0),"공급가보정 ","")&IF(AND(B1069="CN",N(I1069)<=0),"중국공급가=원가+마진 ",""))
... A1082: 700 | B1082: =IF(A1082="100","HK",IF(A1082="200","CN",IF(A1082="300","TW","홀세일"))) -> 홀세일 | C1082: N264UDW330 | D1082: 26 | E1082: 790000 | F1082: 255200 | G1082: 3.69 | H1082: 222.8 | I1082: 0 | J1082: =IF(N(E1082)>0,E1082,IF(N(F1082)>0,F1082*가정!$B$5,0)) -> 790000 | K1082: =IF(N(F1082)>0,F1082,IF(N(E1082)>0,E1082/가정!$B$5,0)) -> 255200 | L1082: =IF(B1082="CN",IF(N(I1082)>0,I1082*가정!$B$3,K1082*(1+가정!$B$6)),IF(N(H1082)>0,H1082*가정!$B$3,J1082*가정!$B$4)) -> 303627.38 | M1082: =D1082*J1082 -> 20540000 | N1082: =D1082*K1082 -> 6635200 | O1082: =D1082*L1082 -> 7894312 | P1082: =TRIM(IF(N(E1082)<=0,"택가보정 ","")&IF(N(F1082)<=0,"원가보정 ","")&IF(AND(B1082<>"CN",N(H1082)<=0),"공급가보정 ","")&IF(AND(B1082="CN",N(I1082)<=0),"중국공급가=원가+마진 ",""))
A1083: 200 | B1083: =IF(A1083="100","HK",IF(A1083="200","CN",IF(A1083="300","TW","홀세일"))) -> CN | C1083: N264UDW902 | D1083: 418 | E1083: 239000 | F1083: 58569 | G1083: 3.4 | I1083: 44.6 | J1083: =IF(N(E1083)>0,E1083,IF(N(F1083)>0,F1083*가정!$B$5,0)) -> 239000 | K1083: =IF(N(F1083)>0,F1083,IF(N(E1083)>0,E1083/가정!$B$5,0)) -> 58569 | L1083: =IF(B1083="CN",IF(N(I1083)>0,I1083*가정!$B$3,K1083*(1+가정!$B$6)),IF(N(H1083)>0,H1083*가정!$B$3,J1083*가정!$B$4)) -> 60779.988 | M1083: =D1083*J1083 -> 99902000 | N1083: =D1083*K1083 -> 24481842 | O1083: =D1083*L1083 -> 25406035 | P1083: =TRIM(IF(N(E1083)<=0,"택가보정 ","")&IF(N(F1083)<=0,"원가보정 ","")&IF(AND(B1083<>"CN",N(H1083)<=0),"공급가보정 ","")&IF(AND(B1083="CN",N(I1083)<=0),"중국공급가=원가+마진 ",""))
A1084: 100 | B1084: =IF(A1084="100","HK",IF(A1084="200","CN",IF(A1084="300","TW","홀세일"))) -> HK | C1084: N264UFJ150 | D1084: 360 | E1084: 189000 | F1084: 44000 | G1084: 3.46 | H1084: 47.3 | I1084: 0 | J1084: =IF(N(E1084)>0,E1084,IF(N(F1084)>0,F1084*가정!$B$5,0)) -> 189000 | K1084: =IF(N(F1084)>0,F1084,IF(N(E1084)>0,E1084/가정!$B$5,0)) -> 44000 | L1084: =IF(B1084="CN",IF(N(I1084)>0,I1084*가정!$B$3,K1084*(1+가정!$B$6)),IF(N(H1084)>0,H1084*가정!$B$3,J1084*가정!$B$4)) -> 64459.494 | M1084: =D1084*J1084 -> 68040000 | N1084: =D1084*K1084 -> 15840000 | O1084: =D1084*L1084 -> 23205418 | P1084: =TRIM(IF(N(E1084)<=0,"택가보정 ","")&IF(N(F1084)<=0,"원가보정 ","")&IF(AND(B1084<>"CN",N(H1084)<=0),"공급가보정 ","")&IF(AND(B1084="CN",N(I1084)<=0),"중국공급가=원가+마진 ",""))
...

Sheet 로직설명
A1: 2027 TNH 사업계획 — 계산 로직
A3: 1. 구조
A4: TNH(수출자)는 홍콩·중국·대만 법인과 홀세일(태국·말레이시아·필리핀·인도네시아·디즈니크루즈·싱가폴동물원)에 상품을 공급합니다. 차수 100=홍콩, 200=중국, 300=대만, 그 외=홀세일.
A6: 2. 2027 계획 (가정 시트 ①)
A7: 법인 정상제품 매출 = 법인 매출목표 × 정상 비중(40%) ※ 이월제품 60%는 TNH 공급 대상이 아님
A8: 택가 기준 공급액 = 정상제품 매출 ÷ (1 − 평균 할인율) ÷ 정판율 ※ 팔린 금액을 택가로 되돌리고, 판매율로 나눠 필요한 입고 물량(택가)을 구함
A9: TNH 매출(홍콩·대만) = 택가 기준 공급액 × 33%
A10: TNH 매출(중국) = 한국원가 × (1 + 5%) = 택가 기준 공급액 ÷ 4 × 1.05
A11: TNH 원가 = 택가 기준 공급액 ÷ 4 (택가 = 한국원가의 4배수)
A12: TNH 이익 = TNH 매출 − TNH 원가
A13: 홀세일 = TNH 매출 30억을 입력값으로 사용 → 택가 = 30억 ÷ 33%, 원가 = 택가 ÷ 4
A15: 3. 2026 예상 (가정 시트 ②③④, RAW_판매펀칭·RAW_2026 시트)
... A32: 데이터 보정 건수
A33: =COUNTIF(RAW_2026!P:P,"*택가보정*")&"행 택가 보정 / "&COUNTIF(RAW_2026!P:P,"*원가보정*")&"행 원가 보정 / "&COUNTIF(RAW_2026!P:P,"*공급가보정*")&"행 해외공급가 보정 / "&COUNTIF(RAW_2026!P:P,"*중국공급가*")&"행 중국공급가=원가+마진 (전체 1948행)" -> 88행 택가 보정 / 6행 원가 보정 / 16행 해외공급가 보정 / 170행 중국공급가=원가+마진 (전체 1948행)
A35: 3-1. 2026 예상(기본, 방식 1) = 판매펀칭 실적(1/1~기준일) + 잔여 예측
A36: 실적 = RAW_판매펀칭의 본사판매(TNH→법인·홀세일) 판매금액·TAG금액을 구분별 합산 (홍콩법인=HK, 상해법인=CN, W대만=TW, 그 외=홀세일, 소계행 제외)
A37: 택가 오류행(택가≤0 또는 판매금액>택가)은 TAG = 판매금액 ÷ 공급율로 보정 (RAW_판매펀칭 N·O열)
A38: 연간 예상 = 실적 ÷ 진도율, 진도율 = 2026 법인 월 매출 비중을 기준일까지 누계(월별비중 ⑤ 경과율 사용). 잔여 예측 = 연간 예상 − 실적
A39: 원가 = 연간 예상 택가 × ERP 원가율(원가÷택가). 가정!B35에서 2(ERP 수주 전량)를 고르면 기존 방식으로 전환
