Workbook

Sheet 요약
A1: 2027 TNH 사업계획 — 요약
A2: 노란 칸 = 입력, 나머지는 수식. 단위: 억원.
A3: ="2027 TNH 매출 "&TEXT(G22,"0.0")&"억 (2026 예상 "&TEXT(D12,"0.0")&"억 대비 "&TEXT(IF(D12=0,0,G22/D12-1),"+0.0%;-0.0%")&") · 이익 "&TEXT(H22,"0.0")&"억 · 이익률 "&TEXT(I22,"0.0%") -> 2027 TNH 매출 153.8억 (2026 예상 188.2억 대비 -18.3%) · 이익 32.2억 · 이익률 20.9%
A4: =IF(MAX(ABS(N40-1),ABS(N41-1),ABS(N42-1),ABS(N43-1))>0.0005,"⚠ ⑤ 월별 비중 합계가 100%가 아닙니다","")
A6: ① 2026 예상매출
A7: 구분 | B7: 현재까지 매출 (1/1~10/22) | C7: 잔여기간 예상 | D7: 최종 예상매출 | F7: 현재까지 이익 | G7: 잔여기간 이익 | H7: 최종 예상 이익 | I7: 이익률
A8: 홍콩 | B8: =SUMIFS(RAW_판매펀칭!$M:$M,RAW_판매펀칭!$A:$A,"HK")/10^8 -> 37.00268 | C8: =SUMIFS(RAW_2026!$S:$S,RAW_2026!$B:$B,"HK")/10^8 -> 9.169842 | D8: =B8+C8 -> 46.172522 | F8: =B8-SUMIFS(RAW_판매펀칭!$N:$N,RAW_판매펀칭!$A:$A,"HK")/10^8/$F$27 -> 11.092101 | G8: =C8-SUMIFS(RAW_2026!$T:$T,RAW_2026!$B:$B,"HK")/10^8/$F$27 -> 2.5809996 | H8: =F8+G8 -> 13.6731 | I8: =IF(D8=0,0,H8/D8) -> 0.29613068
A9: 중국 | B9: =SUMIFS(RAW_판매펀칭!$M:$M,RAW_판매펀칭!$A:$A,"CN")/10^8 -> 36.112696 | C9: =SUMIFS(RAW_2026!$S:$S,RAW_2026!$B:$B,"CN")/10^8 -> 10.861692 | D9: =B9+C9 -> 46.974388 | F9: =B9-SUMIFS(RAW_판매펀칭!$N:$N,RAW_판매펀칭!$A:$A,"CN")/10^8/$F$27 -> 5.3436965 | G9: =C9-SUMIFS(RAW_2026!$T:$T,RAW_2026!$B:$B,"CN")/10^8/$F$27 -> 0.70191817 | H9: =F9+G9 -> 6.0456146 | I9: =IF(D9=0,0,H9/D9) -> 0.12870023
A10: 대만 | B10: =SUMIFS(RAW_판매펀칭!$M:$M,RAW_판매펀칭!$A:$A,"TW")/10^8 -> 47.746957 | C10: =SUMIFS(RAW_2026!$S:$S,RAW_2026!$B:$B,"TW")/10^8 -> 13.987223 | D10: =B10+C10 -> 61.73418 | F10: =B10-SUMIFS(RAW_판매펀칭!$N:$N,RAW_판매펀칭!$A:$A,"TW")/10^8/$F$27 -> 14.456812 | G10: =C10-SUMIFS(RAW_2026!$T:$T,RAW_2026!$B:$B,"TW")/10^8/$F$27 -> 3.7502104 | H10: =F10+G10 -> 18.207023 | I10: =IF(D10=0,0,H10/D10) -> 0.29492613
A11: 홀세일 | B11: =SUMIFS(RAW_판매펀칭!$M:$M,RAW_판매펀칭!$A:$A,"홀세일")/10^8 -> 27.692315 | C11: =SUMIFS(RAW_2026!$S:$S,RAW_2026!$B:$B,"홀세일")/10^8 -> 5.5793615 | D11: =B11+C11 -> 33.271676 | F11: =B11-SUMIFS(RAW_판매펀칭!$N:$N,RAW_판매펀칭!$A:$A,"홀세일")/10^8/$F$27 -> 9.5372572 | G11: =C11-SUMIFS(RAW_2026!$T:$T,RAW_2026!$B:$B,"홀세일")/10^8/$F$27 -> 1.421934 | H11: =F11+G11 -> 10.959191 | I11: =IF(D11=0,0,H11/D11) -> 0.329385
A12: TNH 합계 | B12: =SUM(B8:B11) -> 148.55465 | C12: =SUM(C8:C11) -> 39.598118 | D12: =SUM(D8:D11) -> 188.15277 | F12: =SUM(F8:F11) -> 40.429867 | G12: =SUM(G8:G11) -> 8.4550621 | H12: =SUM(H8:H11) -> 48.884929 | I12: =IF(D12=0,0,H12/D12) -> 0.2598151
A13: ※ 현재까지 = 판매펀칭 출고 / 잔여 = 수주 − 출고 (태국·인도네시아·디즈니크루즈는 26FW 진척률 0%로 제외)
A14: ="※ 실제 발주수량 대조: 수주(중복 제거 후) vs 발주 — 불일치 "&COUNTIF(RAW_2026!X:X,">0")&"건 / 수량 차이 "&TEXT(SUM(RAW_2026!X:X),"#,##0")&" (RAW_발주)" -> ※ 실제 발주수량 대조: 수주(중복 제거 후) vs 발주 — 불일치 0건 / 수량 차이 0 (RAW_발주)
A15: ② 2027 계획
A16: 구분 | B16: 법인 매출목표 | C16: 정판율 | D16: 할인율 | E16: 법인 판매배수 (법인택가÷TNH 공급가) ★입력 | F16: 법인 입고 택가 | G16: 2027 TNH 매출 (원화) | H16: 2027 TNH 이익 | I16: 이익률 | J16: 공급율 (한국택가 대비, 원가 환산용)
A17: 홍콩 | B17: 180 | C17: 0.65 | D17: 0.1 | E17: 4 | F17: =IF(OR(C17=0,D17=1),0,B17*$C$27/(1-D17)/C17) -> 123.07692 | G17: =IF(OR(E17=0,$G$27=0),0,F17/E17*$H$27/$G$27) -> 31.768531 | H17: =IF(OR(J17=0,E17=0),0,G17-F17/E17/J17/$F$27) -> 8.4585082 | I17: =IF(G17=0,0,H17/G17) -> 0.2662543 | J17: =$D$27 -> 0.33
A18: 중국 | B18: 300 | C18: 0.65 | D18: 0.1 | E18: 5 | F18: =IF(OR(C18=0,D18=1),0,B18*$C$27/(1-D18)/C18) -> 205.12821 | G18: =IF(OR(E18=0,$G$27=0),0,F18/E18*$H$27/$G$27) -> 42.358042 | H18: =IF(OR(J18=0,E18=0),0,G18-F18/E18/J18/$F$27) -> 3.2860029 | I18: =IF(G18=0,0,H18/G18) -> 0.077576836 | J18: =(1+$E$27)/$F$27 -> 0.2625
A19: 대만 | B19: 262 | C19: 0.65 | D19: 0.1 | E19: 4 | F19: =IF(OR(C19=0,D19=1),0,B19*$C$27/(1-D19)/C19) -> 179.1453 | G19: =IF(OR(E19=0,$G$27=0),0,F19/E19*$H$27/$G$27) -> 46.240862 | H19: =IF(OR(J19=0,E19=0),0,G19-F19/E19/J19/$F$27) -> 12.311829 | I19: =IF(G19=0,0,H19/G19) -> 0.2662543 | J19: =$D$27 -> 0.33
A20: 법인 소계 | B20: =SUM(B17:B19) -> 742 | F20: =SUM(F17:F19) -> 507.35043 | G20: =SUM(G17:G19) -> 120.36744 | H20: =SUM(H17:H19) -> 24.05634 | I20: =IF(G20=0,0,H20/G20) -> 0.19985754
A21: 홀세일 (TNH 매출 입력) | B21: - | C21: - | D21: - | E21: - | F21: - | G21: 33.4 | H21: =IF(J21=0,0,G21-G21/J21/$F$27) -> 8.0969697 | I21: =IF(G21=0,0,H21/G21) -> 0.24242424 | J21: =$D$27 -> 0.33
A22: TNH 합계 | B22: - | C22: - | D22: - | E22: - | F22: =F20 -> 507.35043 | G22: =G20+G21 -> 153.76744 | H22: =H20+H21 -> 32.153309 | I22: =IF(G22=0,0,H22/G22) -> 0.2091035 | J22: -
A23: ※ 2027 TNH 매출 = 법인 입고 택가 ÷ 법인 판매배수 × (2027 적용 환율 ÷ 2026 적용 환율), 법인 입고 택가 = 목표 × 정상비중 ÷ (1−할인율) ÷ 정판율. 원가 = 공급가 ÷ 공급율 ÷ 택가배수
A25: ③ 공통 가정
B26: 이월제품 비중 | C26: 정상제품 비중 (자동) | D26: 공급율 (홍콩·대만·홀세일, 한국택가 대비) | E26: 중국 공급 마진 (한국원가 +) | F26: 택가배수 (한국택가÷원가) | G26: 2026 잔여기간 적용 환율 (달러 환산 기준) | H26: 2027 적용 환율
A27: 입력값 | B27: 0.6 | C27: =1-B27 -> 0.4 | D27: 0.33 | E27: 0.05 | F27: 4 | G27: 1320 | H27: 1362.87
A29: ④ 2026 예상 vs 2027 계획 (TNH 매출·이익)
A30: 구분 | B30: 2026 예상 | C30: 2027 계획 | D30: 증감 | E30: 증감률 | G30: 2026 이익 | H30: 2027 이익 | I30: 증감 | J30: 증감률 | K30: 2026 이익률 | L30: 2027 이익률
A31: 홍콩 | B31: =D8 -> 46.172522 | C31: =G17 -> 31.768531 | D31: =C31-B31 -> -14.403991 | E31: =IF(B31=0,0,D31/B31) -> -0.31196023 | G31: =H8 -> 13.6731 | H31: =H17 -> 8.4585082 | I31: =H31-G31 -> -5.2145923 | J31: =IF(G31=0,0,I31/G31) -> -0.38137599 | K31: =IF(B31=0,0,G31/B31) -> 0.29613068 | L31: =IF(C31=0,0,H31/C31) -> 0.2662543
A32: 중국 | B32: =D9 -> 46.974388 | C32: =G18 -> 42.358042 | D32: =C32-B32 -> -4.6163465 | E32: =IF(B32=0,0,D32/B32) -> -0.098273691 | G32: =H9 -> 6.0456146 | H32: =H18 -> 3.2860029 | I32: =H32-G32 -> -2.7596117 | J32: =IF(G32=0,0,I32/G32) -> -0.45646504 | K32: =IF(B32=0,0,G32/B32) -> 0.12870023 | L32: =IF(C32=0,0,H32/C32) -> 0.077576836
A33: 대만 | B33: =D10 -> 61.73418 | C33: =G19 -> 46.240862 | D33: =C33-B33 -> -15.493318 | E33: =IF(B33=0,0,D33/B33) -> -0.25096823 | G33: =H10 -> 18.207023 | H33: =H19 -> 12.311829 | I33: =H33-G33 -> -5.8951943 | J33: =IF(G33=0,0,I33/G33) -> -0.32378683 | K33: =IF(B33=0,0,G33/B33) -> 0.29492613 | L33: =IF(C33=0,0,H33/C33) -> 0.2662543
A34: 법인 소계 | B34: =SUM(B31:B33) -> 154.88109 | C34: =SUM(C31:C33) -> 120.36744 | D34: =C34-B34 -> -34.513655 | E34: =IF(B34=0,0,D34/B34) -> -0.22283969 | G34: =SUM(G31:G33) -> 37.925738 | H34: =SUM(H31:H33) -> 24.05634 | I34: =H34-G34 -> -13.869398 | J34: =IF(G34=0,0,I34/G34) -> -0.36569884 | K34: =IF(B34=0,0,G34/B34) -> 0.24487003 | L34: =IF(C34=0,0,H34/C34) -> 0.19985754
A35: 홀세일 | B35: =D11 -> 33.271676 | C35: =G21 -> 33.4 | D35: =C35-B35 -> 0.12832385 | E35: =IF(B35=0,0,D35/B35) -> 0.0038568496 | G35: =H11 -> 10.959191 | H35: =H21 -> 8.0969697 | I35: =H35-G35 -> -2.8622215 | J35: =IF(G35=0,0,I35/G35) -> -0.26117087 | K35: =IF(B35=0,0,G35/B35) -> 0.329385 | L35: =IF(C35=0,0,H35/C35) -> 0.24242424
A36: TNH 합계 | B36: =B34+B35 -> 188.15277 | C36: =C34+C35 -> 153.76744 | D36: =C36-B36 -> -34.385331 | E36: =IF(B36=0,0,D36/B36) -> -0.18275219 | G36: =G34+G35 -> 48.884929 | H36: =H34+H35 -> 32.153309 | I36: =H36-G36 -> -16.73162 | J36: =IF(G36=0,0,I36/G36) -> -0.3422654 | K36: =IF(B36=0,0,G36/B36) -> 0.2598151 | L36: =IF(C36=0,0,H36/C36) -> 0.2091035
A38: ⑤ 2027 월별 비중 (입력)
A39: 구분 | B39: 1월 | C39: 2월 | D39: 3월 | E39: 4월 | F39: 5월 | G39: 6월 | H39: 7월 | I39: 8월 | J39: 9월 | K39: 10월 | L39: 11월 | M39: 12월 | N39: 합계
A40: 홍콩 | B40: 0.144 | C40: 0.113 | D40: 0.07 | E40: 0.063 | F40: 0.065 | G40: 0.074 | H40: 0.055 | I40: 0.059 | J40: 0.046 | K40: 0.076 | L40: 0.109 | M40: 0.126 | N40: =SUM(B40:M40) -> 1
A41: 중국 | B41: 0.142 | C41: 0.081 | D41: 0.046 | E41: 0.053 | F41: 0.071 | G41: 0.065 | H41: 0.055 | I41: 0.063 | J41: 0.066 | K41: 0.129 | L41: 0.099 | M41: 0.13 | N41: =SUM(B41:M41) -> 1
A42: 대만 | B42: 0.129 | C42: 0.112 | D42: 0.06 | E42: 0.076 | F42: 0.078 | G42: 0.062 | H42: 0.05 | I42: 0.053 | J42: 0.064 | K42: 0.081 | L42: 0.126 | M42: 0.109 | N42: =SUM(B42:M42) -> 1
A43: 홀세일 | B43: 0.137 | C43: 0.106 | D43: 0.061 | E43: 0.067 | F43: 0.072 | G43: 0.066 | H43: 0.053 | I43: 0.057 | J43: 0.059 | K43: 0.089 | L43: 0.115 | M43: 0.118 | N43: =SUM(B43:M43) -> 1
A45: ⑥ 2027 월별 TNH 매출
A46: 구분 | B46: 1월 | C46: 2월 | D46: 3월 | E46: 4월 | F46: 5월 | G46: 6월 | H46: 7월 | I46: 8월 | J46: 9월 | K46: 10월 | L46: 11월 | M46: 12월 | N46: 합계
A47: 홍콩 | B47: =$G$17*B40 -> 4.5746685 | C47: =$G$17*C40 -> 3.5898441 | D47: =$G$17*D40 -> 2.2237972 | E47: =$G$17*E40 -> 2.0014175 | F47: =$G$17*F40 -> 2.0649545 | G47: =$G$17*G40 -> 2.3508713 | H47: =$G$17*H40 -> 1.7472692 | I47: =$G$17*I40 -> 1.8743434 | ... M47: =$G$17*M40 -> 4.002835 | N47: =SUM(B47:M47) -> 31.768531
A48: 중국 | B48: =$G$18*B41 -> 6.014842 | C48: =$G$18*C41 -> 3.4310014 | D48: =$G$18*D41 -> 1.9484699 | E48: =$G$18*E41 -> 2.2449762 | F48: =$G$18*F41 -> 3.007421 | G48: =$G$18*G41 -> 2.7532727 | H48: =$G$18*H41 -> 2.3296923 | I48: =$G$18*I41 -> 2.6685566 | ... M48: =$G$18*M41 -> 5.5065455 | N48: =SUM(B48:M48) -> 42.358042
A49: 대만 | B49: =$G$19*B42 -> 5.9650713 | C49: =$G$19*C42 -> 5.1789766 | D49: =$G$19*D42 -> 2.7744517 | E49: =$G$19*E42 -> 3.5143055 | F49: =$G$19*F42 -> 3.6067873 | G49: =$G$19*G42 -> 2.8669335 | H49: =$G$19*H42 -> 2.3120431 | I49: =$G$19*I42 -> 2.4507657 | ... M49: =$G$19*M42 -> 5.040254 | N49: =SUM(B49:M49) -> 46.240862
A50: 홀세일 | B50: =$G$21*B43 -> 4.5758 | C50: =$G$21*C43 -> 3.5404 | D50: =$G$21*D43 -> 2.0374 | E50: =$G$21*E43 -> 2.2378 | F50: =$G$21*F43 -> 2.4048 | G50: =$G$21*G43 -> 2.2044 | H50: =$G$21*H43 -> 1.7702 | I50: =$G$21*I43 -> 1.9038 | ... M50: =$G$21*M43 -> 3.9412 | N50: =SUM(B50:M50) -> 33.4
A51: TNH 합계 | B51: =SUM(B47:B50) -> 21.130382 | C51: =SUM(C47:C50) -> 15.740222 | D51: =SUM(D47:D50) -> 8.9841189 | E51: =SUM(E47:E50) -> 9.9984993 | F51: =SUM(F47:F50) -> 11.083963 | G51: =SUM(G47:G50) -> 10.175478 | H51: =SUM(H47:H50) -> 8.1592047 | I51: =SUM(I47:I50) -> 8.8974657 | ... N51: =SUM(N47:N50) -> 153.76744

Sheet 로직설명
A1: 2027 TNH 사업계획 — 계산 로직
A3: 1. 2026 예상매출
A4: 현재까지 매출 = RAW_판매펀칭(본사판매, TNH→법인·홀세일, 1/1~10/22) 판매금액 합계. 홍콩법인=HK, 상해법인=CN, W대만=TW, 그 외=홀세일, 소계행 제외
A5: 잔여기간 예상 = 수주(RAW_2026) − 출고(RAW_판매펀칭). 같은 (차수, 스타일)의 출고수량을 수주수량에서 차감하고, 출고가 더 많으면 0, 수주 없는 출고(스팟·이월)는 차감하지 않음 → 남은 수량 × 수주 공급단가
A6: 태국(차수 500)·인도네시아(800)·디즈니크루즈(810)는 26FW 진척률 0%(사업종료·수입 지연·오더 캔슬)로 잔여 0. 차수↔매장 연결은 수량 일치 대조로 추정한 값이라 확인 필요
A7: 최종 예상매출 = 현재까지 매출 + 잔여기간 예상. 2026 이익 = 매출 − 원가 (원가 = 택가 ÷ 택가배수 4; 택가는 현재까지=판매펀칭 TAG(보정), 잔여=수주 잔여 택가)
A8: 수주 중복 제거: RAW_2026에서 차수·스타일·수량이 모두 같은 행이 반복되면(배치명만 다른 중복 입력) 첫 행만 인정하고 나머지는 제외 (RAW_2026 V·W열). 실제 발주수량(RAW_발주)과 (차수그룹, 스타일)별로 대조해 전 건 일치 확인
A9: 2. 2027 계획
A10: 정상제품 매출 = 법인 매출목표 × 정상비중 (이월제품은 TNH 공급 대상이 아님)
A11: 법인 입고 택가 = 정상제품 매출 ÷ (1 − 할인율) ÷ 정판율. TNH 공급가(원화) = 법인 입고 택가 ÷ 법인 판매배수 ※ 법인은 자기 매입가(TNH 공급가)의 약 4배(홍콩·대만)·5배(중국)로 판매
A12: TNH 매출(원화) = 법인 입고 택가 ÷ 법인 판매배수(= TNH 공급가) × (2027 적용 환율 ÷ 2026 적용 환율). TNH는 법인에 USD로 공급하고 원화로 회계처리하므로 환율이 오르면 원화 매출이 증가. 홀세일은 TNH 매출을 직접 입력
A13: 이익 = TNH 매출 − 원가, 원가 = 공급가 ÷ 공급율 ÷ 택가배수(4) (공급율: 홍콩·대만·홀세일 한국택가의 33%, 중국 한국원가 + 5%). 원가는 원화라서 환율 영향 없음 → 환율이 오르면 이익 증가
... A22: 데이터 보정 건수
A23: =COUNTIF(RAW_2026!P:P,"*택가보정*")&"행 택가 보정 / "&COUNTIF(RAW_2026!P:P,"*원가보정*")&"행 원가 보정 / "&COUNTIF(RAW_2026!P:P,"*공급가보정*")&"행 해외공급가 보정 / "&COUNTIF(RAW_2026!P:P,"*중국공급가*")&"행 중국공급가=원가+마진 (RAW_2026) · "&COUNTIF(RAW_판매펀칭!O:O,"택가보정*")&"행 택가 보정 (RAW_판매펀칭)" -> 88행 택가 보정 / 6행 원가 보정 / 16행 해외공급가 보정 / 170행 중국공급가=원가+마진 (RAW_2026) · 1행 택가 보정 (RAW_판매펀칭)

Sheet RAW_판매펀칭
A1: 구분 | B1: 매장코드 | C1: 매장명 | D1: 브랜드 | E1: 년도 | F1: 시즌 | G1: 품목 | H1: 라인 | I1: 스타일 | J1: 스타일명 | K1: 수량 | L1: TAG금액(KRW) | M1: 판매금액(KRW) | N1: TAG(보정) | O1: 보정내역 | P1: 차수(매장→차수, 추정) | Q1: 판매펀칭 리스트(1/1~기준일, 본사판매 = TNH → 법인/홀세일 공급, KIDS 포함). 소계행은 구분 열에서 "제외" 처리되므로 원본을 그대로 붙여넣어도 됩니다.
A2: =IF(OR(TRIM(C2)="",SUBSTITUTE(C2," ","")="소계"),"제외",IF(ISNUMBER(SEARCH("홍콩",C2)),"HK",IF(ISNUMBER(SEARCH("상해",C2)),"CN",IF(ISNUMBER(SEARCH("대만",C2)),"TW","홀세일")))) -> TW | B2: W9002 | C2: W대만 | D2: KIDS | E2: 2026 | F2: 봄 | G2: 용품 | H2: KIDS | I2: K261KBG050 | J2: 스퀘어 | K2: 210 | L2: 29190000 | M2: 11280150 | N2: =IF(A2="제외",0,IF(OR(N(L2)<=0,N(M2)>N(L2)),N(M2)/요약!$D$27,N(L2))) -> 29190000 | O2: =IF(A2="제외","",IF(OR(N(L2)<=0,N(M2)>N(L2)),"택가보정(판매금액÷공급율)","")) | P2: =IF(A2="HK","100",IF(A2="CN","200",IF(A2="TW","300",IF(ISNUMBER(SEARCH("태국",C2)),"500",IF(ISNUMBER(SEARCH("말레이",C2)),"600",IF(ISNUMBER(SEARCH("필리핀",C2)),"700",IF(ISNUMBER(SEARCH("인도네시아",C2)),"800",IF(ISNUMBER(SEARCH("크루즈",C2)),"810",IF(ISNUMBER(SEARCH("동물원",C2)),"830",""))))))))) -> 300 | Q2: 택가 오류행(택가≤0 또는 판매금액>택가)은 TAG(보정) = 판매금액÷공급율(요약!D27)로 보정하고 O열에 표시합니다.
A3: =IF(OR(TRIM(C3)="",SUBSTITUTE(C3," ","")="소계"),"제외",IF(ISNUMBER(SEARCH("홍콩",C3)),"HK",IF(ISNUMBER(SEARCH("상해",C3)),"CN",IF(ISNUMBER(SEARCH("대만",C3)),"TW","홀세일")))) -> TW | B3: W9002 | C3: W대만 | D3: KIDS | E3: 2026 | F3: 봄 | G3: 용품 | H3: KIDS | I3: K261KBG060 | J3: 코닉 | K3: 120 | L3: 19080000 | M3: 7371720 | N3: =IF(A3="제외",0,IF(OR(N(L3)<=0,N(M3)>N(L3)),N(M3)/요약!$D$27,N(L3))) -> 19080000 | O3: =IF(A3="제외","",IF(OR(N(L3)<=0,N(M3)>N(L3)),"택가보정(판매금액÷공급율)","")) | P3: =IF(A3="HK","100",IF(A3="CN","200",IF(A3="TW","300",IF(ISNUMBER(SEARCH("태국",C3)),"500",IF(ISNUMBER(SEARCH("말레이",C3)),"600",IF(ISNUMBER(SEARCH("필리핀",C3)),"700",IF(ISNUMBER(SEARCH("인도네시아",C3)),"800",IF(ISNUMBER(SEARCH("크루즈",C3)),"810",IF(ISNUMBER(SEARCH("동물원",C3)),"830",""))))))))) -> 300
A4: =IF(OR(TRIM(C4)="",SUBSTITUTE(C4," ","")="소계"),"제외",IF(ISNUMBER(SEARCH("홍콩",C4)),"HK",IF(ISNUMBER(SEARCH("상해",C4)),"CN",IF(ISNUMBER(SEARCH("대만",C4)),"TW","홀세일")))) -> TW | B4: W9002 | C4: W대만 | D4: KIDS | E4: 2026 | F4: 봄 | G4: 용품 | H4: KIDS | I4: K261KBG070 | J4: 데이 | K4: 150 | L4: 22350000 | M4: 8646900 | N4: =IF(A4="제외",0,IF(OR(N(L4)<=0,N(M4)>N(L4)),N(M4)/요약!$D$27,N(L4))) -> 22350000 | O4: =IF(A4="제외","",IF(OR(N(L4)<=0,N(M4)>N(L4)),"택가보정(판매금액÷공급율)","")) | P4: =IF(A4="HK","100",IF(A4="CN","200",IF(A4="TW","300",IF(ISNUMBER(SEARCH("태국",C4)),"500",IF(ISNUMBER(SEARCH("말레이",C4)),"600",IF(ISNUMBER(SEARCH("필리핀",C4)),"700",IF(ISNUMBER(SEARCH("인도네시아",C4)),"800",IF(ISNUMBER(SEARCH("크루즈",C4)),"810",IF(ISNUMBER(SEARCH("동물원",C4)),"830",""))))))))) -> 300
A5: =IF(OR(TRIM(C5)="",SUBSTITUTE(C5," ","")="소계"),"제외",IF(ISNUMBER(SEARCH("홍콩",C5)),"HK",IF(ISNUMBER(SEARCH("상해",C5)),"CN",IF(ISNUMBER(SEARCH("대만",C5)),"TW","홀세일")))) -> TW | B5: W9002 | C5: W대만 | D5: KIDS | E5: 2026 | F5: 4계절 | G5: 용품 | H5: KIDS | I5: K265KCR080 | J5: KIDS뉴슬링백 | K5: 80 | L5: 6320000 | M5: 2459680 | N5: =IF(A5="제외",0,IF(OR(N(L5)<=0,N(M5)>N(L5)),N(M5)/요약!$D$27,N(L5))) -> 6320000 | O5: =IF(A5="제외","",IF(OR(N(L5)<=0,N(M5)>N(L5)),"택가보정(판매금액÷공급율)","")) | P5: =IF(A5="HK","100",IF(A5="CN","200",IF(A5="TW","300",IF(ISNUMBER(SEARCH("태국",C5)),"500",IF(ISNUMBER(SEARCH("말레이",C5)),"600",IF(ISNUMBER(SEARCH("필리핀",C5)),"700",IF(ISNUMBER(SEARCH("인도네시아",C5)),"800",IF(ISNUMBER(SEARCH("크루즈",C5)),"810",IF(ISNUMBER(SEARCH("동물원",C5)),"830",""))))))))) -> 300
A6: =IF(OR(TRIM(C6)="",SUBSTITUTE(C6," ","")="소계"),"제외",IF(ISNUMBER(SEARCH("홍콩",C6)),"HK",IF(ISNUMBER(SEARCH("상해",C6)),"CN",IF(ISNUMBER(SEARCH("대만",C6)),"TW","홀세일")))) -> TW | B6: W9002 | C6: W대만 | D6: KIDS | E6: 2026 | F6: 4계절 | G6: 용품 | H6: KIDS | I6: K265KCR090 | J6: KIDS코닉슬링백 | K6: 80 | L6: 6320000 | M6: 2445600 | N6: =IF(A6="제외",0,IF(OR(N(L6)<=0,N(M6)>N(L6)),N(M6)/요약!$D$27,N(L6))) -> 6320000 | O6: =IF(A6="제외","",IF(OR(N(L6)<=0,N(M6)>N(L6)),"택가보정(판매금액÷공급율)","")) | P6: =IF(A6="HK","100",IF(A6="CN","200",IF(A6="TW","300",IF(ISNUMBER(SEARCH("태국",C6)),"500",IF(ISNUMBER(SEARCH("말레이",C6)),"600",IF(ISNUMBER(SEARCH("필리핀",C6)),"700",IF(ISNUMBER(SEARCH("인도네시아",C6)),"800",IF(ISNUMBER(SEARCH("크루즈",C6)),"810",IF(ISNUMBER(SEARCH("동물원",C6)),"830",""))))))))) -> 300
A7: =IF(OR(TRIM(C7)="",SUBSTITUTE(C7," ","")="소계"),"제외",IF(ISNUMBER(SEARCH("홍콩",C7)),"HK",IF(ISNUMBER(SEARCH("상해",C7)),"CN",IF(ISNUMBER(SEARCH("대만",C7)),"TW","홀세일")))) -> TW | B7: W9002 | C7: W대만 | D7: KIDS | E7: 2026 | F7: 4계절 | G7: 용품 | H7: KIDS | I7: K265KCR100 | J7: KIDS슬림미니크로스백 | K7: 80 | L7: 2320000 | M7: 896720 | N7: =IF(A7="제외",0,IF(OR(N(L7)<=0,N(M7)>N(L7)),N(M7)/요약!$D$27,N(L7))) -> 2320000 | O7: =IF(A7="제외","",IF(OR(N(L7)<=0,N(M7)>N(L7)),"택가보정(판매금액÷공급율)","")) | P7: =IF(A7="HK","100",IF(A7="CN","200",IF(A7="TW","300",IF(ISNUMBER(SEARCH("태국",C7)),"500",IF(ISNUMBER(SEARCH("말레이",C7)),"600",IF(ISNUMBER(SEARCH("필리핀",C7)),"700",IF(ISNUMBER(SEARCH("인도네시아",C7)),"800",IF(ISNUMBER(SEARCH("크루즈",C7)),"810",IF(ISNUMBER(SEARCH("동물원",C7)),"830",""))))))))) -> 300
A8: =IF(OR(TRIM(C8)="",SUBSTITUTE(C8," ","")="소계"),"제외",IF(ISNUMBER(SEARCH("홍콩",C8)),"HK",IF(ISNUMBER(SEARCH("상해",C8)),"CN",IF(ISNUMBER(SEARCH("대만",C8)),"TW","홀세일")))) -> TW | B8: W9002 | C8: W대만 | D8: KIDS | E8: 2026 | F8: 4계절 | G8: 용품 | H8: KIDS | I8: K265KCR110 | J8: KIDS코닉폴더크로스백 | K8: 150 | L8: 8850000 | M8: 3447900 | N8: =IF(A8="제외",0,IF(OR(N(L8)<=0,N(M8)>N(L8)),N(M8)/요약!$D$27,N(L8))) -> 8850000 | O8: =IF(A8="제외","",IF(OR(N(L8)<=0,N(M8)>N(L8)),"택가보정(판매금액÷공급율)","")) | P8: =IF(A8="HK","100",IF(A8="CN","200",IF(A8="TW","300",IF(ISNUMBER(SEARCH("태국",C8)),"500",IF(ISNUMBER(SEARCH("말레이",C8)),"600",IF(ISNUMBER(SEARCH("필리핀",C8)),"700",IF(ISNUMBER(SEARCH("인도네시아",C8)),"800",IF(ISNUMBER(SEARCH("크루즈",C8)),"810",IF(ISNUMBER(SEARCH("동물원",C8)),"830",""))))))))) -> 300
A9: =IF(OR(TRIM(C9)="",SUBSTITUTE(C9," ","")="소계"),"제외",IF(ISNUMBER(SEARCH("홍콩",C9)),"HK",IF(ISNUMBER(SEARCH("상해",C9)),"CN",IF(ISNUMBER(SEARCH("대만",C9)),"TW","홀세일")))) -> TW | B9: W9002 | C9: W대만 | D9: KIDS | E9: 2026 | F9: 4계절 | G9: 용품 | H9: KIDS | I9: K265KCR120 | J9: KIDS가로크로스백 | K9: 150 | L9: 7350000 | M9: 2934000 | N9: =IF(A9="제외",0,IF(OR(N(L9)<=0,N(M9)>N(L9)),N(M9)/요약!$D$27,N(L9))) -> 7350000 | O9: =IF(A9="제외","",IF(OR(N(L9)<=0,N(M9)>N(L9)),"택가보정(판매금액÷공급율)","")) | P9: =IF(A9="HK","100",IF(A9="CN","200",IF(A9="TW","300",IF(ISNUMBER(SEARCH("태국",C9)),"500",IF(ISNUMBER(SEARCH("말레이",C9)),"600",IF(ISNUMBER(SEARCH("필리핀",C9)),"700",IF(ISNUMBER(SEARCH("인도네시아",C9)),"800",IF(ISNUMBER(SEARCH("크루즈",C9)),"810",IF(ISNUMBER(SEARCH("동물원",C9)),"830",""))))))))) -> 300
A10: =IF(OR(TRIM(C10)="",SUBSTITUTE(C10," ","")="소계"),"제외",IF(ISNUMBER(SEARCH("홍콩",C10)),"HK",IF(ISNUMBER(SEARCH("상해",C10)),"CN",IF(ISNUMBER(SEARCH("대만",C10)),"TW","홀세일")))) -> TW | B10: W9002 | C10: W대만 | D10: KIDS | E10: 2026 | F10: 4계절 | G10: 용품 | H10: KIDS | I10: K265KCR130 | J10: KIDS어드벤쳐크로스백 | K10: 220 | L10: 15180000 | M10: 5776540 | N10: =IF(A10="제외",0,IF(OR(N(L10)<=0,N(M10)>N(L10)),N(M10)/요약!$D$27,N(L10))) -> 15180000 | O10: =IF(A10="제외","",IF(OR(N(L10)<=0,N(M10)>N(L10)),"택가보정(판매금액÷공급율)","")) | P10: =IF(A10="HK","100",IF(A10="CN","200",IF(A10="TW","300",IF(ISNUMBER(SEARCH("태국",C10)),"500",IF(ISNUMBER(SEARCH("말레이",C10)),"600",IF(ISNUMBER(SEARCH("필리핀",C10)),"700",IF(ISNUMBER(SEARCH("인도네시아",C10)),"800",IF(ISNUMBER(SEARCH("크루즈",C10)),"810",IF(ISNUMBER(SEARCH("동물원",C10)),"830",""))))))))) -> 300
A11: =IF(OR(TRIM(C11)="",SUBSTITUTE(C11," ","")="소계"),"제외",IF(ISNUMBER(SEARCH("홍콩",C11)),"HK",IF(ISNUMBER(SEARCH("상해",C11)),"CN",IF(ISNUMBER(SEARCH("대만",C11)),"TW","홀세일")))) -> TW | B11: W9002 | C11: W대만 | D11: 내셔널지오그래픽 | E11: 2025 | F11: 봄 | G11: 의류 | H11: Urban | I11: N251UJP260 | J11: 아틀라스 윈드스토퍼 BY GORE-TEX LABS 2L 블록 자켓 | K11: 67 | L11: 20033000 | M11: 7088533 | N11: =IF(A11="제외",0,IF(OR(N(L11)<=0,N(M11)>N(L11)),N(M11)/요약!$D$27,N(L11))) -> 20033000 | O11: =IF(A11="제외","",IF(OR(N(L11)<=0,N(M11)>N(L11)),"택가보정(판매금액÷공급율)","")) | P11: =IF(A11="HK","100",IF(A11="CN","200",IF(A11="TW","300",IF(ISNUMBER(SEARCH("태국",C11)),"500",IF(ISNUMBER(SEARCH("말레이",C11)),"600",IF(ISNUMBER(SEARCH("필리핀",C11)),"700",IF(ISNUMBER(SEARCH("인도네시아",C11)),"800",IF(ISNUMBER(SEARCH("크루즈",C11)),"810",IF(ISNUMBER(SEARCH("동물원",C11)),"830",""))))))))) -> 300
A12: =IF(OR(TRIM(C12)="",SUBSTITUTE(C12," ","")="소계"),"제외",IF(ISNUMBER(SEARCH("홍콩",C12)),"HK",IF(ISNUMBER(SEARCH("상해",C12)),"CN",IF(ISNUMBER(SEARCH("대만",C12)),"TW","홀세일")))) -> TW | B12: W9002 | C12: W대만 | D12: 내셔널지오그래픽 | E12: 2025 | F12: 봄 | G12: 의류 | H12: 온라인 | I12: N251UJP860 | J12: (온) 아틀라스 윈드스토퍼 BY GORE-TEX LABS 2L 블록 자켓 | K12: 20 | L12: 5980000 | M12: 2115980 | N12: =IF(A12="제외",0,IF(OR(N(L12)<=0,N(M12)>N(L12)),N(M12)/요약!$D$27,N(L12))) -> 5980000 | O12: =IF(A12="제외","",IF(OR(N(L12)<=0,N(M12)>N(L12)),"택가보정(판매금액÷공급율)","")) | P12: =IF(A12="HK","100",IF(A12="CN","200",IF(A12="TW","300",IF(ISNUMBER(SEARCH("태국",C12)),"500",IF(ISNUMBER(SEARCH("말레이",C12)),"600",IF(ISNUMBER(SEARCH("필리핀",C12)),"700",IF(ISNUMBER(SEARCH("인도네시아",C12)),"800",IF(ISNUMBER(SEARCH("크루즈",C12)),"810",IF(ISNUMBER(SEARCH("동물원",C12)),"830",""))))))))) -> 300
A13: =IF(OR(TRIM(C13)="",SUBSTITUTE(C13," ","")="소계"),"제외",IF(ISNUMBER(SEARCH("홍콩",C13)),"HK",IF(ISNUMBER(SEARCH("상해",C13)),"CN",IF(ISNUMBER(SEARCH("대만",C13)),"TW","홀세일")))) -> TW | B13: W9002 | C13: W대만 | D13: 내셔널지오그래픽 | E13: 2026 | F13: 봄 | G13: 용품 | H13: Original | I13: N261ABG010 | J13: 파치백팩 | K13: 150 | L13: 25350000 | M13: 9736800 | N13: =IF(A13="제외",0,IF(OR(N(L13)<=0,N(M13)>N(L13)),N(M13)/요약!$D$27,N(L13))) -> 25350000 | O13: =IF(A13="제외","",IF(OR(N(L13)<=0,N(M13)>N(L13)),"택가보정(판매금액÷공급율)","")) | P13: =IF(A13="HK","100",IF(A13="CN","200",IF(A13="TW","300",IF(ISNUMBER(SEARCH("태국",C13)),"500",IF(ISNUMBER(SEARCH("말레이",C13)),"600",IF(ISNUMBER(SEARCH("필리핀",C13)),"700",IF(ISNUMBER(SEARCH("인도네시아",C13)),"800",IF(ISNUMBER(SEARCH("크루즈",C13)),"810",IF(ISNUMBER(SEARCH("동물원",C13)),"830",""))))))))) -> 300
A14: =IF(OR(TRIM(C14)="",SUBSTITUTE(C14," ","")="소계"),"제외",IF(ISNUMBER(SEARCH("홍콩",C14)),"HK",IF(ISNUMBER(SEARCH("상해",C14)),"CN",IF(ISNUMBER(SEARCH("대만",C14)),"TW","홀세일")))) -> TW | B14: W9002 | C14: W대만 | D14: 내셔널지오그래픽 | E14: 2026 | F14: 봄 | G14: 용품 | H14: Original | I14: N261ABG020 | J14: 파치+백팩 | K14: 250 | L14: 44750000 | M14: 17203750 | N14: =IF(A14="제외",0,IF(OR(N(L14)<=0,N(M14)>N(L14)),N(M14)/요약!$D$27,N(L14))) -> 44750000 | O14: =IF(A14="제외","",IF(OR(N(L14)<=0,N(M14)>N(L14)),"택가보정(판매금액÷공급율)","")) | P14: =IF(A14="HK","100",IF(A14="CN","200",IF(A14="TW","300",IF(ISNUMBER(SEARCH("태국",C14)),"500",IF(ISNUMBER(SEARCH("말레이",C14)),"600",IF(ISNUMBER(SEARCH("필리핀",C14)),"700",IF(ISNUMBER(SEARCH("인도네시아",C14)),"800",IF(ISNUMBER(SEARCH("크루즈",C14)),"810",IF(ISNUMBER(SEARCH("동물원",C14)),"830",""))))))))) -> 300
... A323: =IF(OR(TRIM(C323)="",SUBSTITUTE(C323," ","")="소계"),"제외",IF(ISNUMBER(SEARCH("홍콩",C323)),"HK",IF(ISNUMBER(SEARCH("상해",C323)),"CN",IF(ISNUMBER(SEARCH("대만",C323)),"TW","홀세일")))) -> TW | B323: W9002 | C323: W대만 | D323: 해외전용(NGA&MG) | E323: 2026 | F323: 4계절 | G323: 용품 | H323: Original | I323: O265ABG070 | J323: 시프트백팩_라이트 | K323: 200 | L323: 33800000 | M323: 13467400 | N323: =IF(A323="제외",0,IF(OR(N(L323)<=0,N(M323)>N(L323)),N(M323)/요약!$D$27,N(L323))) -> 33800000 | O323: =IF(A323="제외","",IF(OR(N(L323)<=0,N(M323)>N(L323)),"택가보정(판매금액÷공급율)","")) | P323: =IF(A323="HK","100",IF(A323="CN","200",IF(A323="TW","300",IF(ISNUMBER(SEARCH("태국",C323)),"500",IF(ISNUMBER(SEARCH("말레이",C323)),"600",IF(ISNUMBER(SEARCH("필리핀",C323)),"700",IF(ISNUMBER(SEARCH("인도네시아",C323)),"800",IF(ISNUMBER(SEARCH("크루즈",C323)),"810",IF(ISNUMBER(SEARCH("동물원",C323)),"830",""))))))))) -> 300
A324: =IF(OR(TRIM(C324)="",SUBSTITUTE(C324," ","")="소계"),"제외",IF(ISNUMBER(SEARCH("홍콩",C324)),"HK",IF(ISNUMBER(SEARCH("상해",C324)),"CN",IF(ISNUMBER(SEARCH("대만",C324)),"TW","홀세일")))) -> 제외 | C324: 소 계 | K324: 106012 | L324: 13316058000 | M324: 4774695740 | N324: =IF(A324="제외",0,IF(OR(N(L324)<=0,N(M324)>N(L324)),N(M324)/요약!$D$27,N(L324))) -> 0 | O324: =IF(A324="제외","",IF(OR(N(L324)<=0,N(M324)>N(L324)),"택가보정(판매금액÷공급율)","")) | P324: =IF(A324="HK","100",IF(A324="CN","200",IF(A324="TW","300",IF(ISNUMBER(SEARCH("태국",C324)),"500",IF(ISNUMBER(SEARCH("말레이",C324)),"600",IF(ISNUMBER(SEARCH("필리핀",C324)),"700",IF(ISNUMBER(SEARCH("인도네시아",C324)),"800",IF(ISNUMBER(SEARCH("크루즈",C324)),"810",IF(ISNUMBER(SEARCH("동물원",C324)),"830","")))))))))
A325: =IF(OR(TRIM(C325)="",SUBSTITUTE(C325," ","")="소계"),"제외",IF(ISNUMBER(SEARCH("홍콩",C325)),"HK",IF(ISNUMBER(SEARCH("상해",C325)),"CN",IF(ISNUMBER(SEARCH("대만",C325)),"TW","홀세일")))) -> HK | B325: W9007 | C325: 홍콩법인 | D325: KIDS | E325: 2026 | F325: 4계절 | G325: 용품 | H325: KIDS | I325: K265APE498 | J325: (사)KIDS3단자동우산 | K325: 800 | L325: 36000000 | M325: 11300800 | N325: =IF(A325="제외",0,IF(OR(N(L325)<=0,N(M325)>N(L325)),N(M325)/요약!$D$27,N(L325))) -> 36000000 | O325: =IF(A325="제외","",IF(OR(N(L325)<=0,N(M325)>N(L325)),"택가보정(판매금액÷공급율)","")) | P325: =IF(A325="HK","100",IF(A325="CN","200",IF(A325="TW","300",IF(ISNUMBER(SEARCH("태국",C325)),"500",IF(ISNUMBER(SEARCH("말레이",C325)),"600",IF(ISNUMBER(SEARCH("필리핀",C325)),"700",IF(ISNUMBER(SEARCH("인도네시아",C325)),"800",IF(ISNUMBER(SEARCH("크루즈",C325)),"810",IF(ISNUMBER(SEARCH("동물원",C325)),"830",""))))))))) -> 100
A326: =IF(OR(TRIM(C326)="",SUBSTITUTE(C326," ","")="소계"),"제외",IF(ISNUMBER(SEARCH("홍콩",C326)),"HK",IF(ISNUMBER(SEARCH("상해",C326)),"CN",IF(ISNUMBER(SEARCH("대만",C326)),"TW","홀세일")))) -> HK | B326: W9007 | C326: 홍콩법인 | D326: 내셔널지오그래픽 | E326: 2023 | F326: 4계절 | G326: 용품 | H326: 기타 | I326: N235APE498 | J326: (사)돗자리 | K326: 639 | L326: 639 | M326: 93933 | N326: =IF(A326="제외",0,IF(OR(N(L326)<=0,N(M326)>N(L326)),N(M326)/요약!$D$27,N(L326))) -> 284645.45 | O326: =IF(A326="제외","",IF(OR(N(L326)<=0,N(M326)>N(L326)),"택가보정(판매금액÷공급율)","")) -> 택가보정(판매금액÷공급율) | P326: =IF(A326="HK","100",IF(A326="CN","200",IF(A326="TW","300",IF(ISNUMBER(SEARCH("태국",C326)),"500",IF(ISNUMBER(SEARCH("말레이",C326)),"600",IF(ISNUMBER(SEARCH("필리핀",C326)),"700",IF(ISNUMBER(SEARCH("인도네시아",C326)),"800",IF(ISNUMBER(SEARCH("크루즈",C326)),"810",IF(ISNUMBER(SEARCH("동물원",C326)),"830",""))))))))) -> 100
A327: =IF(OR(TRIM(C327)="",SUBSTITUTE(C327," ","")="소계"),"제외",IF(ISNUMBER(SEARCH("홍콩",C327)),"HK",IF(ISNUMBER(SEARCH("상해",C327)),"CN",IF(ISNUMBER(SEARCH("대만",C327)),"TW","홀세일")))) -> HK | B327: W9007 | C327: 홍콩법인 | D327: 내셔널지오그래픽 | E327: 2025 | F327: 4계절 | G327: 캐리어 | H327: 온라인 | I327: N255ASU450 | J327: (온) 부다페스트 캐리어 24 | K327: 180 | L327: 46620000 | M327: 23385780 | N327: =IF(A327="제외",0,IF(OR(N(L327)<=0,N(M327)>N(L327)),N(M327)/요약!$D$27,N(L327))) -> 46620000 | O327: =IF(A327="제외","",IF(OR(N(L327)<=0,N(M327)>N(L327)),"택가보정(판매금액÷공급율)","")) | P327: =IF(A327="HK","100",IF(A327="CN","200",IF(A327="TW","300",IF(ISNUMBER(SEARCH("태국",C327)),"500",IF(ISNUMBER(SEARCH("말레이",C327)),"600",IF(ISNUMBER(SEARCH("필리핀",C327)),"700",IF(ISNUMBER(SEARCH("인도네시아",C327)),"800",IF(ISNUMBER(SEARCH("크루즈",C327)),"810",IF(ISNUMBER(SEARCH("동물원",C327)),"830",""))))))))) -> 100
A328: =IF(OR(TRIM(C328)="",SUBSTITUTE(C328," ","")="소계"),"제외",IF(ISNUMBER(SEARCH("홍콩",C328)),"HK",IF(ISNUMBER(SEARCH("상해",C328)),"CN",IF(ISNUMBER(SEARCH("대만",C328)),"TW","홀세일")))) -> HK | B328: W9007 | C328: 홍콩법인 | D328: 내셔널지오그래픽 | E328: 2025 | F328: 4계절 | G328: 기타 | H328: 홈쇼핑 | I328: N255APP510 | J328: (홈)풀데이 미니캐리어 V2 | K328: 250 | L328: 27250000 | M328: 6123750 | N328: =IF(A328="제외",0,IF(OR(N(L328)<=0,N(M328)>N(L328)),N(M328)/요약!$D$27,N(L328))) -> 27250000 | O328: =IF(A328="제외","",IF(OR(N(L328)<=0,N(M328)>N(L328)),"택가보정(판매금액÷공급율)","")) | P328: =IF(A328="HK","100",IF(A328="CN","200",IF(A328="TW","300",IF(ISNUMBER(SEARCH("태국",C328)),"500",IF(ISNUMBER(SEARCH("말레이",C328)),"600",IF(ISNUMBER(SEARCH("필리핀",C328)),"700",IF(ISNUMBER(SEARCH("인도네시아",C328)),"800",IF(ISNUMBER(SEARCH("크루즈",C328)),"810",IF(ISNUMBER(SEARCH("동물원",C328)),"830",""))))))))) -> 100
A329: =IF(OR(TRIM(C329)="",SUBSTITUTE(C329," ","")="소계"),"제외",IF(ISNUMBER(SEARCH("홍콩",C329)),"HK",IF(ISNUMBER(SEARCH("상해",C329)),"CN",IF(ISNUMBER(SEARCH("대만",C329)),"TW","홀세일")))) -> HK | B329: W9007 | C329: 홍콩법인 | D329: 내셔널지오그래픽 | E329: 2025 | F329: 4계절 | G329: 신발 | H329: 온라인 | I329: N255USN312 | J329: (온) 스텀프 V3 | K329: 110 | L329: 11990000 | M329: 5092560 | N329: =IF(A329="제외",0,IF(OR(N(L329)<=0,N(M329)>N(L329)),N(M329)/요약!$D$27,N(L329))) -> 11990000 | O329: =IF(A329="제외","",IF(OR(N(L329)<=0,N(M329)>N(L329)),"택가보정(판매금액÷공급율)","")) | P329: =IF(A329="HK","100",IF(A329="CN","200",IF(A329="TW","300",IF(ISNUMBER(SEARCH("태국",C329)),"500",IF(ISNUMBER(SEARCH("말레이",C329)),"600",IF(ISNUMBER(SEARCH("필리핀",C329)),"700",IF(ISNUMBER(SEARCH("인도네시아",C329)),"800",IF(ISNUMBER(SEARCH("크루즈",C329)),"810",IF(ISNUMBER(SEARCH("동물원",C329)),"830",""))))))))) -> 100
A330: =IF(OR(TRIM(C330)="",SUBSTITUTE(C330," ","")="소계"),"제외",IF(ISNUMBER(SEARCH("홍콩",C330)),"HK",IF(ISNUMBER(SEARCH("상해",C330)),"CN",IF(ISNUMBER(SEARCH("대만",C330)),"TW","홀세일")))) -> HK | B330: W9007 | C330: 홍콩법인 | D330: 내셔널지오그래픽 | E330: 2026 | F330: 봄 | G330: 의류 | H330: Original | I330: N261MPT510 | J330: NRN 유틸리티 베이직핏 조거 팬츠 | K330: 90 | L330: 12510000 | M330: 4539510 | N330: =IF(A330="제외",0,IF(OR(N(L330)<=0,N(M330)>N(L330)),N(M330)/요약!$D$27,N(L330))) -> 12510000 | O330: =IF(A330="제외","",IF(OR(N(L330)<=0,N(M330)>N(L330)),"택가보정(판매금액÷공급율)","")) | P330: =IF(A330="HK","100",IF(A330="CN","200",IF(A330="TW","300",IF(ISNUMBER(SEARCH("태국",C330)),"500",IF(ISNUMBER(SEARCH("말레이",C330)),"600",IF(ISNUMBER(SEARCH("필리핀",C330)),"700",IF(ISNUMBER(SEARCH("인도네시아",C330)),"800",IF(ISNUMBER(SEARCH("크루즈",C330)),"810",IF(ISNUMBER(SEARCH("동물원",C330)),"830",""))))))))) -> 100
A331: =IF(OR(TRIM(C331)="",SUBSTITUTE(C331," ","")="소계"),"제외",IF(ISNUMBER(SEARCH("홍콩",C331)),"HK",IF(ISNUMBER(SEARCH("상해",C331)),"CN",IF(ISNUMBER(SEARCH("대만",C331)),"TW","홀세일")))) -> HK | B331: W9007 | C331: 홍콩법인 | D331: 내셔널지오그래픽 | E331: 2026 | F331: 봄 | G331: 의류 | H331: Urban | I331: N261MPT210 | J331: 아르마딜로 스트레치 베이직핏 스트레이트 팬츠 | K331: 110 | L331: 17490000 | M331: 6334130 | N331: =IF(A331="제외",0,IF(OR(N(L331)<=0,N(M331)>N(L331)),N(M331)/요약!$D$27,N(L331))) -> 17490000 | O331: =IF(A331="제외","",IF(OR(N(L331)<=0,N(M331)>N(L331)),"택가보정(판매금액÷공급율)","")) | P331: =IF(A331="HK","100",IF(A331="CN","200",IF(A331="TW","300",IF(ISNUMBER(SEARCH("태국",C331)),"500",IF(ISNUMBER(SEARCH("말레이",C331)),"600",IF(ISNUMBER(SEARCH("필리핀",C331)),"700",IF(ISNUMBER(SEARCH("인도네시아",C331)),"800",IF(ISNUMBER(SEARCH("크루즈",C331)),"810",IF(ISNUMBER(SEARCH("동물원",C331)),"830",""))))))))) -> 100
A332: =IF(OR(TRIM(C332)="",SUBSTITUTE(C332," ","")="소계"),"제외",IF(ISNUMBER(SEARCH("홍콩",C332)),"HK",IF(ISNUMBER(SEARCH("상해",C332)),"CN",IF(ISNUMBER(SEARCH("대만",C332)),"TW","홀세일")))) -> HK | B332: W9007 | C332: 홍콩법인 | D332: 내셔널지오그래픽 | E332: 2026 | F332: 봄 | G332: 의류 | H332: Original | I332: N261MJP530 | J332: NRN 유틸리티 필드 자켓 | K332: 80 | L332: 22320000 | M332: 8576640 | N332: =IF(A332="제외",0,IF(OR(N(L332)<=0,N(M332)>N(L332)),N(M332)/요약!$D$27,N(L332))) -> 22320000 | O332: =IF(A332="제외","",IF(OR(N(L332)<=0,N(M332)>N(L332)),"택가보정(판매금액÷공급율)","")) | P332: =IF(A332="HK","100",IF(A332="CN","200",IF(A332="TW","300",IF(ISNUMBER(SEARCH("태국",C332)),"500",IF(ISNUMBER(SEARCH("말레이",C332)),"600",IF(ISNUMBER(SEARCH("필리핀",C332)),"700",IF(ISNUMBER(SEARCH("인도네시아",C332)),"800",IF(ISNUMBER(SEARCH("크루즈",C332)),"810",IF(ISNUMBER(SEARCH("동물원",C332)),"830",""))))))))) -> 100
A333: =IF(OR(TRIM(C333)="",SUBSTITUTE(C333," ","")="소계"),"제외",IF(ISNUMBER(SEARCH("홍콩",C333)),"HK",IF(ISNUMBER(SEARCH("상해",C333)),"CN",IF(ISNUMBER(SEARCH("대만",C333)),"TW","홀세일")))) -> HK | B333: W9007 | C333: 홍콩법인 | D333: 내셔널지오그래픽 | E333: 2026 | F333: 봄 | G333: 의류 | H333: Urban | I333: N261MJP210 | J333: 어반시티 블루종 점퍼 | K333: 100 | L333: 21900000 | M333: 8433200 | N333: =IF(A333="제외",0,IF(OR(N(L333)<=0,N(M333)>N(L333)),N(M333)/요약!$D$27,N(L333))) -> 21900000 | O333: =IF(A333="제외","",IF(OR(N(L333)<=0,N(M333)>N(L333)),"택가보정(판매금액÷공급율)","")) | P333: =IF(A333="HK","100",IF(A333="CN","200",IF(A333="TW","300",IF(ISNUMBER(SEARCH("태국",C333)),"500",IF(ISNUMBER(SEARCH("말레이",C333)),"600",IF(ISNUMBER(SEARCH("필리핀",C333)),"700",IF(ISNUMBER(SEARCH("인도네시아",C333)),"800",IF(ISNUMBER(SEARCH("크루즈",C333)),"810",IF(ISNUMBER(SEARCH("동물원",C333)),"830",""))))))))) -> 100
A334: =IF(OR(TRIM(C334)="",SUBSTITUTE(C334," ","")="소계"),"제외",IF(ISNUMBER(SEARCH("홍콩",C334)),"HK",IF(ISNUMBER(SEARCH("상해",C334)),"CN",IF(ISNUMBER(SEARCH("대만",C334)),"TW","홀세일")))) -> HK | B334: W9007 | C334: 홍콩법인 | D334: 내셔널지오그래픽 | E334: 2026 | F334: 봄 | G334: 의류 | H334: Urban | I334: N261MJP270 | J334: 3L 방수 후드형 자켓 | K334: 220 | L334: 56980000 | M334: 21847320 | N334: =IF(A334="제외",0,IF(OR(N(L334)<=0,N(M334)>N(L334)),N(M334)/요약!$D$27,N(L334))) -> 56980000 | O334: =IF(A334="제외","",IF(OR(N(L334)<=0,N(M334)>N(L334)),"택가보정(판매금액÷공급율)","")) | P334: =IF(A334="HK","100",IF(A334="CN","200",IF(A334="TW","300",IF(ISNUMBER(SEARCH("태국",C334)),"500",IF(ISNUMBER(SEARCH("말레이",C334)),"600",IF(ISNUMBER(SEARCH("필리핀",C334)),"700",IF(ISNUMBER(SEARCH("인도네시아",C334)),"800",IF(ISNUMBER(SEARCH("크루즈",C334)),"810",IF(ISNUMBER(SEARCH("동물원",C334)),"830",""))))))))) -> 100
A335: =IF(OR(TRIM(C335)="",SUBSTITUTE(C335," ","")="소계"),"제외",IF(ISNUMBER(SEARCH("홍콩",C335)),"HK",IF(ISNUMBER(SEARCH("상해",C335)),"CN",IF(ISNUMBER(SEARCH("대만",C335)),"TW","홀세일")))) -> HK | B335: W9007 | C335: 홍콩법인 | D335: 내셔널지오그래픽 | E335: 2026 | F335: 봄 | G335: 의류 | H335: Original | I335: N261MFT510 | J335: NRN 유틸리티 세미오버핏 후드 풀집업 | K335: 70 | L335: 13930000 | M335: 5052600 | N335: =IF(A335="제외",0,IF(OR(N(L335)<=0,N(M335)>N(L335)),N(M335)/요약!$D$27,N(L335))) -> 13930000 | O335: =IF(A335="제외","",IF(OR(N(L335)<=0,N(M335)>N(L335)),"택가보정(판매금액÷공급율)","")) | P335: =IF(A335="HK","100",IF(A335="CN","200",IF(A335="TW","300",IF(ISNUMBER(SEARCH("태국",C335)),"500",IF(ISNUMBER(SEARCH("말레이",C335)),"600",IF(ISNUMBER(SEARCH("필리핀",C335)),"700",IF(ISNUMBER(SEARCH("인도네시아",C335)),"800",IF(ISNUMBER(SEARCH("크루즈",C335)),"810",IF(ISNUMBER(SEARCH("동물원",C335)),"830",""))))))))) -> 100
A336: =IF(OR(TRIM(C336)="",SUBSTITUTE(C336," ","")="소계"),"제외",IF(ISNUMBER(SEARCH("홍콩",C336)),"HK",IF(ISNUMBER(SEARCH("상해",C336)),"CN",IF(ISNUMBER(SEARCH("대만",C336)),"TW","홀세일")))) -> HK | B336: W9007 | C336: 홍콩법인 | D336: 내셔널지오그래픽 | E336: 2026 | F336: 봄 | G336: 의류 | H336: Original | I336: N261UPT050 | J336: 마게이 베이직핏 조거 카고 팬츠 | K336: 210 | L336: 27090000 | M336: 9831360 | N336: =IF(A336="제외",0,IF(OR(N(L336)<=0,N(M336)>N(L336)),N(M336)/요약!$D$27,N(L336))) -> 27090000 | O336: =IF(A336="제외","",IF(OR(N(L336)<=0,N(M336)>N(L336)),"택가보정(판매금액÷공급율)","")) | P336: =IF(A336="HK","100",IF(A336="CN","200",IF(A336="TW","300",IF(ISNUMBER(SEARCH("태국",C336)),"500",IF(ISNUMBER(SEARCH("말레이",C336)),"600",IF(ISNUMBER(SEARCH("필리핀",C336)),"700",IF(ISNUMBER(SEARCH("인도네시아",C336)),"800",IF(ISNUMBER(SEARCH("크루즈",C336)),"810",IF(ISNUMBER(SEARCH("동물원",C336)),"830",""))))))))) -> 100
... A632: =IF(OR(TRIM(C632)="",SUBSTITUTE(C632," ","")="소계"),"제외",IF(ISNUMBER(SEARCH("홍콩",C632)),"HK",IF(ISNUMBER(SEARCH("상해",C632)),"CN",IF(ISNUMBER(SEARCH("대만",C632)),"TW","홀세일")))) -> HK | B632: W9007 | C632: 홍콩법인 | D632: 해외전용(NGA&MG) | E632: 2026 | F632: 겨울 | G632: 의류 | H632: WOMEN | I632: O264WKT010 | J632: W' 스웨터 니트 가디건 | K632: 200 | L632: 31800000 | M632: 10296200 | N632: =IF(A632="제외",0,IF(OR(N(L632)<=0,N(M632)>N(L632)),N(M632)/요약!$D$27,N(L632))) -> 31800000 | O632: =IF(A632="제외","",IF(OR(N(L632)<=0,N(M632)>N(L632)),"택가보정(판매금액÷공급율)","")) | P632: =IF(A632="HK","100",IF(A632="CN","200",IF(A632="TW","300",IF(ISNUMBER(SEARCH("태국",C632)),"500",IF(ISNUMBER(SEARCH("말레이",C632)),"600",IF(ISNUMBER(SEARCH("필리핀",C632)),"700",IF(ISNUMBER(SEARCH("인도네시아",C632)),"800",IF(ISNUMBER(SEARCH("크루즈",C632)),"810",IF(ISNUMBER(SEARCH("동물원",C632)),"830",""))))))))) -> 100
A633: =IF(OR(TRIM(C633)="",SUBSTITUTE(C633," ","")="소계"),"제외",IF(ISNUMBER(SEARCH("홍콩",C633)),"HK",IF(ISNUMBER(SEARCH("상해",C633)),"CN",IF(ISNUMBER(SEARCH("대만",C633)),"TW","홀세일")))) -> 제외 | C633: 소 계 | K633: 83733 | L633: 10363947639 | M633: 3700267998 | N633: =IF(A633="제외",0,IF(OR(N(L633)<=0,N(M633)>N(L633)),N(M633)/요약!$D$27,N(L633))) -> 0 | O633: =IF(A633="제외","",IF(OR(N(L633)<=0,N(M633)>N(L633)),"택가보정(판매금액÷공급율)","")) | P633: =IF(A633="HK","100",IF(A633="CN","200",IF(A633="TW","300",IF(ISNUMBER(SEARCH("태국",C633)),"500",IF(ISNUMBER(SEARCH("말레이",C633)),"600",IF(ISNUMBER(SEARCH("필리핀",C633)),"700",IF(ISNUMBER(SEARCH("인도네시아",C633)),"800",IF(ISNUMBER(SEARCH("크루즈",C633)),"810",IF(ISNUMBER(SEARCH("동물원",C633)),"830","")))))))))
A634: =IF(OR(TRIM(C634)="",SUBSTITUTE(C634," ","")="소계"),"제외",IF(ISNUMBER(SEARCH("홍콩",C634)),"HK",IF(ISNUMBER(SEARCH("상해",C634)),"CN",IF(ISNUMBER(SEARCH("대만",C634)),"TW","홀세일")))) -> CN | B634: WW002 | C634: 상해법인(덕나이철) | D634: 내셔널지오그래픽 | E634: 2025 | F634: 4계절 | G634: 캐리어 | H634: Original | I634: N255ASU050 | J634: 하바나 캐리어 20 | K634: 50 | L634: 10950000 | M634: 2449900 | N634: =IF(A634="제외",0,IF(OR(N(L634)<=0,N(M634)>N(L634)),N(M634)/요약!$D$27,N(L634))) -> 10950000 | O634: =IF(A634="제외","",IF(OR(N(L634)<=0,N(M634)>N(L634)),"택가보정(판매금액÷공급율)","")) | P634: =IF(A634="HK","100",IF(A634="CN","200",IF(A634="TW","300",IF(ISNUMBER(SEARCH("태국",C634)),"500",IF(ISNUMBER(SEARCH("말레이",C634)),"600",IF(ISNUMBER(SEARCH("필리핀",C634)),"700",IF(ISNUMBER(SEARCH("인도네시아",C634)),"800",IF(ISNUMBER(SEARCH("크루즈",C634)),"810",IF(ISNUMBER(SEARCH("동물원",C634)),"830",""))))))))) -> 200
A635: =IF(OR(TRIM(C635)="",SUBSTITUTE(C635," ","")="소계"),"제외",IF(ISNUMBER(SEARCH("홍콩",C635)),"HK",IF(ISNUMBER(SEARCH("상해",C635)),"CN",IF(ISNUMBER(SEARCH("대만",C635)),"TW","홀세일")))) -> CN | B635: WW002 | C635: 상해법인(덕나이철) | D635: 내셔널지오그래픽 | E635: 2025 | F635: 4계절 | G635: 캐리어 | H635: 홈쇼핑 | I635: N255ASU930 | J635: (홈) 페이지 캐리어 SET | K635: 30 | L635: 10440000 | M635: 4182690 | N635: =IF(A635="제외",0,IF(OR(N(L635)<=0,N(M635)>N(L635)),N(M635)/요약!$D$27,N(L635))) -> 10440000 | O635: =IF(A635="제외","",IF(OR(N(L635)<=0,N(M635)>N(L635)),"택가보정(판매금액÷공급율)","")) | P635: =IF(A635="HK","100",IF(A635="CN","200",IF(A635="TW","300",IF(ISNUMBER(SEARCH("태국",C635)),"500",IF(ISNUMBER(SEARCH("말레이",C635)),"600",IF(ISNUMBER(SEARCH("필리핀",C635)),"700",IF(ISNUMBER(SEARCH("인도네시아",C635)),"800",IF(ISNUMBER(SEARCH("크루즈",C635)),"810",IF(ISNUMBER(SEARCH("동물원",C635)),"830",""))))))))) -> 200
A636: =IF(OR(TRIM(C636)="",SUBSTITUTE(C636," ","")="소계"),"제외",IF(ISNUMBER(SEARCH("홍콩",C636)),"HK",IF(ISNUMBER(SEARCH("상해",C636)),"CN",IF(ISNUMBER(SEARCH("대만",C636)),"TW","홀세일")))) -> CN | B636: WW002 | C636: 상해법인(덕나이철) | D636: 내셔널지오그래픽 | E636: 2025 | F636: 4계절 | G636: 캐리어 | H636: 온라인 | I636: N255ASU440 | J636: (온) 부다페스트 캐리어 20 | K636: 25 | L636: 5725000 | M636: 1599875 | N636: =IF(A636="제외",0,IF(OR(N(L636)<=0,N(M636)>N(L636)),N(M636)/요약!$D$27,N(L636))) -> 5725000 | O636: =IF(A636="제외","",IF(OR(N(L636)<=0,N(M636)>N(L636)),"택가보정(판매금액÷공급율)","")) | P636: =IF(A636="HK","100",IF(A636="CN","200",IF(A636="TW","300",IF(ISNUMBER(SEARCH("태국",C636)),"500",IF(ISNUMBER(SEARCH("말레이",C636)),"600",IF(ISNUMBER(SEARCH("필리핀",C636)),"700",IF(ISNUMBER(SEARCH("인도네시아",C636)),"800",IF(ISNUMBER(SEARCH("크루즈",C636)),"810",IF(ISNUMBER(SEARCH("동물원",C636)),"830",""))))))))) -> 200
A637: =IF(OR(TRIM(C637)="",SUBSTITUTE(C637," ","")="소계"),"제외",IF(ISNUMBER(SEARCH("홍콩",C637)),"HK",IF(ISNUMBER(SEARCH("상해",C637)),"CN",IF(ISNUMBER(SEARCH("대만",C637)),"TW","홀세일")))) -> CN | B637: WW002 | C637: 상해법인(덕나이철) | D637: 내셔널지오그래픽 | E637: 2025 | F637: 4계절 | G637: 캐리어 | H637: 온라인 | I637: N255ASU460 | J637: (온) 부다페스트 캐리어 28 | K637: 25 | L637: 7725000 | M637: 2223500 | N637: =IF(A637="제외",0,IF(OR(N(L637)<=0,N(M637)>N(L637)),N(M637)/요약!$D$27,N(L637))) -> 7725000 | O637: =IF(A637="제외","",IF(OR(N(L637)<=0,N(M637)>N(L637)),"택가보정(판매금액÷공급율)","")) | P637: =IF(A637="HK","100",IF(A637="CN","200",IF(A637="TW","300",IF(ISNUMBER(SEARCH("태국",C637)),"500",IF(ISNUMBER(SEARCH("말레이",C637)),"600",IF(ISNUMBER(SEARCH("필리핀",C637)),"700",IF(ISNUMBER(SEARCH("인도네시아",C637)),"800",IF(ISNUMBER(SEARCH("크루즈",C637)),"810",IF(ISNUMBER(SEARCH("동물원",C637)),"830",""))))))))) -> 200
A638: =IF(OR(TRIM(C638)="",SUBSTITUTE(C638," ","")="소계"),"제외",IF(ISNUMBER(SEARCH("홍콩",C638)),"HK",IF(ISNUMBER(SEARCH("상해",C638)),"CN",IF(ISNUMBER(SEARCH("대만",C638)),"TW","홀세일")))) -> CN | B638: WW002 | C638: 상해법인(덕나이철) | D638: 내셔널지오그래픽 | E638: 2026 | F638: 봄 | G638: 용품 | H638: Original | I638: N261ABG090 | J638: 브레이브백팩 | K638: 280 | L638: 50120000 | M638: 14770280 | N638: =IF(A638="제외",0,IF(OR(N(L638)<=0,N(M638)>N(L638)),N(M638)/요약!$D$27,N(L638))) -> 50120000 | O638: =IF(A638="제외","",IF(OR(N(L638)<=0,N(M638)>N(L638)),"택가보정(판매금액÷공급율)","")) | P638: =IF(A638="HK","100",IF(A638="CN","200",IF(A638="TW","300",IF(ISNUMBER(SEARCH("태국",C638)),"500",IF(ISNUMBER(SEARCH("말레이",C638)),"600",IF(ISNUMBER(SEARCH("필리핀",C638)),"700",IF(ISNUMBER(SEARCH("인도네시아",C638)),"800",IF(ISNUMBER(SEARCH("크루즈",C638)),"810",IF(ISNUMBER(SEARCH("동물원",C638)),"830",""))))))))) -> 200
A639: =IF(OR(TRIM(C639)="",SUBSTITUTE(C639," ","")="소계"),"제외",IF(ISNUMBER(SEARCH("홍콩",C639)),"HK",IF(ISNUMBER(SEARCH("상해",C639)),"CN",IF(ISNUMBER(SEARCH("대만",C639)),"TW","홀세일")))) -> CN | B639: WW002 | C639: 상해법인(덕나이철) | D639: 내셔널지오그래픽 | E639: 2026 | F639: 봄 | G639: 의류 | H639: Original | I639: N261MHD500 | J639: NRN 하이브리드 세미오버핏 후디 | K639: 2 | L639: 318000 | M639: 101018 | N639: =IF(A639="제외",0,IF(OR(N(L639)<=0,N(M639)>N(L639)),N(M639)/요약!$D$27,N(L639))) -> 318000 | O639: =IF(A639="제외","",IF(OR(N(L639)<=0,N(M639)>N(L639)),"택가보정(판매금액÷공급율)","")) | P639: =IF(A639="HK","100",IF(A639="CN","200",IF(A639="TW","300",IF(ISNUMBER(SEARCH("태국",C639)),"500",IF(ISNUMBER(SEARCH("말레이",C639)),"600",IF(ISNUMBER(SEARCH("필리핀",C639)),"700",IF(ISNUMBER(SEARCH("인도네시아",C639)),"800",IF(ISNUMBER(SEARCH("크루즈",C639)),"810",IF(ISNUMBER(SEARCH("동물원",C639)),"830",""))))))))) -> 200
A640: =IF(OR(TRIM(C640)="",SUBSTITUTE(C640," ","")="소계"),"제외",IF(ISNUMBER(SEARCH("홍콩",C640)),"HK",IF(ISNUMBER(SEARCH("상해",C640)),"CN",IF(ISNUMBER(SEARCH("대만",C640)),"TW","홀세일")))) -> CN | B640: WW002 | C640: 상해법인(덕나이철) | D640: 내셔널지오그래픽 | E640: 2026 | F640: 봄 | G640: 의류 | H640: Original | I640: N261MSW500 | J640: NRN 하이브리드 세미오버핏 포켓 맨투맨 | K640: 4 | L640: 476000 | M640: 137176 | N640: =IF(A640="제외",0,IF(OR(N(L640)<=0,N(M640)>N(L640)),N(M640)/요약!$D$27,N(L640))) -> 476000 | O640: =IF(A640="제외","",IF(OR(N(L640)<=0,N(M640)>N(L640)),"택가보정(판매금액÷공급율)","")) | P640: =IF(A640="HK","100",IF(A640="CN","200",IF(A640="TW","300",IF(ISNUMBER(SEARCH("태국",C640)),"500",IF(ISNUMBER(SEARCH("말레이",C640)),"600",IF(ISNUMBER(SEARCH("필리핀",C640)),"700",IF(ISNUMBER(SEARCH("인도네시아",C640)),"800",IF(ISNUMBER(SEARCH("크루즈",C640)),"810",IF(ISNUMBER(SEARCH("동물원",C640)),"830",""))))))))) -> 200
A641: =IF(OR(TRIM(C641)="",SUBSTITUTE(C641," ","")="소계"),"제외",IF(ISNUMBER(SEARCH("홍콩",C641)),"HK",IF(ISNUMBER(SEARCH("상해",C641)),"CN",IF(ISNUMBER(SEARCH("대만",C641)),"TW","홀세일")))) -> CN | B641: WW002 | C641: 상해법인(덕나이철) | D641: 내셔널지오그래픽 | E641: 2026 | F641: 봄 | G641: 의류 | H641: Original | I641: N261MSW510 | J641: NRN 유틸리티 포켓 세미오버핏 맨투맨 | K641: 100 | L641: 12900000 | M641: 3985800 | N641: =IF(A641="제외",0,IF(OR(N(L641)<=0,N(M641)>N(L641)),N(M641)/요약!$D$27,N(L641))) -> 12900000 | O641: =IF(A641="제외","",IF(OR(N(L641)<=0,N(M641)>N(L641)),"택가보정(판매금액÷공급율)","")) | P641: =IF(A641="HK","100",IF(A641="CN","200",IF(A641="TW","300",IF(ISNUMBER(SEARCH("태국",C641)),"500",IF(ISNUMBER(SEARCH("말레이",C641)),"600",IF(ISNUMBER(SEARCH("필리핀",C641)),"700",IF(ISNUMBER(SEARCH("인도네시아",C641)),"800",IF(ISNUMBER(SEARCH("크루즈",C641)),"810",IF(ISNUMBER(SEARCH("동물원",C641)),"830",""))))))))) -> 200
A642: =IF(OR(TRIM(C642)="",SUBSTITUTE(C642," ","")="소계"),"제외",IF(ISNUMBER(SEARCH("홍콩",C642)),"HK",IF(ISNUMBER(SEARCH("상해",C642)),"CN",IF(ISNUMBER(SEARCH("대만",C642)),"TW","홀세일")))) -> CN | B642: WW002 | C642: 상해법인(덕나이철) | D642: 내셔널지오그래픽 | E642: 2026 | F642: 봄 | G642: 의류 | H642: Urban | I642: N261MTS210 | J642: 와플 긴팔 티셔츠 | K642: 306 | L642: 24174000 | M642: 4515521 | N642: =IF(A642="제외",0,IF(OR(N(L642)<=0,N(M642)>N(L642)),N(M642)/요약!$D$27,N(L642))) -> 24174000 | O642: =IF(A642="제외","",IF(OR(N(L642)<=0,N(M642)>N(L642)),"택가보정(판매금액÷공급율)","")) | P642: =IF(A642="HK","100",IF(A642="CN","200",IF(A642="TW","300",IF(ISNUMBER(SEARCH("태국",C642)),"500",IF(ISNUMBER(SEARCH("말레이",C642)),"600",IF(ISNUMBER(SEARCH("필리핀",C642)),"700",IF(ISNUMBER(SEARCH("인도네시아",C642)),"800",IF(ISNUMBER(SEARCH("크루즈",C642)),"810",IF(ISNUMBER(SEARCH("동물원",C642)),"830",""))))))))) -> 200
A643: =IF(OR(TRIM(C643)="",SUBSTITUTE(C643," ","")="소계"),"제외",IF(ISNUMBER(SEARCH("홍콩",C643)),"HK",IF(ISNUMBER(SEARCH("상해",C643)),"CN",IF(ISNUMBER(SEARCH("대만",C643)),"TW","홀세일")))) -> CN | B643: WW002 | C643: 상해법인(덕나이철) | D643: 내셔널지오그래픽 | E643: 2026 | F643: 봄 | G643: 의류 | H643: Original | I643: N261UJP060 | J643: 오르카 타슬란 후드 아웃포켓 점퍼 | K643: 260 | L643: 51740000 | M643: 11635000 | N643: =IF(A643="제외",0,IF(OR(N(L643)<=0,N(M643)>N(L643)),N(M643)/요약!$D$27,N(L643))) -> 51740000 | O643: =IF(A643="제외","",IF(OR(N(L643)<=0,N(M643)>N(L643)),"택가보정(판매금액÷공급율)","")) | P643: =IF(A643="HK","100",IF(A643="CN","200",IF(A643="TW","300",IF(ISNUMBER(SEARCH("태국",C643)),"500",IF(ISNUMBER(SEARCH("말레이",C643)),"600",IF(ISNUMBER(SEARCH("필리핀",C643)),"700",IF(ISNUMBER(SEARCH("인도네시아",C643)),"800",IF(ISNUMBER(SEARCH("크루즈",C643)),"810",IF(ISNUMBER(SEARCH("동물원",C643)),"830",""))))))))) -> 200
A644: =IF(OR(TRIM(C644)="",SUBSTITUTE(C644," ","")="소계"),"제외",IF(ISNUMBER(SEARCH("홍콩",C644)),"HK",IF(ISNUMBER(SEARCH("상해",C644)),"CN",IF(ISNUMBER(SEARCH("대만",C644)),"TW","홀세일")))) -> CN | B644: WW002 | C644: 상해법인(덕나이철) | D644: 내셔널지오그래픽 | E644: 2026 | F644: 봄 | G644: 의류 | H644: Original | I644: N261UTS030 | J644: 스트라이프 긴팔 티셔츠 | K644: 80 | L644: 6320000 | M644: 1474320 | N644: =IF(A644="제외",0,IF(OR(N(L644)<=0,N(M644)>N(L644)),N(M644)/요약!$D$27,N(L644))) -> 6320000 | O644: =IF(A644="제외","",IF(OR(N(L644)<=0,N(M644)>N(L644)),"택가보정(판매금액÷공급율)","")) | P644: =IF(A644="HK","100",IF(A644="CN","200",IF(A644="TW","300",IF(ISNUMBER(SEARCH("태국",C644)),"500",IF(ISNUMBER(SEARCH("말레이",C644)),"600",IF(ISNUMBER(SEARCH("필리핀",C644)),"700",IF(ISNUMBER(SEARCH("인도네시아",C644)),"800",IF(ISNUMBER(SEARCH("크루즈",C644)),"810",IF(ISNUMBER(SEARCH("동물원",C644)),"830",""))))))))) -> 200
A645: =IF(OR(TRIM(C645)="",SUBSTITUTE(C645," ","")="소계"),"제외",IF(ISNUMBER(SEARCH("홍콩",C645)),"HK",IF(ISNUMBER(SEARCH("상해",C645)),"CN",IF(ISNUMBER(SEARCH("대만",C645)),"TW","홀세일")))) -> CN | B645: WW002 | C645: 상해법인(덕나이철) | D645: 내셔널지오그래픽 | E645: 2026 | F645: 봄 | G645: 의류 | H645: WOMEN | I645: N261WSK100 | J645: W' 코튼 A라인 플리츠 스커트 | K645: 130 | L645: 20670000 | M645: 5531370 | N645: =IF(A645="제외",0,IF(OR(N(L645)<=0,N(M645)>N(L645)),N(M645)/요약!$D$27,N(L645))) -> 20670000 | O645: =IF(A645="제외","",IF(OR(N(L645)<=0,N(M645)>N(L645)),"택가보정(판매금액÷공급율)","")) | P645: =IF(A645="HK","100",IF(A645="CN","200",IF(A645="TW","300",IF(ISNUMBER(SEARCH("태국",C645)),"500",IF(ISNUMBER(SEARCH("말레이",C645)),"600",IF(ISNUMBER(SEARCH("필리핀",C645)),"700",IF(ISNUMBER(SEARCH("인도네시아",C645)),"800",IF(ISNUMBER(SEARCH("크루즈",C645)),"810",IF(ISNUMBER(SEARCH("동물원",C645)),"830",""))))))))) -> 200
... A875: =IF(OR(TRIM(C875)="",SUBSTITUTE(C875," ","")="소계"),"제외",IF(ISNUMBER(SEARCH("홍콩",C875)),"HK",IF(ISNUMBER(SEARCH("상해",C875)),"CN",IF(ISNUMBER(SEARCH("대만",C875)),"TW","홀세일")))) -> CN | B875: WW002 | C875: 상해법인(덕나이철) | D875: 해외전용(NGA&MG) | E875: 2026 | F875: 4계절 | G875: 의류 | H875: WOMEN | I875: O265WTS010 | J875: W' 네오디 스몰로고 반팔 티셔츠 | K875: 697 | L875: 34153000 | M875: 10056435 | N875: =IF(A875="제외",0,IF(OR(N(L875)<=0,N(M875)>N(L875)),N(M875)/요약!$D$27,N(L875))) -> 34153000 | O875: =IF(A875="제외","",IF(OR(N(L875)<=0,N(M875)>N(L875)),"택가보정(판매금액÷공급율)","")) | P875: =IF(A875="HK","100",IF(A875="CN","200",IF(A875="TW","300",IF(ISNUMBER(SEARCH("태국",C875)),"500",IF(ISNUMBER(SEARCH("말레이",C875)),"600",IF(ISNUMBER(SEARCH("필리핀",C875)),"700",IF(ISNUMBER(SEARCH("인도네시아",C875)),"800",IF(ISNUMBER(SEARCH("크루즈",C875)),"810",IF(ISNUMBER(SEARCH("동물원",C875)),"830",""))))))))) -> 200
A876: =IF(OR(TRIM(C876)="",SUBSTITUTE(C876," ","")="소계"),"제외",IF(ISNUMBER(SEARCH("홍콩",C876)),"HK",IF(ISNUMBER(SEARCH("상해",C876)),"CN",IF(ISNUMBER(SEARCH("대만",C876)),"TW","홀세일")))) -> 제외 | C876: 소 계 | K876: 79103 | L876: 12307600000 | M876: 3611269645 | N876: =IF(A876="제외",0,IF(OR(N(L876)<=0,N(M876)>N(L876)),N(M876)/요약!$D$27,N(L876))) -> 0 | O876: =IF(A876="제외","",IF(OR(N(L876)<=0,N(M876)>N(L876)),"택가보정(판매금액÷공급율)","")) | P876: =IF(A876="HK","100",IF(A876="CN","200",IF(A876="TW","300",IF(ISNUMBER(SEARCH("태국",C876)),"500",IF(ISNUMBER(SEARCH("말레이",C876)),"600",IF(ISNUMBER(SEARCH("필리핀",C876)),"700",IF(ISNUMBER(SEARCH("인도네시아",C876)),"800",IF(ISNUMBER(SEARCH("크루즈",C876)),"810",IF(ISNUMBER(SEARCH("동물원",C876)),"830","")))))))))
A877: =IF(OR(TRIM(C877)="",SUBSTITUTE(C877," ","")="소계"),"제외",IF(ISNUMBER(SEARCH("홍콩",C877)),"HK",IF(ISNUMBER(SEARCH("상해",C877)),"CN",IF(ISNUMBER(SEARCH("대만",C877)),"TW","홀세일")))) -> 홀세일 | B877: WW003 | C877: W태국 | D877: 내셔널지오그래픽 | E877: 2024 | F877: 여름 | G877: 용품 | H877: Original | I877: N242ACR010 | J877: 비치크로스백 | K877: 105 | L877: 4095000 | M877: 1332870 | N877: =IF(A877="제외",0,IF(OR(N(L877)<=0,N(M877)>N(L877)),N(M877)/요약!$D$27,N(L877))) -> 4095000 | O877: =IF(A877="제외","",IF(OR(N(L877)<=0,N(M877)>N(L877)),"택가보정(판매금액÷공급율)","")) | P877: =IF(A877="HK","100",IF(A877="CN","200",IF(A877="TW","300",IF(ISNUMBER(SEARCH("태국",C877)),"500",IF(ISNUMBER(SEARCH("말레이",C877)),"600",IF(ISNUMBER(SEARCH("필리핀",C877)),"700",IF(ISNUMBER(SEARCH("인도네시아",C877)),"800",IF(ISNUMBER(SEARCH("크루즈",C877)),"810",IF(ISNUMBER(SEARCH("동물원",C877)),"830",""))))))))) -> 500
A878: =IF(OR(TRIM(C878)="",SUBSTITUTE(C878," ","")="소계"),"제외",IF(ISNUMBER(SEARCH("홍콩",C878)),"HK",IF(ISNUMBER(SEARCH("상해",C878)),"CN",IF(ISNUMBER(SEARCH("대만",C878)),"TW","홀세일")))) -> 홀세일 | B878: WW003 | C878: W태국 | D878: 내셔널지오그래픽 | E878: 2024 | F878: 여름 | G878: 용품 | H878: Original | I878: N242AHA030 | J878: 메쉬서핑캡 | K878: 48 | L878: 2832000 | M878: 921072 | N878: =IF(A878="제외",0,IF(OR(N(L878)<=0,N(M878)>N(L878)),N(M878)/요약!$D$27,N(L878))) -> 2832000 | O878: =IF(A878="제외","",IF(OR(N(L878)<=0,N(M878)>N(L878)),"택가보정(판매금액÷공급율)","")) | P878: =IF(A878="HK","100",IF(A878="CN","200",IF(A878="TW","300",IF(ISNUMBER(SEARCH("태국",C878)),"500",IF(ISNUMBER(SEARCH("말레이",C878)),"600",IF(ISNUMBER(SEARCH("필리핀",C878)),"700",IF(ISNUMBER(SEARCH("인도네시아",C878)),"800",IF(ISNUMBER(SEARCH("크루즈",C878)),"810",IF(ISNUMBER(SEARCH("동물원",C878)),"830",""))))))))) -> 500
A879: =IF(OR(TRIM(C879)="",SUBSTITUTE(C879," ","")="소계"),"제외",IF(ISNUMBER(SEARCH("홍콩",C879)),"HK",IF(ISNUMBER(SEARCH("상해",C879)),"CN",IF(ISNUMBER(SEARCH("대만",C879)),"TW","홀세일")))) -> 홀세일 | B879: WW003 | C879: W태국 | D879: 내셔널지오그래픽 | E879: 2025 | F879: 봄 | G879: 용품 | H879: 온라인 | I879: N251ABG550 | J879: (온)로디백팩 | K879: 100 | L879: 16900000 | M879: 6111100 | N879: =IF(A879="제외",0,IF(OR(N(L879)<=0,N(M879)>N(L879)),N(M879)/요약!$D$27,N(L879))) -> 16900000 | O879: =IF(A879="제외","",IF(OR(N(L879)<=0,N(M879)>N(L879)),"택가보정(판매금액÷공급율)","")) | P879: =IF(A879="HK","100",IF(A879="CN","200",IF(A879="TW","300",IF(ISNUMBER(SEARCH("태국",C879)),"500",IF(ISNUMBER(SEARCH("말레이",C879)),"600",IF(ISNUMBER(SEARCH("필리핀",C879)),"700",IF(ISNUMBER(SEARCH("인도네시아",C879)),"800",IF(ISNUMBER(SEARCH("크루즈",C879)),"810",IF(ISNUMBER(SEARCH("동물원",C879)),"830",""))))))))) -> 500
A880: =IF(OR(TRIM(C880)="",SUBSTITUTE(C880," ","")="소계"),"제외",IF(ISNUMBER(SEARCH("홍콩",C880)),"HK",IF(ISNUMBER(SEARCH("상해",C880)),"CN",IF(ISNUMBER(SEARCH("대만",C880)),"TW","홀세일")))) -> 홀세일 | B880: WW003 | C880: W태국 | D880: 내셔널지오그래픽 | E880: 2025 | F880: 여름 | G880: 의류 | H880: Original | I880: N252MVT100 | J880: NRN 하이브리드 후드 베스트 | K880: 8 | L880: 1592000 | M880: 575088 | N880: =IF(A880="제외",0,IF(OR(N(L880)<=0,N(M880)>N(L880)),N(M880)/요약!$D$27,N(L880))) -> 1592000 | O880: =IF(A880="제외","",IF(OR(N(L880)<=0,N(M880)>N(L880)),"택가보정(판매금액÷공급율)","")) | P880: =IF(A880="HK","100",IF(A880="CN","200",IF(A880="TW","300",IF(ISNUMBER(SEARCH("태국",C880)),"500",IF(ISNUMBER(SEARCH("말레이",C880)),"600",IF(ISNUMBER(SEARCH("필리핀",C880)),"700",IF(ISNUMBER(SEARCH("인도네시아",C880)),"800",IF(ISNUMBER(SEARCH("크루즈",C880)),"810",IF(ISNUMBER(SEARCH("동물원",C880)),"830",""))))))))) -> 500
A881: =IF(OR(TRIM(C881)="",SUBSTITUTE(C881," ","")="소계"),"제외",IF(ISNUMBER(SEARCH("홍콩",C881)),"HK",IF(ISNUMBER(SEARCH("상해",C881)),"CN",IF(ISNUMBER(SEARCH("대만",C881)),"TW","홀세일")))) -> 홀세일 | B881: WW003 | C881: W태국 | D881: 내셔널지오그래픽 | E881: 2025 | F881: 여름 | G881: 의류 | H881: Urban | I881: N252UJP220 | J881: 유로파 경량 3L 후드 점퍼 | K881: 7 | L881: 1673000 | M881: 603428 | N881: =IF(A881="제외",0,IF(OR(N(L881)<=0,N(M881)>N(L881)),N(M881)/요약!$D$27,N(L881))) -> 1673000 | O881: =IF(A881="제외","",IF(OR(N(L881)<=0,N(M881)>N(L881)),"택가보정(판매금액÷공급율)","")) | P881: =IF(A881="HK","100",IF(A881="CN","200",IF(A881="TW","300",IF(ISNUMBER(SEARCH("태국",C881)),"500",IF(ISNUMBER(SEARCH("말레이",C881)),"600",IF(ISNUMBER(SEARCH("필리핀",C881)),"700",IF(ISNUMBER(SEARCH("인도네시아",C881)),"800",IF(ISNUMBER(SEARCH("크루즈",C881)),"810",IF(ISNUMBER(SEARCH("동물원",C881)),"830",""))))))))) -> 500
A882: =IF(OR(TRIM(C882)="",SUBSTITUTE(C882," ","")="소계"),"제외",IF(ISNUMBER(SEARCH("홍콩",C882)),"HK",IF(ISNUMBER(SEARCH("상해",C882)),"CN",IF(ISNUMBER(SEARCH("대만",C882)),"TW","홀세일")))) -> 홀세일 | B882: WW003 | C882: W태국 | D882: 내셔널지오그래픽 | E882: 2025 | F882: 여름 | G882: 의류 | H882: Urban | I882: N252USH490 | J882: 크링클 세미오버핏 반팔 셔츠 | K882: 65 | L882: 8385000 | M882: 2859220 | N882: =IF(A882="제외",0,IF(OR(N(L882)<=0,N(M882)>N(L882)),N(M882)/요약!$D$27,N(L882))) -> 8385000 | O882: =IF(A882="제외","",IF(OR(N(L882)<=0,N(M882)>N(L882)),"택가보정(판매금액÷공급율)","")) | P882: =IF(A882="HK","100",IF(A882="CN","200",IF(A882="TW","300",IF(ISNUMBER(SEARCH("태국",C882)),"500",IF(ISNUMBER(SEARCH("말레이",C882)),"600",IF(ISNUMBER(SEARCH("필리핀",C882)),"700",IF(ISNUMBER(SEARCH("인도네시아",C882)),"800",IF(ISNUMBER(SEARCH("크루즈",C882)),"810",IF(ISNUMBER(SEARCH("동물원",C882)),"830",""))))))))) -> 500
A883: =IF(OR(TRIM(C883)="",SUBSTITUTE(C883," ","")="소계"),"제외",IF(ISNUMBER(SEARCH("홍콩",C883)),"HK",IF(ISNUMBER(SEARCH("상해",C883)),"CN",IF(ISNUMBER(SEARCH("대만",C883)),"TW","홀세일")))) -> 홀세일 | B883: WW003 | C883: W태국 | D883: 내셔널지오그래픽 | E883: 2025 | F883: 여름 | G883: 의류 | H883: Original | I883: N252UTS080 | J883: 리젠아스킨 트래블1 그래픽 세미오버핏 반팔 티셔츠 | K883: 175 | L883: 12075000 | M883: 4133150 | N883: =IF(A883="제외",0,IF(OR(N(L883)<=0,N(M883)>N(L883)),N(M883)/요약!$D$27,N(L883))) -> 12075000 | O883: =IF(A883="제외","",IF(OR(N(L883)<=0,N(M883)>N(L883)),"택가보정(판매금액÷공급율)","")) | P883: =IF(A883="HK","100",IF(A883="CN","200",IF(A883="TW","300",IF(ISNUMBER(SEARCH("태국",C883)),"500",IF(ISNUMBER(SEARCH("말레이",C883)),"600",IF(ISNUMBER(SEARCH("필리핀",C883)),"700",IF(ISNUMBER(SEARCH("인도네시아",C883)),"800",IF(ISNUMBER(SEARCH("크루즈",C883)),"810",IF(ISNUMBER(SEARCH("동물원",C883)),"830",""))))))))) -> 500
A884: =IF(OR(TRIM(C884)="",SUBSTITUTE(C884," ","")="소계"),"제외",IF(ISNUMBER(SEARCH("홍콩",C884)),"HK",IF(ISNUMBER(SEARCH("상해",C884)),"CN",IF(ISNUMBER(SEARCH("대만",C884)),"TW","홀세일")))) -> 홀세일 | B884: WW003 | C884: W태국 | D884: 내셔널지오그래픽 | E884: 2025 | F884: 여름 | G884: 의류 | H884: Original | I884: N252UTS091 | J884: 크로우 소로나 쿨 바르셀로나 세미오버핏 반팔 티셔츠 | K884: 195 | L884: 13455000 | M884: 4605510 | N884: =IF(A884="제외",0,IF(OR(N(L884)<=0,N(M884)>N(L884)),N(M884)/요약!$D$27,N(L884))) -> 13455000 | O884: =IF(A884="제외","",IF(OR(N(L884)<=0,N(M884)>N(L884)),"택가보정(판매금액÷공급율)","")) | P884: =IF(A884="HK","100",IF(A884="CN","200",IF(A884="TW","300",IF(ISNUMBER(SEARCH("태국",C884)),"500",IF(ISNUMBER(SEARCH("말레이",C884)),"600",IF(ISNUMBER(SEARCH("필리핀",C884)),"700",IF(ISNUMBER(SEARCH("인도네시아",C884)),"800",IF(ISNUMBER(SEARCH("크루즈",C884)),"810",IF(ISNUMBER(SEARCH("동물원",C884)),"830",""))))))))) -> 500
A885: =IF(OR(TRIM(C885)="",SUBSTITUTE(C885," ","")="소계"),"제외",IF(ISNUMBER(SEARCH("홍콩",C885)),"HK",IF(ISNUMBER(SEARCH("상해",C885)),"CN",IF(ISNUMBER(SEARCH("대만",C885)),"TW","홀세일")))) -> 홀세일 | B885: WW003 | C885: W태국 | D885: 내셔널지오그래픽 | E885: 2026 | F885: 봄 | G885: 의류 | H885: Original | I885: N261MPT520 | J885: NRN 유틸리티 필드 어드벤처 베이직핏 팬츠 | K885: 25 | L885: 4475000 | M885: 1644600 | N885: =IF(A885="제외",0,IF(OR(N(L885)<=0,N(M885)>N(L885)),N(M885)/요약!$D$27,N(L885))) -> 4475000 | O885: =IF(A885="제외","",IF(OR(N(L885)<=0,N(M885)>N(L885)),"택가보정(판매금액÷공급율)","")) | P885: =IF(A885="HK","100",IF(A885="CN","200",IF(A885="TW","300",IF(ISNUMBER(SEARCH("태국",C885)),"500",IF(ISNUMBER(SEARCH("말레이",C885)),"600",IF(ISNUMBER(SEARCH("필리핀",C885)),"700",IF(ISNUMBER(SEARCH("인도네시아",C885)),"800",IF(ISNUMBER(SEARCH("크루즈",C885)),"810",IF(ISNUMBER(SEARCH("동물원",C885)),"830",""))))))))) -> 500
A886: =IF(OR(TRIM(C886)="",SUBSTITUTE(C886," ","")="소계"),"제외",IF(ISNUMBER(SEARCH("홍콩",C886)),"HK",IF(ISNUMBER(SEARCH("상해",C886)),"CN",IF(ISNUMBER(SEARCH("대만",C886)),"TW","홀세일")))) -> 홀세일 | B886: WW003 | C886: W태국 | D886: 내셔널지오그래픽 | E886: 2026 | F886: 봄 | G886: 의류 | H886: Original | I886: N261MJP500 | J886: NRN 윈드스토퍼 BY GORE-TEX LABS 아라미드 유틸리티 2L 자켓 | K886: 25 | L886: 14750000 | M886: 5748775 | N886: =IF(A886="제외",0,IF(OR(N(L886)<=0,N(M886)>N(L886)),N(M886)/요약!$D$27,N(L886))) -> 14750000 | O886: =IF(A886="제외","",IF(OR(N(L886)<=0,N(M886)>N(L886)),"택가보정(판매금액÷공급율)","")) | P886: =IF(A886="HK","100",IF(A886="CN","200",IF(A886="TW","300",IF(ISNUMBER(SEARCH("태국",C886)),"500",IF(ISNUMBER(SEARCH("말레이",C886)),"600",IF(ISNUMBER(SEARCH("필리핀",C886)),"700",IF(ISNUMBER(SEARCH("인도네시아",C886)),"800",IF(ISNUMBER(SEARCH("크루즈",C886)),"810",IF(ISNUMBER(SEARCH("동물원",C886)),"830",""))))))))) -> 500
A887: =IF(OR(TRIM(C887)="",SUBSTITUTE(C887," ","")="소계"),"제외",IF(ISNUMBER(SEARCH("홍콩",C887)),"HK",IF(ISNUMBER(SEARCH("상해",C887)),"CN",IF(ISNUMBER(SEARCH("대만",C887)),"TW","홀세일")))) -> 홀세일 | B887: WW003 | C887: W태국 | D887: 내셔널지오그래픽 | E887: 2026 | F887: 봄 | G887: 의류 | H887: Original | I887: N261MJP520 | J887: NRN 유틸리티 점퍼 | K887: 35 | L887: 10465000 | M887: 4080685 | N887: =IF(A887="제외",0,IF(OR(N(L887)<=0,N(M887)>N(L887)),N(M887)/요약!$D$27,N(L887))) -> 10465000 | O887: =IF(A887="제외","",IF(OR(N(L887)<=0,N(M887)>N(L887)),"택가보정(판매금액÷공급율)","")) | P887: =IF(A887="HK","100",IF(A887="CN","200",IF(A887="TW","300",IF(ISNUMBER(SEARCH("태국",C887)),"500",IF(ISNUMBER(SEARCH("말레이",C887)),"600",IF(ISNUMBER(SEARCH("필리핀",C887)),"700",IF(ISNUMBER(SEARCH("인도네시아",C887)),"800",IF(ISNUMBER(SEARCH("크루즈",C887)),"810",IF(ISNUMBER(SEARCH("동물원",C887)),"830",""))))))))) -> 500
A888: =IF(OR(TRIM(C888)="",SUBSTITUTE(C888," ","")="소계"),"제외",IF(ISNUMBER(SEARCH("홍콩",C888)),"HK",IF(ISNUMBER(SEARCH("상해",C888)),"CN",IF(ISNUMBER(SEARCH("대만",C888)),"TW","홀세일")))) -> 홀세일 | B888: WW003 | C888: W태국 | D888: 내셔널지오그래픽 | E888: 2026 | F888: 봄 | G888: 의류 | H888: Original | I888: N261MJP530 | J888: NRN 유틸리티 필드 자켓 | K888: 25 | L888: 6975000 | M888: 2720200 | N888: =IF(A888="제외",0,IF(OR(N(L888)<=0,N(M888)>N(L888)),N(M888)/요약!$D$27,N(L888))) -> 6975000 | O888: =IF(A888="제외","",IF(OR(N(L888)<=0,N(M888)>N(L888)),"택가보정(판매금액÷공급율)","")) | P888: =IF(A888="HK","100",IF(A888="CN","200",IF(A888="TW","300",IF(ISNUMBER(SEARCH("태국",C888)),"500",IF(ISNUMBER(SEARCH("말레이",C888)),"600",IF(ISNUMBER(SEARCH("필리핀",C888)),"700",IF(ISNUMBER(SEARCH("인도네시아",C888)),"800",IF(ISNUMBER(SEARCH("크루즈",C888)),"810",IF(ISNUMBER(SEARCH("동물원",C888)),"830",""))))))))) -> 500
... A900: =IF(OR(TRIM(C900)="",SUBSTITUTE(C900," ","")="소계"),"제외",IF(ISNUMBER(SEARCH("홍콩",C900)),"HK",IF(ISNUMBER(SEARCH("상해",C900)),"CN",IF(ISNUMBER(SEARCH("대만",C900)),"TW","홀세일")))) -> 홀세일 | B900: WW003 | C900: W태국 | D900: 내셔널지오그래픽 | E900: 2026 | F900: 여름 | G900: 의류 | H900: WOMEN | I900: N262WPT140 | J900: W' 아델리 냉감 스트레치 베이직핏 조거 카고 팬츠 | K900: 40 | L900: 5560000 | M900: 2059880 | N900: =IF(A900="제외",0,IF(OR(N(L900)<=0,N(M900)>N(L900)),N(M900)/요약!$D$27,N(L900))) -> 5560000 | O900: =IF(A900="제외","",IF(OR(N(L900)<=0,N(M900)>N(L900)),"택가보정(판매금액÷공급율)","")) | P900: =IF(A900="HK","100",IF(A900="CN","200",IF(A900="TW","300",IF(ISNUMBER(SEARCH("태국",C900)),"500",IF(ISNUMBER(SEARCH("말레이",C900)),"600",IF(ISNUMBER(SEARCH("필리핀",C900)),"700",IF(ISNUMBER(SEARCH("인도네시아",C900)),"800",IF(ISNUMBER(SEARCH("크루즈",C900)),"810",IF(ISNUMBER(SEARCH("동물원",C900)),"830",""))))))))) -> 500
A901: =IF(OR(TRIM(C901)="",SUBSTITUTE(C901," ","")="소계"),"제외",IF(ISNUMBER(SEARCH("홍콩",C901)),"HK",IF(ISNUMBER(SEARCH("상해",C901)),"CN",IF(ISNUMBER(SEARCH("대만",C901)),"TW","홀세일")))) -> 제외 | C901: 소 계 | K901: 1358 | L901: 150677000 | M901: 55141683 | N901: =IF(A901="제외",0,IF(OR(N(L901)<=0,N(M901)>N(L901)),N(M901)/요약!$D$27,N(L901))) -> 0 | O901: =IF(A901="제외","",IF(OR(N(L901)<=0,N(M901)>N(L901)),"택가보정(판매금액÷공급율)","")) | P901: =IF(A901="HK","100",IF(A901="CN","200",IF(A901="TW","300",IF(ISNUMBER(SEARCH("태국",C901)),"500",IF(ISNUMBER(SEARCH("말레이",C901)),"600",IF(ISNUMBER(SEARCH("필리핀",C901)),"700",IF(ISNUMBER(SEARCH("인도네시아",C901)),"800",IF(ISNUMBER(SEARCH("크루즈",C901)),"810",IF(ISNUMBER(SEARCH("동물원",C901)),"830","")))))))))
A902: =IF(OR(TRIM(C902)="",SUBSTITUTE(C902," ","")="소계"),"제외",IF(ISNUMBER(SEARCH("홍콩",C902)),"HK",IF(ISNUMBER(SEARCH("상해",C902)),"CN",IF(ISNUMBER(SEARCH("대만",C902)),"TW","홀세일")))) -> 홀세일 | B902: WW005 | C902: W말레이시아 | D902: KIDS | E902: 2026 | F902: 봄 | G902: 용품 | H902: KIDS | I902: K261KCR010 | J902: KIDS루카보조가방 | K902: 20 | L902: 980000 | M902: 385060 | N902: =IF(A902="제외",0,IF(OR(N(L902)<=0,N(M902)>N(L902)),N(M902)/요약!$D$27,N(L902))) -> 980000 | O902: =IF(A902="제외","",IF(OR(N(L902)<=0,N(M902)>N(L902)),"택가보정(판매금액÷공급율)","")) | P902: =IF(A902="HK","100",IF(A902="CN","200",IF(A902="TW","300",IF(ISNUMBER(SEARCH("태국",C902)),"500",IF(ISNUMBER(SEARCH("말레이",C902)),"600",IF(ISNUMBER(SEARCH("필리핀",C902)),"700",IF(ISNUMBER(SEARCH("인도네시아",C902)),"800",IF(ISNUMBER(SEARCH("크루즈",C902)),"810",IF(ISNUMBER(SEARCH("동물원",C902)),"830",""))))))))) -> 600
A903: =IF(OR(TRIM(C903)="",SUBSTITUTE(C903," ","")="소계"),"제외",IF(ISNUMBER(SEARCH("홍콩",C903)),"HK",IF(ISNUMBER(SEARCH("상해",C903)),"CN",IF(ISNUMBER(SEARCH("대만",C903)),"TW","홀세일")))) -> 홀세일 | B903: WW005 | C903: W말레이시아 | D903: KIDS | E903: 2026 | F903: 봄 | G903: 용품 | H903: KIDS | I903: K261KCR030 | J903: KIDS보조가방L | K903: 20 | L903: 780000 | M903: 305700 | N903: =IF(A903="제외",0,IF(OR(N(L903)<=0,N(M903)>N(L903)),N(M903)/요약!$D$27,N(L903))) -> 780000 | O903: =IF(A903="제외","",IF(OR(N(L903)<=0,N(M903)>N(L903)),"택가보정(판매금액÷공급율)","")) | P903: =IF(A903="HK","100",IF(A903="CN","200",IF(A903="TW","300",IF(ISNUMBER(SEARCH("태국",C903)),"500",IF(ISNUMBER(SEARCH("말레이",C903)),"600",IF(ISNUMBER(SEARCH("필리핀",C903)),"700",IF(ISNUMBER(SEARCH("인도네시아",C903)),"800",IF(ISNUMBER(SEARCH("크루즈",C903)),"810",IF(ISNUMBER(SEARCH("동물원",C903)),"830",""))))))))) -> 600
A904: =IF(OR(TRIM(C904)="",SUBSTITUTE(C904," ","")="소계"),"제외",IF(ISNUMBER(SEARCH("홍콩",C904)),"HK",IF(ISNUMBER(SEARCH("상해",C904)),"CN",IF(ISNUMBER(SEARCH("대만",C904)),"TW","홀세일")))) -> 홀세일 | B904: WW005 | C904: W말레이시아 | D904: KIDS | E904: 2026 | F904: 여름 | G904: 의류 | H904: Original | I904: K262UTS020 | J904: KIDS 냉감 사파리 그래픽 H/TEE-2 | K904: 30 | L904: 1470000 | M904: 545670 | N904: =IF(A904="제외",0,IF(OR(N(L904)<=0,N(M904)>N(L904)),N(M904)/요약!$D$27,N(L904))) -> 1470000 | O904: =IF(A904="제외","",IF(OR(N(L904)<=0,N(M904)>N(L904)),"택가보정(판매금액÷공급율)","")) | P904: =IF(A904="HK","100",IF(A904="CN","200",IF(A904="TW","300",IF(ISNUMBER(SEARCH("태국",C904)),"500",IF(ISNUMBER(SEARCH("말레이",C904)),"600",IF(ISNUMBER(SEARCH("필리핀",C904)),"700",IF(ISNUMBER(SEARCH("인도네시아",C904)),"800",IF(ISNUMBER(SEARCH("크루즈",C904)),"810",IF(ISNUMBER(SEARCH("동물원",C904)),"830",""))))))))) -> 600
A905: =IF(OR(TRIM(C905)="",SUBSTITUTE(C905," ","")="소계"),"제외",IF(ISNUMBER(SEARCH("홍콩",C905)),"HK",IF(ISNUMBER(SEARCH("상해",C905)),"CN",IF(ISNUMBER(SEARCH("대만",C905)),"TW","홀세일")))) -> 홀세일 | B905: WW005 | C905: W말레이시아 | D905: KIDS | E905: 2026 | F905: 여름 | G905: 의류 | H905: Original | I905: K262UTS220 | J905: KIDS 어드벤처 그래픽 H/TEE-2 | K905: 15 | L905: 735000 | M905: 272835 | N905: =IF(A905="제외",0,IF(OR(N(L905)<=0,N(M905)>N(L905)),N(M905)/요약!$D$27,N(L905))) -> 735000 | O905: =IF(A905="제외","",IF(OR(N(L905)<=0,N(M905)>N(L905)),"택가보정(판매금액÷공급율)","")) | P905: =IF(A905="HK","100",IF(A905="CN","200",IF(A905="TW","300",IF(ISNUMBER(SEARCH("태국",C905)),"500",IF(ISNUMBER(SEARCH("말레이",C905)),"600",IF(ISNUMBER(SEARCH("필리핀",C905)),"700",IF(ISNUMBER(SEARCH("인도네시아",C905)),"800",IF(ISNUMBER(SEARCH("크루즈",C905)),"810",IF(ISNUMBER(SEARCH("동물원",C905)),"830",""))))))))) -> 600
A906: =IF(OR(TRIM(C906)="",SUBSTITUTE(C906," ","")="소계"),"제외",IF(ISNUMBER(SEARCH("홍콩",C906)),"HK",IF(ISNUMBER(SEARCH("상해",C906)),"CN",IF(ISNUMBER(SEARCH("대만",C906)),"TW","홀세일")))) -> 홀세일 | B906: WW005 | C906: W말레이시아 | D906: KIDS | E906: 2026 | F906: 4계절 | G906: 용품 | H906: KIDS | I906: K265KCR080 | J906: KIDS뉴슬링백 | K906: 30 | L906: 2370000 | M906: 922500 | N906: =IF(A906="제외",0,IF(OR(N(L906)<=0,N(M906)>N(L906)),N(M906)/요약!$D$27,N(L906))) -> 2370000 | O906: =IF(A906="제외","",IF(OR(N(L906)<=0,N(M906)>N(L906)),"택가보정(판매금액÷공급율)","")) | P906: =IF(A906="HK","100",IF(A906="CN","200",IF(A906="TW","300",IF(ISNUMBER(SEARCH("태국",C906)),"500",IF(ISNUMBER(SEARCH("말레이",C906)),"600",IF(ISNUMBER(SEARCH("필리핀",C906)),"700",IF(ISNUMBER(SEARCH("인도네시아",C906)),"800",IF(ISNUMBER(SEARCH("크루즈",C906)),"810",IF(ISNUMBER(SEARCH("동물원",C906)),"830",""))))))))) -> 600
A907: =IF(OR(TRIM(C907)="",SUBSTITUTE(C907," ","")="소계"),"제외",IF(ISNUMBER(SEARCH("홍콩",C907)),"HK",IF(ISNUMBER(SEARCH("상해",C907)),"CN",IF(ISNUMBER(SEARCH("대만",C907)),"TW","홀세일")))) -> 홀세일 | B907: WW005 | C907: W말레이시아 | D907: KIDS | E907: 2026 | F907: 4계절 | G907: 용품 | H907: KIDS | I907: K265KCR100 | J907: KIDS슬림미니크로스백 | K907: 35 | L907: 1015000 | M907: 396095 | N907: =IF(A907="제외",0,IF(OR(N(L907)<=0,N(M907)>N(L907)),N(M907)/요약!$D$27,N(L907))) -> 1015000 | O907: =IF(A907="제외","",IF(OR(N(L907)<=0,N(M907)>N(L907)),"택가보정(판매금액÷공급율)","")) | P907: =IF(A907="HK","100",IF(A907="CN","200",IF(A907="TW","300",IF(ISNUMBER(SEARCH("태국",C907)),"500",IF(ISNUMBER(SEARCH("말레이",C907)),"600",IF(ISNUMBER(SEARCH("필리핀",C907)),"700",IF(ISNUMBER(SEARCH("인도네시아",C907)),"800",IF(ISNUMBER(SEARCH("크루즈",C907)),"810",IF(ISNUMBER(SEARCH("동물원",C907)),"830",""))))))))) -> 600
A908: =IF(OR(TRIM(C908)="",SUBSTITUTE(C908," ","")="소계"),"제외",IF(ISNUMBER(SEARCH("홍콩",C908)),"HK",IF(ISNUMBER(SEARCH("상해",C908)),"CN",IF(ISNUMBER(SEARCH("대만",C908)),"TW","홀세일")))) -> 홀세일 | B908: WW005 | C908: W말레이시아 | D908: KIDS | E908: 2026 | F908: 4계절 | G908: 용품 | H908: KIDS | I908: K265KCR120 | J908: KIDS가로크로스백 | K908: 35 | L908: 1715000 | M908: 676795 | N908: =IF(A908="제외",0,IF(OR(N(L908)<=0,N(M908)>N(L908)),N(M908)/요약!$D$27,N(L908))) -> 1715000 | O908: =IF(A908="제외","",IF(OR(N(L908)<=0,N(M908)>N(L908)),"택가보정(판매금액÷공급율)","")) | P908: =IF(A908="HK","100",IF(A908="CN","200",IF(A908="TW","300",IF(ISNUMBER(SEARCH("태국",C908)),"500",IF(ISNUMBER(SEARCH("말레이",C908)),"600",IF(ISNUMBER(SEARCH("필리핀",C908)),"700",IF(ISNUMBER(SEARCH("인도네시아",C908)),"800",IF(ISNUMBER(SEARCH("크루즈",C908)),"810",IF(ISNUMBER(SEARCH("동물원",C908)),"830",""))))))))) -> 600
A909: =IF(OR(TRIM(C909)="",SUBSTITUTE(C909," ","")="소계"),"제외",IF(ISNUMBER(SEARCH("홍콩",C909)),"HK",IF(ISNUMBER(SEARCH("상해",C909)),"CN",IF(ISNUMBER(SEARCH("대만",C909)),"TW","홀세일")))) -> 홀세일 | B909: WW005 | C909: W말레이시아 | D909: KIDS | E909: 2026 | F909: 4계절 | G909: 용품 | H909: KIDS | I909: K265KCR130 | J909: KIDS어드벤쳐크로스백 | K909: 40 | L909: 2760000 | M909: 1077720 | N909: =IF(A909="제외",0,IF(OR(N(L909)<=0,N(M909)>N(L909)),N(M909)/요약!$D$27,N(L909))) -> 2760000 | O909: =IF(A909="제외","",IF(OR(N(L909)<=0,N(M909)>N(L909)),"택가보정(판매금액÷공급율)","")) | P909: =IF(A909="HK","100",IF(A909="CN","200",IF(A909="TW","300",IF(ISNUMBER(SEARCH("태국",C909)),"500",IF(ISNUMBER(SEARCH("말레이",C909)),"600",IF(ISNUMBER(SEARCH("필리핀",C909)),"700",IF(ISNUMBER(SEARCH("인도네시아",C909)),"800",IF(ISNUMBER(SEARCH("크루즈",C909)),"810",IF(ISNUMBER(SEARCH("동물원",C909)),"830",""))))))))) -> 600
A910: =IF(OR(TRIM(C910)="",SUBSTITUTE(C910," ","")="소계"),"제외",IF(ISNUMBER(SEARCH("홍콩",C910)),"HK",IF(ISNUMBER(SEARCH("상해",C910)),"CN",IF(ISNUMBER(SEARCH("대만",C910)),"TW","홀세일")))) -> 홀세일 | B910: WW005 | C910: W말레이시아 | D910: KIDS | E910: 2026 | F910: 4계절 | G910: 용품 | H910: KIDS | I910: K265KCR140 | J910: KIDS루카미니크로스백 | K910: 5 | L910: 245000 | M910: 96265 | N910: =IF(A910="제외",0,IF(OR(N(L910)<=0,N(M910)>N(L910)),N(M910)/요약!$D$27,N(L910))) -> 245000 | O910: =IF(A910="제외","",IF(OR(N(L910)<=0,N(M910)>N(L910)),"택가보정(판매금액÷공급율)","")) | P910: =IF(A910="HK","100",IF(A910="CN","200",IF(A910="TW","300",IF(ISNUMBER(SEARCH("태국",C910)),"500",IF(ISNUMBER(SEARCH("말레이",C910)),"600",IF(ISNUMBER(SEARCH("필리핀",C910)),"700",IF(ISNUMBER(SEARCH("인도네시아",C910)),"800",IF(ISNUMBER(SEARCH("크루즈",C910)),"810",IF(ISNUMBER(SEARCH("동물원",C910)),"830",""))))))))) -> 600
A911: =IF(OR(TRIM(C911)="",SUBSTITUTE(C911," ","")="소계"),"제외",IF(ISNUMBER(SEARCH("홍콩",C911)),"HK",IF(ISNUMBER(SEARCH("상해",C911)),"CN",IF(ISNUMBER(SEARCH("대만",C911)),"TW","홀세일")))) -> 홀세일 | B911: WW005 | C911: W말레이시아 | D911: KIDS | E911: 2026 | F911: 4계절 | G911: 용품 | H911: KIDS | I911: K265KHA020 | J911: KIDS배색빅로고캡 | K911: 10 | L911: 390000 | M911: 153510 | N911: =IF(A911="제외",0,IF(OR(N(L911)<=0,N(M911)>N(L911)),N(M911)/요약!$D$27,N(L911))) -> 390000 | O911: =IF(A911="제외","",IF(OR(N(L911)<=0,N(M911)>N(L911)),"택가보정(판매금액÷공급율)","")) | P911: =IF(A911="HK","100",IF(A911="CN","200",IF(A911="TW","300",IF(ISNUMBER(SEARCH("태국",C911)),"500",IF(ISNUMBER(SEARCH("말레이",C911)),"600",IF(ISNUMBER(SEARCH("필리핀",C911)),"700",IF(ISNUMBER(SEARCH("인도네시아",C911)),"800",IF(ISNUMBER(SEARCH("크루즈",C911)),"810",IF(ISNUMBER(SEARCH("동물원",C911)),"830",""))))))))) -> 600
A912: =IF(OR(TRIM(C912)="",SUBSTITUTE(C912," ","")="소계"),"제외",IF(ISNUMBER(SEARCH("홍콩",C912)),"HK",IF(ISNUMBER(SEARCH("상해",C912)),"CN",IF(ISNUMBER(SEARCH("대만",C912)),"TW","홀세일")))) -> 홀세일 | B912: WW005 | C912: W말레이시아 | D912: 내셔널지오그래픽 | E912: 2022 | F912: 4계절 | G912: 의류 | H912: Original | I912: N225UTS020 | J912: (비)UNI 네오디 빅로고 H/TEE | K912: 113 | L912: 5537000 | M912: 1290912 | N912: =IF(A912="제외",0,IF(OR(N(L912)<=0,N(M912)>N(L912)),N(M912)/요약!$D$27,N(L912))) -> 5537000 | O912: =IF(A912="제외","",IF(OR(N(L912)<=0,N(M912)>N(L912)),"택가보정(판매금액÷공급율)","")) | P912: =IF(A912="HK","100",IF(A912="CN","200",IF(A912="TW","300",IF(ISNUMBER(SEARCH("태국",C912)),"500",IF(ISNUMBER(SEARCH("말레이",C912)),"600",IF(ISNUMBER(SEARCH("필리핀",C912)),"700",IF(ISNUMBER(SEARCH("인도네시아",C912)),"800",IF(ISNUMBER(SEARCH("크루즈",C912)),"810",IF(ISNUMBER(SEARCH("동물원",C912)),"830",""))))))))) -> 600
A913: =IF(OR(TRIM(C913)="",SUBSTITUTE(C913," ","")="소계"),"제외",IF(ISNUMBER(SEARCH("홍콩",C913)),"HK",IF(ISNUMBER(SEARCH("상해",C913)),"CN",IF(ISNUMBER(SEARCH("대만",C913)),"TW","홀세일")))) -> 홀세일 | B913: WW005 | C913: W말레이시아 | D913: 내셔널지오그래픽 | E913: 2025 | F913: 4계절 | G913: 캐리어 | H913: 온라인 | I913: N255ASU440 | J913: (온) 부다페스트 캐리어 20 | K913: 10 | L913: 2290000 | M913: 1149310 | N913: =IF(A913="제외",0,IF(OR(N(L913)<=0,N(M913)>N(L913)),N(M913)/요약!$D$27,N(L913))) -> 2290000 | O913: =IF(A913="제외","",IF(OR(N(L913)<=0,N(M913)>N(L913)),"택가보정(판매금액÷공급율)","")) | P913: =IF(A913="HK","100",IF(A913="CN","200",IF(A913="TW","300",IF(ISNUMBER(SEARCH("태국",C913)),"500",IF(ISNUMBER(SEARCH("말레이",C913)),"600",IF(ISNUMBER(SEARCH("필리핀",C913)),"700",IF(ISNUMBER(SEARCH("인도네시아",C913)),"800",IF(ISNUMBER(SEARCH("크루즈",C913)),"810",IF(ISNUMBER(SEARCH("동물원",C913)),"830",""))))))))) -> 600
... A1186: =IF(OR(TRIM(C1186)="",SUBSTITUTE(C1186," ","")="소계"),"제외",IF(ISNUMBER(SEARCH("홍콩",C1186)),"HK",IF(ISNUMBER(SEARCH("상해",C1186)),"CN",IF(ISNUMBER(SEARCH("대만",C1186)),"TW","홀세일")))) -> 홀세일 | B1186: WW005 | C1186: W말레이시아 | D1186: 해외전용(NGA&MG) | E1186: 2026 | F1186: 겨울 | G1186: 의류 | H1186: WOMEN | I1186: O264WKT010 | J1186: W' 스웨터 니트 가디건 | K1186: 95 | L1186: 15105000 | M1186: 4812415 | N1186: =IF(A1186="제외",0,IF(OR(N(L1186)<=0,N(M1186)>N(L1186)),N(M1186)/요약!$D$27,N(L1186))) -> 15105000 | O1186: =IF(A1186="제외","",IF(OR(N(L1186)<=0,N(M1186)>N(L1186)),"택가보정(판매금액÷공급율)","")) | P1186: =IF(A1186="HK","100",IF(A1186="CN","200",IF(A1186="TW","300",IF(ISNUMBER(SEARCH("태국",C1186)),"500",IF(ISNUMBER(SEARCH("말레이",C1186)),"600",IF(ISNUMBER(SEARCH("필리핀",C1186)),"700",IF(ISNUMBER(SEARCH("인도네시아",C1186)),"800",IF(ISNUMBER(SEARCH("크루즈",C1186)),"810",IF(ISNUMBER(SEARCH("동물원",C1186)),"830",""))))))))) -> 600
A1187: =IF(OR(TRIM(C1187)="",SUBSTITUTE(C1187," ","")="소계"),"제외",IF(ISNUMBER(SEARCH("홍콩",C1187)),"HK",IF(ISNUMBER(SEARCH("상해",C1187)),"CN",IF(ISNUMBER(SEARCH("대만",C1187)),"TW","홀세일")))) -> 제외 | C1187: 소 계 | K1187: 16582 | L1187: 1658093000 | M1187: 592914207 | N1187: =IF(A1187="제외",0,IF(OR(N(L1187)<=0,N(M1187)>N(L1187)),N(M1187)/요약!$D$27,N(L1187))) -> 0 | O1187: =IF(A1187="제외","",IF(OR(N(L1187)<=0,N(M1187)>N(L1187)),"택가보정(판매금액÷공급율)","")) | P1187: =IF(A1187="HK","100",IF(A1187="CN","200",IF(A1187="TW","300",IF(ISNUMBER(SEARCH("태국",C1187)),"500",IF(ISNUMBER(SEARCH("말레이",C1187)),"600",IF(ISNUMBER(SEARCH("필리핀",C1187)),"700",IF(ISNUMBER(SEARCH("인도네시아",C1187)),"800",IF(ISNUMBER(SEARCH("크루즈",C1187)),"810",IF(ISNUMBER(SEARCH("동물원",C1187)),"830","")))))))))
A1188: =IF(OR(TRIM(C1188)="",SUBSTITUTE(C1188," ","")="소계"),"제외",IF(ISNUMBER(SEARCH("홍콩",C1188)),"HK",IF(ISNUMBER(SEARCH("상해",C1188)),"CN",IF(ISNUMBER(SEARCH("대만",C1188)),"TW","홀세일")))) -> 홀세일 | B1188: WW009 | C1188: W필리핀 | D1188: 내셔널지오그래픽 | E1188: 2026 | F1188: 봄 | G1188: 용품 | H1188: Original | I1188: N261ABG030 | J1188: 라코백팩 | K1188: 41 | L1188: 6929000 | M1188: 2665955 | N1188: =IF(A1188="제외",0,IF(OR(N(L1188)<=0,N(M1188)>N(L1188)),N(M1188)/요약!$D$27,N(L1188))) -> 6929000 | O1188: =IF(A1188="제외","",IF(OR(N(L1188)<=0,N(M1188)>N(L1188)),"택가보정(판매금액÷공급율)","")) | P1188: =IF(A1188="HK","100",IF(A1188="CN","200",IF(A1188="TW","300",IF(ISNUMBER(SEARCH("태국",C1188)),"500",IF(ISNUMBER(SEARCH("말레이",C1188)),"600",IF(ISNUMBER(SEARCH("필리핀",C1188)),"700",IF(ISNUMBER(SEARCH("인도네시아",C1188)),"800",IF(ISNUMBER(SEARCH("크루즈",C1188)),"810",IF(ISNUMBER(SEARCH("동물원",C1188)),"830",""))))))))) -> 700
A1189: =IF(OR(TRIM(C1189)="",SUBSTITUTE(C1189," ","")="소계"),"제외",IF(ISNUMBER(SEARCH("홍콩",C1189)),"HK",IF(ISNUMBER(SEARCH("상해",C1189)),"CN",IF(ISNUMBER(SEARCH("대만",C1189)),"TW","홀세일")))) -> 홀세일 | B1189: WW009 | C1189: W필리핀 | D1189: 내셔널지오그래픽 | E1189: 2026 | F1189: 봄 | G1189: 용품 | H1189: Original | I1189: N261ABG050 | J1189: 타이니백팩 | K1189: 61 | L1189: 9089000 | M1189: 3498327 | N1189: =IF(A1189="제외",0,IF(OR(N(L1189)<=0,N(M1189)>N(L1189)),N(M1189)/요약!$D$27,N(L1189))) -> 9089000 | O1189: =IF(A1189="제외","",IF(OR(N(L1189)<=0,N(M1189)>N(L1189)),"택가보정(판매금액÷공급율)","")) | P1189: =IF(A1189="HK","100",IF(A1189="CN","200",IF(A1189="TW","300",IF(ISNUMBER(SEARCH("태국",C1189)),"500",IF(ISNUMBER(SEARCH("말레이",C1189)),"600",IF(ISNUMBER(SEARCH("필리핀",C1189)),"700",IF(ISNUMBER(SEARCH("인도네시아",C1189)),"800",IF(ISNUMBER(SEARCH("크루즈",C1189)),"810",IF(ISNUMBER(SEARCH("동물원",C1189)),"830",""))))))))) -> 700
A1190: =IF(OR(TRIM(C1190)="",SUBSTITUTE(C1190," ","")="소계"),"제외",IF(ISNUMBER(SEARCH("홍콩",C1190)),"HK",IF(ISNUMBER(SEARCH("상해",C1190)),"CN",IF(ISNUMBER(SEARCH("대만",C1190)),"TW","홀세일")))) -> 홀세일 | B1190: WW009 | C1190: W필리핀 | D1190: 내셔널지오그래픽 | E1190: 2026 | F1190: 봄 | G1190: 용품 | H1190: Original | I1190: N261ABG060 | J1190: 마일드백팩 | K1190: 162 | L1190: 27378000 | M1190: 10534230 | N1190: =IF(A1190="제외",0,IF(OR(N(L1190)<=0,N(M1190)>N(L1190)),N(M1190)/요약!$D$27,N(L1190))) -> 27378000 | O1190: =IF(A1190="제외","",IF(OR(N(L1190)<=0,N(M1190)>N(L1190)),"택가보정(판매금액÷공급율)","")) | P1190: =IF(A1190="HK","100",IF(A1190="CN","200",IF(A1190="TW","300",IF(ISNUMBER(SEARCH("태국",C1190)),"500",IF(ISNUMBER(SEARCH("말레이",C1190)),"600",IF(ISNUMBER(SEARCH("필리핀",C1190)),"700",IF(ISNUMBER(SEARCH("인도네시아",C1190)),"800",IF(ISNUMBER(SEARCH("크루즈",C1190)),"810",IF(ISNUMBER(SEARCH("동물원",C1190)),"830",""))))))))) -> 700
A1191: =IF(OR(TRIM(C1191)="",SUBSTITUTE(C1191," ","")="소계"),"제외",IF(ISNUMBER(SEARCH("홍콩",C1191)),"HK",IF(ISNUMBER(SEARCH("상해",C1191)),"CN",IF(ISNUMBER(SEARCH("대만",C1191)),"TW","홀세일")))) -> 홀세일 | B1191: WW009 | C1191: W필리핀 | D1191: 내셔널지오그래픽 | E1191: 2026 | F1191: 봄 | G1191: 용품 | H1191: Original | I1191: N261ABG070 | J1191: 유니티백팩 | K1191: 122 | L1191: 20618000 | M1191: 7933070 | N1191: =IF(A1191="제외",0,IF(OR(N(L1191)<=0,N(M1191)>N(L1191)),N(M1191)/요약!$D$27,N(L1191))) -> 20618000 | O1191: =IF(A1191="제외","",IF(OR(N(L1191)<=0,N(M1191)>N(L1191)),"택가보정(판매금액÷공급율)","")) | P1191: =IF(A1191="HK","100",IF(A1191="CN","200",IF(A1191="TW","300",IF(ISNUMBER(SEARCH("태국",C1191)),"500",IF(ISNUMBER(SEARCH("말레이",C1191)),"600",IF(ISNUMBER(SEARCH("필리핀",C1191)),"700",IF(ISNUMBER(SEARCH("인도네시아",C1191)),"800",IF(ISNUMBER(SEARCH("크루즈",C1191)),"810",IF(ISNUMBER(SEARCH("동물원",C1191)),"830",""))))))))) -> 700
A1192: =IF(OR(TRIM(C1192)="",SUBSTITUTE(C1192," ","")="소계"),"제외",IF(ISNUMBER(SEARCH("홍콩",C1192)),"HK",IF(ISNUMBER(SEARCH("상해",C1192)),"CN",IF(ISNUMBER(SEARCH("대만",C1192)),"TW","홀세일")))) -> 홀세일 | B1192: WW009 | C1192: W필리핀 | D1192: 내셔널지오그래픽 | E1192: 2026 | F1192: 봄 | G1192: 용품 | H1192: Original | I1192: N261ABG080 | J1192: 지오백팩 | K1192: 102 | L1192: 19278000 | M1192: 7415388 | N1192: =IF(A1192="제외",0,IF(OR(N(L1192)<=0,N(M1192)>N(L1192)),N(M1192)/요약!$D$27,N(L1192))) -> 19278000 | O1192: =IF(A1192="제외","",IF(OR(N(L1192)<=0,N(M1192)>N(L1192)),"택가보정(판매금액÷공급율)","")) | P1192: =IF(A1192="HK","100",IF(A1192="CN","200",IF(A1192="TW","300",IF(ISNUMBER(SEARCH("태국",C1192)),"500",IF(ISNUMBER(SEARCH("말레이",C1192)),"600",IF(ISNUMBER(SEARCH("필리핀",C1192)),"700",IF(ISNUMBER(SEARCH("인도네시아",C1192)),"800",IF(ISNUMBER(SEARCH("크루즈",C1192)),"810",IF(ISNUMBER(SEARCH("동물원",C1192)),"830",""))))))))) -> 700
A1193: =IF(OR(TRIM(C1193)="",SUBSTITUTE(C1193," ","")="소계"),"제외",IF(ISNUMBER(SEARCH("홍콩",C1193)),"HK",IF(ISNUMBER(SEARCH("상해",C1193)),"CN",IF(ISNUMBER(SEARCH("대만",C1193)),"TW","홀세일")))) -> 홀세일 | B1193: WW009 | C1193: W필리핀 | D1193: 내셔널지오그래픽 | E1193: 2026 | F1193: 봄 | G1193: 용품 | H1193: Original | I1193: N261ABG090 | J1193: 브레이브백팩 | K1193: 102 | L1193: 18258000 | M1193: 7031284 | N1193: =IF(A1193="제외",0,IF(OR(N(L1193)<=0,N(M1193)>N(L1193)),N(M1193)/요약!$D$27,N(L1193))) -> 18258000 | O1193: =IF(A1193="제외","",IF(OR(N(L1193)<=0,N(M1193)>N(L1193)),"택가보정(판매금액÷공급율)","")) | P1193: =IF(A1193="HK","100",IF(A1193="CN","200",IF(A1193="TW","300",IF(ISNUMBER(SEARCH("태국",C1193)),"500",IF(ISNUMBER(SEARCH("말레이",C1193)),"600",IF(ISNUMBER(SEARCH("필리핀",C1193)),"700",IF(ISNUMBER(SEARCH("인도네시아",C1193)),"800",IF(ISNUMBER(SEARCH("크루즈",C1193)),"810",IF(ISNUMBER(SEARCH("동물원",C1193)),"830",""))))))))) -> 700
A1194: =IF(OR(TRIM(C1194)="",SUBSTITUTE(C1194," ","")="소계"),"제외",IF(ISNUMBER(SEARCH("홍콩",C1194)),"HK",IF(ISNUMBER(SEARCH("상해",C1194)),"CN",IF(ISNUMBER(SEARCH("대만",C1194)),"TW","홀세일")))) -> 홀세일 | B1194: WW009 | C1194: W필리핀 | D1194: 내셔널지오그래픽 | E1194: 2026 | F1194: 봄 | G1194: 용품 | H1194: Original | I1194: N261ABG100 | J1194: 퓨전백팩 | K1194: 102 | L1194: 19278000 | M1194: 7415388 | N1194: =IF(A1194="제외",0,IF(OR(N(L1194)<=0,N(M1194)>N(L1194)),N(M1194)/요약!$D$27,N(L1194))) -> 19278000 | O1194: =IF(A1194="제외","",IF(OR(N(L1194)<=0,N(M1194)>N(L1194)),"택가보정(판매금액÷공급율)","")) | P1194: =IF(A1194="HK","100",IF(A1194="CN","200",IF(A1194="TW","300",IF(ISNUMBER(SEARCH("태국",C1194)),"500",IF(ISNUMBER(SEARCH("말레이",C1194)),"600",IF(ISNUMBER(SEARCH("필리핀",C1194)),"700",IF(ISNUMBER(SEARCH("인도네시아",C1194)),"800",IF(ISNUMBER(SEARCH("크루즈",C1194)),"810",IF(ISNUMBER(SEARCH("동물원",C1194)),"830",""))))))))) -> 700
A1195: =IF(OR(TRIM(C1195)="",SUBSTITUTE(C1195," ","")="소계"),"제외",IF(ISNUMBER(SEARCH("홍콩",C1195)),"HK",IF(ISNUMBER(SEARCH("상해",C1195)),"CN",IF(ISNUMBER(SEARCH("대만",C1195)),"TW","홀세일")))) -> 홀세일 | B1195: WW009 | C1195: W필리핀 | D1195: 내셔널지오그래픽 | E1195: 2026 | F1195: 봄 | G1195: 의류 | H1195: Original | I1195: N261MPT010 | J1195: 타누 테이퍼드 팬츠 | K1195: 97 | L1195: 13483000 | M1195: 4971850 | N1195: =IF(A1195="제외",0,IF(OR(N(L1195)<=0,N(M1195)>N(L1195)),N(M1195)/요약!$D$27,N(L1195))) -> 13483000 | O1195: =IF(A1195="제외","",IF(OR(N(L1195)<=0,N(M1195)>N(L1195)),"택가보정(판매금액÷공급율)","")) | P1195: =IF(A1195="HK","100",IF(A1195="CN","200",IF(A1195="TW","300",IF(ISNUMBER(SEARCH("태국",C1195)),"500",IF(ISNUMBER(SEARCH("말레이",C1195)),"600",IF(ISNUMBER(SEARCH("필리핀",C1195)),"700",IF(ISNUMBER(SEARCH("인도네시아",C1195)),"800",IF(ISNUMBER(SEARCH("크루즈",C1195)),"810",IF(ISNUMBER(SEARCH("동물원",C1195)),"830",""))))))))) -> 700
A1196: =IF(OR(TRIM(C1196)="",SUBSTITUTE(C1196," ","")="소계"),"제외",IF(ISNUMBER(SEARCH("홍콩",C1196)),"HK",IF(ISNUMBER(SEARCH("상해",C1196)),"CN",IF(ISNUMBER(SEARCH("대만",C1196)),"TW","홀세일")))) -> 홀세일 | B1196: WW009 | C1196: W필리핀 | D1196: 내셔널지오그래픽 | E1196: 2026 | F1196: 봄 | G1196: 의류 | H1196: Original | I1196: N261MPT500 | J1196: [CORDURA] NRN 유틸리티 카고 어드벤처핏 팬츠 | K1196: 41 | L1196: 8159000 | M1196: 3007066 | N1196: =IF(A1196="제외",0,IF(OR(N(L1196)<=0,N(M1196)>N(L1196)),N(M1196)/요약!$D$27,N(L1196))) -> 8159000 | O1196: =IF(A1196="제외","",IF(OR(N(L1196)<=0,N(M1196)>N(L1196)),"택가보정(판매금액÷공급율)","")) | P1196: =IF(A1196="HK","100",IF(A1196="CN","200",IF(A1196="TW","300",IF(ISNUMBER(SEARCH("태국",C1196)),"500",IF(ISNUMBER(SEARCH("말레이",C1196)),"600",IF(ISNUMBER(SEARCH("필리핀",C1196)),"700",IF(ISNUMBER(SEARCH("인도네시아",C1196)),"800",IF(ISNUMBER(SEARCH("크루즈",C1196)),"810",IF(ISNUMBER(SEARCH("동물원",C1196)),"830",""))))))))) -> 700
A1197: =IF(OR(TRIM(C1197)="",SUBSTITUTE(C1197," ","")="소계"),"제외",IF(ISNUMBER(SEARCH("홍콩",C1197)),"HK",IF(ISNUMBER(SEARCH("상해",C1197)),"CN",IF(ISNUMBER(SEARCH("대만",C1197)),"TW","홀세일")))) -> 홀세일 | B1197: WW009 | C1197: W필리핀 | D1197: 내셔널지오그래픽 | E1197: 2026 | F1197: 봄 | G1197: 의류 | H1197: Urban | I1197: N261MPT210 | J1197: 아르마딜로 스트레치 베이직핏 스트레이트 팬츠 | K1197: 41 | L1197: 6519000 | M1197: 2403235 | N1197: =IF(A1197="제외",0,IF(OR(N(L1197)<=0,N(M1197)>N(L1197)),N(M1197)/요약!$D$27,N(L1197))) -> 6519000 | O1197: =IF(A1197="제외","",IF(OR(N(L1197)<=0,N(M1197)>N(L1197)),"택가보정(판매금액÷공급율)","")) | P1197: =IF(A1197="HK","100",IF(A1197="CN","200",IF(A1197="TW","300",IF(ISNUMBER(SEARCH("태국",C1197)),"500",IF(ISNUMBER(SEARCH("말레이",C1197)),"600",IF(ISNUMBER(SEARCH("필리핀",C1197)),"700",IF(ISNUMBER(SEARCH("인도네시아",C1197)),"800",IF(ISNUMBER(SEARCH("크루즈",C1197)),"810",IF(ISNUMBER(SEARCH("동물원",C1197)),"830",""))))))))) -> 700
A1198: =IF(OR(TRIM(C1198)="",SUBSTITUTE(C1198," ","")="소계"),"제외",IF(ISNUMBER(SEARCH("홍콩",C1198)),"HK",IF(ISNUMBER(SEARCH("상해",C1198)),"CN",IF(ISNUMBER(SEARCH("대만",C1198)),"TW","홀세일")))) -> 홀세일 | B1198: WW009 | C1198: W필리핀 | D1198: 내셔널지오그래픽 | E1198: 2026 | F1198: 봄 | G1198: 의류 | H1198: Original | I1198: N261MJP520 | J1198: NRN 유틸리티 점퍼 | K1198: 41 | L1198: 12259000 | M1198: 4794422 | N1198: =IF(A1198="제외",0,IF(OR(N(L1198)<=0,N(M1198)>N(L1198)),N(M1198)/요약!$D$27,N(L1198))) -> 12259000 | O1198: =IF(A1198="제외","",IF(OR(N(L1198)<=0,N(M1198)>N(L1198)),"택가보정(판매금액÷공급율)","")) | P1198: =IF(A1198="HK","100",IF(A1198="CN","200",IF(A1198="TW","300",IF(ISNUMBER(SEARCH("태국",C1198)),"500",IF(ISNUMBER(SEARCH("말레이",C1198)),"600",IF(ISNUMBER(SEARCH("필리핀",C1198)),"700",IF(ISNUMBER(SEARCH("인도네시아",C1198)),"800",IF(ISNUMBER(SEARCH("크루즈",C1198)),"810",IF(ISNUMBER(SEARCH("동물원",C1198)),"830",""))))))))) -> 700
A1199: =IF(OR(TRIM(C1199)="",SUBSTITUTE(C1199," ","")="소계"),"제외",IF(ISNUMBER(SEARCH("홍콩",C1199)),"HK",IF(ISNUMBER(SEARCH("상해",C1199)),"CN",IF(ISNUMBER(SEARCH("대만",C1199)),"TW","홀세일")))) -> 홀세일 | B1199: WW009 | C1199: W필리핀 | D1199: 내셔널지오그래픽 | E1199: 2026 | F1199: 봄 | G1199: 의류 | H1199: Original | I1199: N261MJP530 | J1199: NRN 유틸리티 필드 자켓 | K1199: 82 | L1199: 22878000 | M1199: 8948748 | N1199: =IF(A1199="제외",0,IF(OR(N(L1199)<=0,N(M1199)>N(L1199)),N(M1199)/요약!$D$27,N(L1199))) -> 22878000 | O1199: =IF(A1199="제외","",IF(OR(N(L1199)<=0,N(M1199)>N(L1199)),"택가보정(판매금액÷공급율)","")) | P1199: =IF(A1199="HK","100",IF(A1199="CN","200",IF(A1199="TW","300",IF(ISNUMBER(SEARCH("태국",C1199)),"500",IF(ISNUMBER(SEARCH("말레이",C1199)),"600",IF(ISNUMBER(SEARCH("필리핀",C1199)),"700",IF(ISNUMBER(SEARCH("인도네시아",C1199)),"800",IF(ISNUMBER(SEARCH("크루즈",C1199)),"810",IF(ISNUMBER(SEARCH("동물원",C1199)),"830",""))))))))) -> 700
... A1334: =IF(OR(TRIM(C1334)="",SUBSTITUTE(C1334," ","")="소계"),"제외",IF(ISNUMBER(SEARCH("홍콩",C1334)),"HK",IF(ISNUMBER(SEARCH("상해",C1334)),"CN",IF(ISNUMBER(SEARCH("대만",C1334)),"TW","홀세일")))) -> 홀세일 | B1334: WW009 | C1334: W필리핀 | D1334: 해외전용(NGA&MG) | E1334: 2026 | F1334: 여름 | G1334: 의류 | H1334: B2B | I1334: O262WTS510 | J1334: C_트러타 드라이실 반팔 티셔츠 | K1334: 80 | L1334: 4720000 | M1334: 1733520 | N1334: =IF(A1334="제외",0,IF(OR(N(L1334)<=0,N(M1334)>N(L1334)),N(M1334)/요약!$D$27,N(L1334))) -> 4720000 | O1334: =IF(A1334="제외","",IF(OR(N(L1334)<=0,N(M1334)>N(L1334)),"택가보정(판매금액÷공급율)","")) | P1334: =IF(A1334="HK","100",IF(A1334="CN","200",IF(A1334="TW","300",IF(ISNUMBER(SEARCH("태국",C1334)),"500",IF(ISNUMBER(SEARCH("말레이",C1334)),"600",IF(ISNUMBER(SEARCH("필리핀",C1334)),"700",IF(ISNUMBER(SEARCH("인도네시아",C1334)),"800",IF(ISNUMBER(SEARCH("크루즈",C1334)),"810",IF(ISNUMBER(SEARCH("동물원",C1334)),"830",""))))))))) -> 700
A1335: =IF(OR(TRIM(C1335)="",SUBSTITUTE(C1335," ","")="소계"),"제외",IF(ISNUMBER(SEARCH("홍콩",C1335)),"HK",IF(ISNUMBER(SEARCH("상해",C1335)),"CN",IF(ISNUMBER(SEARCH("대만",C1335)),"TW","홀세일")))) -> 제외 | C1335: 소 계 | K1335: 16489 | L1335: 2043747000 | M1335: 738157771 | N1335: =IF(A1335="제외",0,IF(OR(N(L1335)<=0,N(M1335)>N(L1335)),N(M1335)/요약!$D$27,N(L1335))) -> 0 | O1335: =IF(A1335="제외","",IF(OR(N(L1335)<=0,N(M1335)>N(L1335)),"택가보정(판매금액÷공급율)","")) | P1335: =IF(A1335="HK","100",IF(A1335="CN","200",IF(A1335="TW","300",IF(ISNUMBER(SEARCH("태국",C1335)),"500",IF(ISNUMBER(SEARCH("말레이",C1335)),"600",IF(ISNUMBER(SEARCH("필리핀",C1335)),"700",IF(ISNUMBER(SEARCH("인도네시아",C1335)),"800",IF(ISNUMBER(SEARCH("크루즈",C1335)),"810",IF(ISNUMBER(SEARCH("동물원",C1335)),"830","")))))))))
A1336: =IF(OR(TRIM(C1336)="",SUBSTITUTE(C1336," ","")="소계"),"제외",IF(ISNUMBER(SEARCH("홍콩",C1336)),"HK",IF(ISNUMBER(SEARCH("상해",C1336)),"CN",IF(ISNUMBER(SEARCH("대만",C1336)),"TW","홀세일")))) -> 홀세일 | B1336: WW010 | C1336: W인도네시아 | D1336: 내셔널지오그래픽 | E1336: 2026 | F1336: 봄 | G1336: 용품 | H1336: Original | I1336: N261ABG010 | J1336: 파치백팩 | K1336: 30 | L1336: 5070000 | M1336: 2037750 | N1336: =IF(A1336="제외",0,IF(OR(N(L1336)<=0,N(M1336)>N(L1336)),N(M1336)/요약!$D$27,N(L1336))) -> 5070000 | O1336: =IF(A1336="제외","",IF(OR(N(L1336)<=0,N(M1336)>N(L1336)),"택가보정(판매금액÷공급율)","")) | P1336: =IF(A1336="HK","100",IF(A1336="CN","200",IF(A1336="TW","300",IF(ISNUMBER(SEARCH("태국",C1336)),"500",IF(ISNUMBER(SEARCH("말레이",C1336)),"600",IF(ISNUMBER(SEARCH("필리핀",C1336)),"700",IF(ISNUMBER(SEARCH("인도네시아",C1336)),"800",IF(ISNUMBER(SEARCH("크루즈",C1336)),"810",IF(ISNUMBER(SEARCH("동물원",C1336)),"830",""))))))))) -> 800
A1337: =IF(OR(TRIM(C1337)="",SUBSTITUTE(C1337," ","")="소계"),"제외",IF(ISNUMBER(SEARCH("홍콩",C1337)),"HK",IF(ISNUMBER(SEARCH("상해",C1337)),"CN",IF(ISNUMBER(SEARCH("대만",C1337)),"TW","홀세일")))) -> 홀세일 | B1337: WW010 | C1337: W인도네시아 | D1337: 내셔널지오그래픽 | E1337: 2026 | F1337: 봄 | G1337: 용품 | H1337: Original | I1337: N261ABG020 | J1337: 파치+백팩 | K1337: 40 | L1337: 7160000 | M1337: 2880360 | N1337: =IF(A1337="제외",0,IF(OR(N(L1337)<=0,N(M1337)>N(L1337)),N(M1337)/요약!$D$27,N(L1337))) -> 7160000 | O1337: =IF(A1337="제외","",IF(OR(N(L1337)<=0,N(M1337)>N(L1337)),"택가보정(판매금액÷공급율)","")) | P1337: =IF(A1337="HK","100",IF(A1337="CN","200",IF(A1337="TW","300",IF(ISNUMBER(SEARCH("태국",C1337)),"500",IF(ISNUMBER(SEARCH("말레이",C1337)),"600",IF(ISNUMBER(SEARCH("필리핀",C1337)),"700",IF(ISNUMBER(SEARCH("인도네시아",C1337)),"800",IF(ISNUMBER(SEARCH("크루즈",C1337)),"810",IF(ISNUMBER(SEARCH("동물원",C1337)),"830",""))))))))) -> 800
A1338: =IF(OR(TRIM(C1338)="",SUBSTITUTE(C1338," ","")="소계"),"제외",IF(ISNUMBER(SEARCH("홍콩",C1338)),"HK",IF(ISNUMBER(SEARCH("상해",C1338)),"CN",IF(ISNUMBER(SEARCH("대만",C1338)),"TW","홀세일")))) -> 홀세일 | B1338: WW010 | C1338: W인도네시아 | D1338: 내셔널지오그래픽 | E1338: 2026 | F1338: 봄 | G1338: 용품 | H1338: Original | I1338: N261ABG040 | J1338: 버디백팩 | K1338: 20 | L1338: 2980000 | M1338: 1198140 | N1338: =IF(A1338="제외",0,IF(OR(N(L1338)<=0,N(M1338)>N(L1338)),N(M1338)/요약!$D$27,N(L1338))) -> 2980000 | O1338: =IF(A1338="제외","",IF(OR(N(L1338)<=0,N(M1338)>N(L1338)),"택가보정(판매금액÷공급율)","")) | P1338: =IF(A1338="HK","100",IF(A1338="CN","200",IF(A1338="TW","300",IF(ISNUMBER(SEARCH("태국",C1338)),"500",IF(ISNUMBER(SEARCH("말레이",C1338)),"600",IF(ISNUMBER(SEARCH("필리핀",C1338)),"700",IF(ISNUMBER(SEARCH("인도네시아",C1338)),"800",IF(ISNUMBER(SEARCH("크루즈",C1338)),"810",IF(ISNUMBER(SEARCH("동물원",C1338)),"830",""))))))))) -> 800
A1339: =IF(OR(TRIM(C1339)="",SUBSTITUTE(C1339," ","")="소계"),"제외",IF(ISNUMBER(SEARCH("홍콩",C1339)),"HK",IF(ISNUMBER(SEARCH("상해",C1339)),"CN",IF(ISNUMBER(SEARCH("대만",C1339)),"TW","홀세일")))) -> 홀세일 | B1339: WW010 | C1339: W인도네시아 | D1339: 내셔널지오그래픽 | E1339: 2026 | F1339: 봄 | G1339: 용품 | H1339: Original | I1339: N261ABG060 | J1339: 마일드백팩 | K1339: 25 | L1339: 4225000 | M1339: 1698125 | N1339: =IF(A1339="제외",0,IF(OR(N(L1339)<=0,N(M1339)>N(L1339)),N(M1339)/요약!$D$27,N(L1339))) -> 4225000 | O1339: =IF(A1339="제외","",IF(OR(N(L1339)<=0,N(M1339)>N(L1339)),"택가보정(판매금액÷공급율)","")) | P1339: =IF(A1339="HK","100",IF(A1339="CN","200",IF(A1339="TW","300",IF(ISNUMBER(SEARCH("태국",C1339)),"500",IF(ISNUMBER(SEARCH("말레이",C1339)),"600",IF(ISNUMBER(SEARCH("필리핀",C1339)),"700",IF(ISNUMBER(SEARCH("인도네시아",C1339)),"800",IF(ISNUMBER(SEARCH("크루즈",C1339)),"810",IF(ISNUMBER(SEARCH("동물원",C1339)),"830",""))))))))) -> 800
A1340: =IF(OR(TRIM(C1340)="",SUBSTITUTE(C1340," ","")="소계"),"제외",IF(ISNUMBER(SEARCH("홍콩",C1340)),"HK",IF(ISNUMBER(SEARCH("상해",C1340)),"CN",IF(ISNUMBER(SEARCH("대만",C1340)),"TW","홀세일")))) -> 홀세일 | B1340: WW010 | C1340: W인도네시아 | D1340: 내셔널지오그래픽 | E1340: 2026 | F1340: 봄 | G1340: 용품 | H1340: Original | I1340: N261ABG070 | J1340: 유니티백팩 | K1340: 25 | L1340: 4225000 | M1340: 1698125 | N1340: =IF(A1340="제외",0,IF(OR(N(L1340)<=0,N(M1340)>N(L1340)),N(M1340)/요약!$D$27,N(L1340))) -> 4225000 | O1340: =IF(A1340="제외","",IF(OR(N(L1340)<=0,N(M1340)>N(L1340)),"택가보정(판매금액÷공급율)","")) | P1340: =IF(A1340="HK","100",IF(A1340="CN","200",IF(A1340="TW","300",IF(ISNUMBER(SEARCH("태국",C1340)),"500",IF(ISNUMBER(SEARCH("말레이",C1340)),"600",IF(ISNUMBER(SEARCH("필리핀",C1340)),"700",IF(ISNUMBER(SEARCH("인도네시아",C1340)),"800",IF(ISNUMBER(SEARCH("크루즈",C1340)),"810",IF(ISNUMBER(SEARCH("동물원",C1340)),"830",""))))))))) -> 800
A1341: =IF(OR(TRIM(C1341)="",SUBSTITUTE(C1341," ","")="소계"),"제외",IF(ISNUMBER(SEARCH("홍콩",C1341)),"HK",IF(ISNUMBER(SEARCH("상해",C1341)),"CN",IF(ISNUMBER(SEARCH("대만",C1341)),"TW","홀세일")))) -> 홀세일 | B1341: WW010 | C1341: W인도네시아 | D1341: 내셔널지오그래픽 | E1341: 2026 | F1341: 봄 | G1341: 용품 | H1341: Original | I1341: N261ABG080 | J1341: 지오백팩 | K1341: 25 | L1341: 4725000 | M1341: 1898575 | N1341: =IF(A1341="제외",0,IF(OR(N(L1341)<=0,N(M1341)>N(L1341)),N(M1341)/요약!$D$27,N(L1341))) -> 4725000 | O1341: =IF(A1341="제외","",IF(OR(N(L1341)<=0,N(M1341)>N(L1341)),"택가보정(판매금액÷공급율)","")) | P1341: =IF(A1341="HK","100",IF(A1341="CN","200",IF(A1341="TW","300",IF(ISNUMBER(SEARCH("태국",C1341)),"500",IF(ISNUMBER(SEARCH("말레이",C1341)),"600",IF(ISNUMBER(SEARCH("필리핀",C1341)),"700",IF(ISNUMBER(SEARCH("인도네시아",C1341)),"800",IF(ISNUMBER(SEARCH("크루즈",C1341)),"810",IF(ISNUMBER(SEARCH("동물원",C1341)),"830",""))))))))) -> 800
A1342: =IF(OR(TRIM(C1342)="",SUBSTITUTE(C1342," ","")="소계"),"제외",IF(ISNUMBER(SEARCH("홍콩",C1342)),"HK",IF(ISNUMBER(SEARCH("상해",C1342)),"CN",IF(ISNUMBER(SEARCH("대만",C1342)),"TW","홀세일")))) -> 홀세일 | B1342: WW010 | C1342: W인도네시아 | D1342: 내셔널지오그래픽 | E1342: 2026 | F1342: 봄 | G1342: 용품 | H1342: Original | I1342: N261ABG090 | J1342: 브레이브백팩 | K1342: 20 | L1342: 3580000 | M1342: 1440180 | N1342: =IF(A1342="제외",0,IF(OR(N(L1342)<=0,N(M1342)>N(L1342)),N(M1342)/요약!$D$27,N(L1342))) -> 3580000 | O1342: =IF(A1342="제외","",IF(OR(N(L1342)<=0,N(M1342)>N(L1342)),"택가보정(판매금액÷공급율)","")) | P1342: =IF(A1342="HK","100",IF(A1342="CN","200",IF(A1342="TW","300",IF(ISNUMBER(SEARCH("태국",C1342)),"500",IF(ISNUMBER(SEARCH("말레이",C1342)),"600",IF(ISNUMBER(SEARCH("필리핀",C1342)),"700",IF(ISNUMBER(SEARCH("인도네시아",C1342)),"800",IF(ISNUMBER(SEARCH("크루즈",C1342)),"810",IF(ISNUMBER(SEARCH("동물원",C1342)),"830",""))))))))) -> 800
A1343: =IF(OR(TRIM(C1343)="",SUBSTITUTE(C1343," ","")="소계"),"제외",IF(ISNUMBER(SEARCH("홍콩",C1343)),"HK",IF(ISNUMBER(SEARCH("상해",C1343)),"CN",IF(ISNUMBER(SEARCH("대만",C1343)),"TW","홀세일")))) -> 홀세일 | B1343: WW010 | C1343: W인도네시아 | D1343: 내셔널지오그래픽 | E1343: 2026 | F1343: 봄 | G1343: 용품 | H1343: Original | I1343: N261ABG100 | J1343: 퓨전백팩 | K1343: 20 | L1343: 3780000 | M1343: 1518860 | N1343: =IF(A1343="제외",0,IF(OR(N(L1343)<=0,N(M1343)>N(L1343)),N(M1343)/요약!$D$27,N(L1343))) -> 3780000 | O1343: =IF(A1343="제외","",IF(OR(N(L1343)<=0,N(M1343)>N(L1343)),"택가보정(판매금액÷공급율)","")) | P1343: =IF(A1343="HK","100",IF(A1343="CN","200",IF(A1343="TW","300",IF(ISNUMBER(SEARCH("태국",C1343)),"500",IF(ISNUMBER(SEARCH("말레이",C1343)),"600",IF(ISNUMBER(SEARCH("필리핀",C1343)),"700",IF(ISNUMBER(SEARCH("인도네시아",C1343)),"800",IF(ISNUMBER(SEARCH("크루즈",C1343)),"810",IF(ISNUMBER(SEARCH("동물원",C1343)),"830",""))))))))) -> 800
A1344: =IF(OR(TRIM(C1344)="",SUBSTITUTE(C1344," ","")="소계"),"제외",IF(ISNUMBER(SEARCH("홍콩",C1344)),"HK",IF(ISNUMBER(SEARCH("상해",C1344)),"CN",IF(ISNUMBER(SEARCH("대만",C1344)),"TW","홀세일")))) -> 홀세일 | B1344: WW010 | C1344: W인도네시아 | D1344: 내셔널지오그래픽 | E1344: 2026 | F1344: 여름 | G1344: 용품 | H1344: Original | I1344: N262AHA010 | J1344: 스몰로고선바이저 | K1344: 10 | L1344: 450000 | M1344: 181540 | N1344: =IF(A1344="제외",0,IF(OR(N(L1344)<=0,N(M1344)>N(L1344)),N(M1344)/요약!$D$27,N(L1344))) -> 450000 | O1344: =IF(A1344="제외","",IF(OR(N(L1344)<=0,N(M1344)>N(L1344)),"택가보정(판매금액÷공급율)","")) | P1344: =IF(A1344="HK","100",IF(A1344="CN","200",IF(A1344="TW","300",IF(ISNUMBER(SEARCH("태국",C1344)),"500",IF(ISNUMBER(SEARCH("말레이",C1344)),"600",IF(ISNUMBER(SEARCH("필리핀",C1344)),"700",IF(ISNUMBER(SEARCH("인도네시아",C1344)),"800",IF(ISNUMBER(SEARCH("크루즈",C1344)),"810",IF(ISNUMBER(SEARCH("동물원",C1344)),"830",""))))))))) -> 800
A1345: =IF(OR(TRIM(C1345)="",SUBSTITUTE(C1345," ","")="소계"),"제외",IF(ISNUMBER(SEARCH("홍콩",C1345)),"HK",IF(ISNUMBER(SEARCH("상해",C1345)),"CN",IF(ISNUMBER(SEARCH("대만",C1345)),"TW","홀세일")))) -> 홀세일 | B1345: WW010 | C1345: W인도네시아 | D1345: 내셔널지오그래픽 | E1345: 2026 | F1345: 4계절 | G1345: 용품 | H1345: Original | I1345: N265AAC010 | J1345: 몰드파우치 | K1345: 20 | L1345: 380000 | M1345: 154300 | N1345: =IF(A1345="제외",0,IF(OR(N(L1345)<=0,N(M1345)>N(L1345)),N(M1345)/요약!$D$27,N(L1345))) -> 380000 | O1345: =IF(A1345="제외","",IF(OR(N(L1345)<=0,N(M1345)>N(L1345)),"택가보정(판매금액÷공급율)","")) | P1345: =IF(A1345="HK","100",IF(A1345="CN","200",IF(A1345="TW","300",IF(ISNUMBER(SEARCH("태국",C1345)),"500",IF(ISNUMBER(SEARCH("말레이",C1345)),"600",IF(ISNUMBER(SEARCH("필리핀",C1345)),"700",IF(ISNUMBER(SEARCH("인도네시아",C1345)),"800",IF(ISNUMBER(SEARCH("크루즈",C1345)),"810",IF(ISNUMBER(SEARCH("동물원",C1345)),"830",""))))))))) -> 800
A1346: =IF(OR(TRIM(C1346)="",SUBSTITUTE(C1346," ","")="소계"),"제외",IF(ISNUMBER(SEARCH("홍콩",C1346)),"HK",IF(ISNUMBER(SEARCH("상해",C1346)),"CN",IF(ISNUMBER(SEARCH("대만",C1346)),"TW","홀세일")))) -> 홀세일 | B1346: WW010 | C1346: W인도네시아 | D1346: 내셔널지오그래픽 | E1346: 2026 | F1346: 4계절 | G1346: 용품 | H1346: Original | I1346: N265AAC020 | J1346: 메쉬백팩파우치 | K1346: 15 | L1346: 435000 | M1346: 174735 | N1346: =IF(A1346="제외",0,IF(OR(N(L1346)<=0,N(M1346)>N(L1346)),N(M1346)/요약!$D$27,N(L1346))) -> 435000 | O1346: =IF(A1346="제외","",IF(OR(N(L1346)<=0,N(M1346)>N(L1346)),"택가보정(판매금액÷공급율)","")) | P1346: =IF(A1346="HK","100",IF(A1346="CN","200",IF(A1346="TW","300",IF(ISNUMBER(SEARCH("태국",C1346)),"500",IF(ISNUMBER(SEARCH("말레이",C1346)),"600",IF(ISNUMBER(SEARCH("필리핀",C1346)),"700",IF(ISNUMBER(SEARCH("인도네시아",C1346)),"800",IF(ISNUMBER(SEARCH("크루즈",C1346)),"810",IF(ISNUMBER(SEARCH("동물원",C1346)),"830",""))))))))) -> 800
A1347: =IF(OR(TRIM(C1347)="",SUBSTITUTE(C1347," ","")="소계"),"제외",IF(ISNUMBER(SEARCH("홍콩",C1347)),"HK",IF(ISNUMBER(SEARCH("상해",C1347)),"CN",IF(ISNUMBER(SEARCH("대만",C1347)),"TW","홀세일")))) -> 홀세일 | B1347: WW010 | C1347: W인도네시아 | D1347: 내셔널지오그래픽 | E1347: 2026 | F1347: 4계절 | G1347: 용품 | H1347: Original | I1347: N265AAC030 | J1347: 보스턴파우치 | K1347: 20 | L1347: 380000 | M1347: 154300 | N1347: =IF(A1347="제외",0,IF(OR(N(L1347)<=0,N(M1347)>N(L1347)),N(M1347)/요약!$D$27,N(L1347))) -> 380000 | O1347: =IF(A1347="제외","",IF(OR(N(L1347)<=0,N(M1347)>N(L1347)),"택가보정(판매금액÷공급율)","")) | P1347: =IF(A1347="HK","100",IF(A1347="CN","200",IF(A1347="TW","300",IF(ISNUMBER(SEARCH("태국",C1347)),"500",IF(ISNUMBER(SEARCH("말레이",C1347)),"600",IF(ISNUMBER(SEARCH("필리핀",C1347)),"700",IF(ISNUMBER(SEARCH("인도네시아",C1347)),"800",IF(ISNUMBER(SEARCH("크루즈",C1347)),"810",IF(ISNUMBER(SEARCH("동물원",C1347)),"830",""))))))))) -> 800
... A1377: =IF(OR(TRIM(C1377)="",SUBSTITUTE(C1377," ","")="소계"),"제외",IF(ISNUMBER(SEARCH("홍콩",C1377)),"HK",IF(ISNUMBER(SEARCH("상해",C1377)),"CN",IF(ISNUMBER(SEARCH("대만",C1377)),"TW","홀세일")))) -> 홀세일 | B1377: WW010 | C1377: W인도네시아 | D1377: 해외전용(NGA&MG) | E1377: 2026 | F1377: 4계절 | G1377: 용품 | H1377: Original | I1377: O265ABG010 | J1377: 아이콘백팩 | K1377: 30 | L1377: 2670000 | M1377: 1075590 | N1377: =IF(A1377="제외",0,IF(OR(N(L1377)<=0,N(M1377)>N(L1377)),N(M1377)/요약!$D$27,N(L1377))) -> 2670000 | O1377: =IF(A1377="제외","",IF(OR(N(L1377)<=0,N(M1377)>N(L1377)),"택가보정(판매금액÷공급율)","")) | P1377: =IF(A1377="HK","100",IF(A1377="CN","200",IF(A1377="TW","300",IF(ISNUMBER(SEARCH("태국",C1377)),"500",IF(ISNUMBER(SEARCH("말레이",C1377)),"600",IF(ISNUMBER(SEARCH("필리핀",C1377)),"700",IF(ISNUMBER(SEARCH("인도네시아",C1377)),"800",IF(ISNUMBER(SEARCH("크루즈",C1377)),"810",IF(ISNUMBER(SEARCH("동물원",C1377)),"830",""))))))))) -> 800
A1378: =IF(OR(TRIM(C1378)="",SUBSTITUTE(C1378," ","")="소계"),"제외",IF(ISNUMBER(SEARCH("홍콩",C1378)),"HK",IF(ISNUMBER(SEARCH("상해",C1378)),"CN",IF(ISNUMBER(SEARCH("대만",C1378)),"TW","홀세일")))) -> 제외 | C1378: 소 계 | K1378: 1165 | L1378: 112195000 | M1378: 45145730 | N1378: =IF(A1378="제외",0,IF(OR(N(L1378)<=0,N(M1378)>N(L1378)),N(M1378)/요약!$D$27,N(L1378))) -> 0 | O1378: =IF(A1378="제외","",IF(OR(N(L1378)<=0,N(M1378)>N(L1378)),"택가보정(판매금액÷공급율)","")) | P1378: =IF(A1378="HK","100",IF(A1378="CN","200",IF(A1378="TW","300",IF(ISNUMBER(SEARCH("태국",C1378)),"500",IF(ISNUMBER(SEARCH("말레이",C1378)),"600",IF(ISNUMBER(SEARCH("필리핀",C1378)),"700",IF(ISNUMBER(SEARCH("인도네시아",C1378)),"800",IF(ISNUMBER(SEARCH("크루즈",C1378)),"810",IF(ISNUMBER(SEARCH("동물원",C1378)),"830","")))))))))
...

Sheet RAW_2026
A1: 차수(C) | B1: 구분 | C1: 스타일(L) | D1: 수량(P) | E1: 택가 KRW(AB) | F1: 한국원가 KRW(AH) | G1: 배수(S) | H1: 해외공급가 USD(AL) | I1: 중국공급가(BB) | J1: 택가(보정) | K1: 원가(보정) | L1: 공급단가 KRW | M1: 택가금액 | N1: 원가금액 | O1: TNH 공급금액 | P1: 보정내역 | Q1: 출고수량(판매펀칭 차감) | R1: 잔여수량 | S1: 잔여 TNH금액 | T1: 잔여 택가금액 | U1: 잔여 원가금액 | V1: 중복(차수·스타일·수량 동일) | W1: 유효수량(중복 제외) | X1: 발주 대조 차이(수량)
A2: 100 | B2: =IF(A2="100","HK",IF(A2="200","CN",IF(A2="300","TW","홀세일"))) -> HK | C2: N261ABG010 | D2: 240 | E2: 169000 | F2: 39504 | G2: 3.64 | H2: 44.9 | J2: =IF(N(E2)>0,E2,IF(N(F2)>0,F2*요약!$F$27,0)) -> 169000 | K2: =IF(N(F2)>0,F2,IF(N(E2)>0,E2/요약!$F$27,0)) -> 39504 | L2: =IF(B2="CN",IF(N(I2)>0,I2*요약!$G$27,K2*(1+요약!$E$27)),IF(N(H2)>0,H2*요약!$G$27,J2*요약!$D$27)) -> 59268 | M2: =D2*J2 -> 40560000 | N2: =D2*K2 -> 9480960 | O2: =D2*L2 -> 14224320 | P2: =TRIM(IF(N(E2)<=0,"택가보정 ","")&IF(N(F2)<=0,"원가보정 ","")&IF(AND(B2<>"CN",N(H2)<=0),"공급가보정 ","")&IF(AND(B2="CN",N(I2)<=0),"중국공급가=원가+마진 ","")) | Q2: =IF(SUMIFS($W:$W,$A:$A,A2,$C:$C,C2)=0,0,SUMIFS(RAW_판매펀칭!$K:$K,RAW_판매펀칭!$P:$P,A2,RAW_판매펀칭!$I:$I,C2)*W2/SUMIFS($W:$W,$A:$A,A2,$C:$C,C2)) -> 0 | R2: =IF(OR(A2="500",A2="800",A2="810"),0,MAX(W2-Q2,0)) -> 240 | S2: =R2*L2 -> 14224320 | T2: =R2*J2 -> 40560000 | U2: =R2*K2 -> 9480960 | V2: =IF(COUNTIFS($A$2:A2,A2,$C$2:C2,C2,$D$2:D2,D2)>1,"중복","") | W2: =IF(V2="중복",0,N(D2)) -> 240 | X2: =IF(COUNTIFS($A$2:A2,A2,$C$2:C2,C2)=1,ABS(SUMIFS(RAW_발주!$D:$D,RAW_발주!$C:$C,A2,RAW_발주!$A:$A,C2)-SUMIFS($W:$W,$A:$A,A2,$C:$C,C2)),0) -> 0
A3: 200 | B3: =IF(A3="100","HK",IF(A3="200","CN",IF(A3="300","TW","홀세일"))) -> CN | C3: N261ABG010 | D3: 1336 | E3: 169000 | F3: 39504 | G3: 3.64 | H3: 44.9 | J3: =IF(N(E3)>0,E3,IF(N(F3)>0,F3*요약!$F$27,0)) -> 169000 | K3: =IF(N(F3)>0,F3,IF(N(E3)>0,E3/요약!$F$27,0)) -> 39504 | L3: =IF(B3="CN",IF(N(I3)>0,I3*요약!$G$27,K3*(1+요약!$E$27)),IF(N(H3)>0,H3*요약!$G$27,J3*요약!$D$27)) -> 41479.2 | M3: =D3*J3 -> 225784000 | N3: =D3*K3 -> 52777344 | O3: =D3*L3 -> 55416211 | P3: =TRIM(IF(N(E3)<=0,"택가보정 ","")&IF(N(F3)<=0,"원가보정 ","")&IF(AND(B3<>"CN",N(H3)<=0),"공급가보정 ","")&IF(AND(B3="CN",N(I3)<=0),"중국공급가=원가+마진 ","")) -> 중국공급가=원가+마진 | Q3: =IF(SUMIFS($W:$W,$A:$A,A3,$C:$C,C3)=0,0,SUMIFS(RAW_판매펀칭!$K:$K,RAW_판매펀칭!$P:$P,A3,RAW_판매펀칭!$I:$I,C3)*W3/SUMIFS($W:$W,$A:$A,A3,$C:$C,C3)) -> 0 | R3: =IF(OR(A3="500",A3="800",A3="810"),0,MAX(W3-Q3,0)) -> 1336 | S3: =R3*L3 -> 55416211 | T3: =R3*J3 -> 225784000 | U3: =R3*K3 -> 52777344 | V3: =IF(COUNTIFS($A$2:A3,A3,$C$2:C3,C3,$D$2:D3,D3)>1,"중복","") | W3: =IF(V3="중복",0,N(D3)) -> 1336 | X3: =IF(COUNTIFS($A$2:A3,A3,$C$2:C3,C3)=1,ABS(SUMIFS(RAW_발주!$D:$D,RAW_발주!$C:$C,A3,RAW_발주!$A:$A,C3)-SUMIFS($W:$W,$A:$A,A3,$C:$C,C3)),0) -> 0
A4: 300 | B4: =IF(A4="100","HK",IF(A4="200","CN",IF(A4="300","TW","홀세일"))) -> TW | C4: N261ABG010 | D4: 150 | E4: 169000 | F4: 39504 | G4: 3.64 | H4: 44.9 | J4: =IF(N(E4)>0,E4,IF(N(F4)>0,F4*요약!$F$27,0)) -> 169000 | K4: =IF(N(F4)>0,F4,IF(N(E4)>0,E4/요약!$F$27,0)) -> 39504 | L4: =IF(B4="CN",IF(N(I4)>0,I4*요약!$G$27,K4*(1+요약!$E$27)),IF(N(H4)>0,H4*요약!$G$27,J4*요약!$D$27)) -> 59268 | M4: =D4*J4 -> 25350000 | N4: =D4*K4 -> 5925600 | O4: =D4*L4 -> 8890200 | P4: =TRIM(IF(N(E4)<=0,"택가보정 ","")&IF(N(F4)<=0,"원가보정 ","")&IF(AND(B4<>"CN",N(H4)<=0),"공급가보정 ","")&IF(AND(B4="CN",N(I4)<=0),"중국공급가=원가+마진 ","")) | Q4: =IF(SUMIFS($W:$W,$A:$A,A4,$C:$C,C4)=0,0,SUMIFS(RAW_판매펀칭!$K:$K,RAW_판매펀칭!$P:$P,A4,RAW_판매펀칭!$I:$I,C4)*W4/SUMIFS($W:$W,$A:$A,A4,$C:$C,C4)) -> 150 | R4: =IF(OR(A4="500",A4="800",A4="810"),0,MAX(W4-Q4,0)) -> 0 | S4: =R4*L4 -> 0 | T4: =R4*J4 -> 0 | U4: =R4*K4 -> 0 | V4: =IF(COUNTIFS($A$2:A4,A4,$C$2:C4,C4,$D$2:D4,D4)>1,"중복","") | W4: =IF(V4="중복",0,N(D4)) -> 150 | X4: =IF(COUNTIFS($A$2:A4,A4,$C$2:C4,C4)=1,ABS(SUMIFS(RAW_발주!$D:$D,RAW_발주!$C:$C,A4,RAW_발주!$A:$A,C4)-SUMIFS($W:$W,$A:$A,A4,$C:$C,C4)),0) -> 0
A5: 500 | B5: =IF(A5="100","HK",IF(A5="200","CN",IF(A5="300","TW","홀세일"))) -> 홀세일 | C5: N261ABG010 | D5: 25 | E5: 169000 | F5: 39504 | G5: 3.64 | H5: 44.9 | J5: =IF(N(E5)>0,E5,IF(N(F5)>0,F5*요약!$F$27,0)) -> 169000 | K5: =IF(N(F5)>0,F5,IF(N(E5)>0,E5/요약!$F$27,0)) -> 39504 | L5: =IF(B5="CN",IF(N(I5)>0,I5*요약!$G$27,K5*(1+요약!$E$27)),IF(N(H5)>0,H5*요약!$G$27,J5*요약!$D$27)) -> 59268 | M5: =D5*J5 -> 4225000 | N5: =D5*K5 -> 987600 | O5: =D5*L5 -> 1481700 | P5: =TRIM(IF(N(E5)<=0,"택가보정 ","")&IF(N(F5)<=0,"원가보정 ","")&IF(AND(B5<>"CN",N(H5)<=0),"공급가보정 ","")&IF(AND(B5="CN",N(I5)<=0),"중국공급가=원가+마진 ","")) | Q5: =IF(SUMIFS($W:$W,$A:$A,A5,$C:$C,C5)=0,0,SUMIFS(RAW_판매펀칭!$K:$K,RAW_판매펀칭!$P:$P,A5,RAW_판매펀칭!$I:$I,C5)*W5/SUMIFS($W:$W,$A:$A,A5,$C:$C,C5)) -> 0 | R5: =IF(OR(A5="500",A5="800",A5="810"),0,MAX(W5-Q5,0)) -> 0 | S5: =R5*L5 -> 0 | T5: =R5*J5 -> 0 | U5: =R5*K5 -> 0 | V5: =IF(COUNTIFS($A$2:A5,A5,$C$2:C5,C5,$D$2:D5,D5)>1,"중복","") | W5: =IF(V5="중복",0,N(D5)) -> 25 | X5: =IF(COUNTIFS($A$2:A5,A5,$C$2:C5,C5)=1,ABS(SUMIFS(RAW_발주!$D:$D,RAW_발주!$C:$C,A5,RAW_발주!$A:$A,C5)-SUMIFS($W:$W,$A:$A,A5,$C:$C,C5)),0) -> 0
A6: 600 | B6: =IF(A6="100","HK",IF(A6="200","CN",IF(A6="300","TW","홀세일"))) -> 홀세일 | C6: N261ABG010 | D6: 50 | E6: 169000 | F6: 39504 | G6: 3.64 | H6: 44.9 | J6: =IF(N(E6)>0,E6,IF(N(F6)>0,F6*요약!$F$27,0)) -> 169000 | K6: =IF(N(F6)>0,F6,IF(N(E6)>0,E6/요약!$F$27,0)) -> 39504 | L6: =IF(B6="CN",IF(N(I6)>0,I6*요약!$G$27,K6*(1+요약!$E$27)),IF(N(H6)>0,H6*요약!$G$27,J6*요약!$D$27)) -> 59268 | M6: =D6*J6 -> 8450000 | N6: =D6*K6 -> 1975200 | O6: =D6*L6 -> 2963400 | P6: =TRIM(IF(N(E6)<=0,"택가보정 ","")&IF(N(F6)<=0,"원가보정 ","")&IF(AND(B6<>"CN",N(H6)<=0),"공급가보정 ","")&IF(AND(B6="CN",N(I6)<=0),"중국공급가=원가+마진 ","")) | Q6: =IF(SUMIFS($W:$W,$A:$A,A6,$C:$C,C6)=0,0,SUMIFS(RAW_판매펀칭!$K:$K,RAW_판매펀칭!$P:$P,A6,RAW_판매펀칭!$I:$I,C6)*W6/SUMIFS($W:$W,$A:$A,A6,$C:$C,C6)) -> 50 | R6: =IF(OR(A6="500",A6="800",A6="810"),0,MAX(W6-Q6,0)) -> 0 | S6: =R6*L6 -> 0 | T6: =R6*J6 -> 0 | U6: =R6*K6 -> 0 | V6: =IF(COUNTIFS($A$2:A6,A6,$C$2:C6,C6,$D$2:D6,D6)>1,"중복","") | W6: =IF(V6="중복",0,N(D6)) -> 50 | X6: =IF(COUNTIFS($A$2:A6,A6,$C$2:C6,C6)=1,ABS(SUMIFS(RAW_발주!$D:$D,RAW_발주!$C:$C,A6,RAW_발주!$A:$A,C6)-SUMIFS($W:$W,$A:$A,A6,$C:$C,C6)),0) -> 0
A7: 800 | B7: =IF(A7="100","HK",IF(A7="200","CN",IF(A7="300","TW","홀세일"))) -> 홀세일 | C7: N261ABG010 | D7: 30 | E7: 169000 | F7: 39504 | G7: 3.64 | H7: 44.9 | J7: =IF(N(E7)>0,E7,IF(N(F7)>0,F7*요약!$F$27,0)) -> 169000 | K7: =IF(N(F7)>0,F7,IF(N(E7)>0,E7/요약!$F$27,0)) -> 39504 | L7: =IF(B7="CN",IF(N(I7)>0,I7*요약!$G$27,K7*(1+요약!$E$27)),IF(N(H7)>0,H7*요약!$G$27,J7*요약!$D$27)) -> 59268 | M7: =D7*J7 -> 5070000 | N7: =D7*K7 -> 1185120 | O7: =D7*L7 -> 1778040 | P7: =TRIM(IF(N(E7)<=0,"택가보정 ","")&IF(N(F7)<=0,"원가보정 ","")&IF(AND(B7<>"CN",N(H7)<=0),"공급가보정 ","")&IF(AND(B7="CN",N(I7)<=0),"중국공급가=원가+마진 ","")) | Q7: =IF(SUMIFS($W:$W,$A:$A,A7,$C:$C,C7)=0,0,SUMIFS(RAW_판매펀칭!$K:$K,RAW_판매펀칭!$P:$P,A7,RAW_판매펀칭!$I:$I,C7)*W7/SUMIFS($W:$W,$A:$A,A7,$C:$C,C7)) -> 30 | R7: =IF(OR(A7="500",A7="800",A7="810"),0,MAX(W7-Q7,0)) -> 0 | S7: =R7*L7 -> 0 | T7: =R7*J7 -> 0 | U7: =R7*K7 -> 0 | V7: =IF(COUNTIFS($A$2:A7,A7,$C$2:C7,C7,$D$2:D7,D7)>1,"중복","") | W7: =IF(V7="중복",0,N(D7)) -> 30 | X7: =IF(COUNTIFS($A$2:A7,A7,$C$2:C7,C7)=1,ABS(SUMIFS(RAW_발주!$D:$D,RAW_발주!$C:$C,A7,RAW_발주!$A:$A,C7)-SUMIFS($W:$W,$A:$A,A7,$C:$C,C7)),0) -> 0
A8: 810 | B8: =IF(A8="100","HK",IF(A8="200","CN",IF(A8="300","TW","홀세일"))) -> 홀세일 | C8: N261ABG010 | D8: 36 | E8: 169000 | F8: 39504 | G8: 3.64 | H8: 44.9 | J8: =IF(N(E8)>0,E8,IF(N(F8)>0,F8*요약!$F$27,0)) -> 169000 | K8: =IF(N(F8)>0,F8,IF(N(E8)>0,E8/요약!$F$27,0)) -> 39504 | L8: =IF(B8="CN",IF(N(I8)>0,I8*요약!$G$27,K8*(1+요약!$E$27)),IF(N(H8)>0,H8*요약!$G$27,J8*요약!$D$27)) -> 59268 | M8: =D8*J8 -> 6084000 | N8: =D8*K8 -> 1422144 | O8: =D8*L8 -> 2133648 | P8: =TRIM(IF(N(E8)<=0,"택가보정 ","")&IF(N(F8)<=0,"원가보정 ","")&IF(AND(B8<>"CN",N(H8)<=0),"공급가보정 ","")&IF(AND(B8="CN",N(I8)<=0),"중국공급가=원가+마진 ","")) | Q8: =IF(SUMIFS($W:$W,$A:$A,A8,$C:$C,C8)=0,0,SUMIFS(RAW_판매펀칭!$K:$K,RAW_판매펀칭!$P:$P,A8,RAW_판매펀칭!$I:$I,C8)*W8/SUMIFS($W:$W,$A:$A,A8,$C:$C,C8)) -> 36 | R8: =IF(OR(A8="500",A8="800",A8="810"),0,MAX(W8-Q8,0)) -> 0 | S8: =R8*L8 -> 0 | T8: =R8*J8 -> 0 | U8: =R8*K8 -> 0 | V8: =IF(COUNTIFS($A$2:A8,A8,$C$2:C8,C8,$D$2:D8,D8)>1,"중복","") | W8: =IF(V8="중복",0,N(D8)) -> 36 | X8: =IF(COUNTIFS($A$2:A8,A8,$C$2:C8,C8)=1,ABS(SUMIFS(RAW_발주!$D:$D,RAW_발주!$C:$C,A8,RAW_발주!$A:$A,C8)-SUMIFS($W:$W,$A:$A,A8,$C:$C,C8)),0) -> 0
A9: 830 | B9: =IF(A9="100","HK",IF(A9="200","CN",IF(A9="300","TW","홀세일"))) -> 홀세일 | C9: N261ABG010 | D9: 30 | E9: 169000 | F9: 39504 | G9: 3.64 | H9: 44.9 | J9: =IF(N(E9)>0,E9,IF(N(F9)>0,F9*요약!$F$27,0)) -> 169000 | K9: =IF(N(F9)>0,F9,IF(N(E9)>0,E9/요약!$F$27,0)) -> 39504 | L9: =IF(B9="CN",IF(N(I9)>0,I9*요약!$G$27,K9*(1+요약!$E$27)),IF(N(H9)>0,H9*요약!$G$27,J9*요약!$D$27)) -> 59268 | M9: =D9*J9 -> 5070000 | N9: =D9*K9 -> 1185120 | O9: =D9*L9 -> 1778040 | P9: =TRIM(IF(N(E9)<=0,"택가보정 ","")&IF(N(F9)<=0,"원가보정 ","")&IF(AND(B9<>"CN",N(H9)<=0),"공급가보정 ","")&IF(AND(B9="CN",N(I9)<=0),"중국공급가=원가+마진 ","")) | Q9: =IF(SUMIFS($W:$W,$A:$A,A9,$C:$C,C9)=0,0,SUMIFS(RAW_판매펀칭!$K:$K,RAW_판매펀칭!$P:$P,A9,RAW_판매펀칭!$I:$I,C9)*W9/SUMIFS($W:$W,$A:$A,A9,$C:$C,C9)) -> 30 | R9: =IF(OR(A9="500",A9="800",A9="810"),0,MAX(W9-Q9,0)) -> 0 | S9: =R9*L9 -> 0 | T9: =R9*J9 -> 0 | U9: =R9*K9 -> 0 | V9: =IF(COUNTIFS($A$2:A9,A9,$C$2:C9,C9,$D$2:D9,D9)>1,"중복","") | W9: =IF(V9="중복",0,N(D9)) -> 30 | X9: =IF(COUNTIFS($A$2:A9,A9,$C$2:C9,C9)=1,ABS(SUMIFS(RAW_발주!$D:$D,RAW_발주!$C:$C,A9,RAW_발주!$A:$A,C9)-SUMIFS($W:$W,$A:$A,A9,$C:$C,C9)),0) -> 0
A10: 100 | B10: =IF(A10="100","HK",IF(A10="200","CN",IF(A10="300","TW","홀세일"))) -> HK | C10: N261ABG020 | D10: 160 | E10: 179000 | F10: 42278 | G10: 3.6 | H10: 47.6 | J10: =IF(N(E10)>0,E10,IF(N(F10)>0,F10*요약!$F$27,0)) -> 179000 | K10: =IF(N(F10)>0,F10,IF(N(E10)>0,E10/요약!$F$27,0)) -> 42278 | L10: =IF(B10="CN",IF(N(I10)>0,I10*요약!$G$27,K10*(1+요약!$E$27)),IF(N(H10)>0,H10*요약!$G$27,J10*요약!$D$27)) -> 62832 | M10: =D10*J10 -> 28640000 | N10: =D10*K10 -> 6764480 | O10: =D10*L10 -> 10053120 | P10: =TRIM(IF(N(E10)<=0,"택가보정 ","")&IF(N(F10)<=0,"원가보정 ","")&IF(AND(B10<>"CN",N(H10)<=0),"공급가보정 ","")&IF(AND(B10="CN",N(I10)<=0),"중국공급가=원가+마진 ","")) | Q10: =IF(SUMIFS($W:$W,$A:$A,A10,$C:$C,C10)=0,0,SUMIFS(RAW_판매펀칭!$K:$K,RAW_판매펀칭!$P:$P,A10,RAW_판매펀칭!$I:$I,C10)*W10/SUMIFS($W:$W,$A:$A,A10,$C:$C,C10)) -> 0 | R10: =IF(OR(A10="500",A10="800",A10="810"),0,MAX(W10-Q10,0)) -> 160 | S10: =R10*L10 -> 10053120 | T10: =R10*J10 -> 28640000 | U10: =R10*K10 -> 6764480 | V10: =IF(COUNTIFS($A$2:A10,A10,$C$2:C10,C10,$D$2:D10,D10)>1,"중복","") | W10: =IF(V10="중복",0,N(D10)) -> 160 | X10: =IF(COUNTIFS($A$2:A10,A10,$C$2:C10,C10)=1,ABS(SUMIFS(RAW_발주!$D:$D,RAW_발주!$C:$C,A10,RAW_발주!$A:$A,C10)-SUMIFS($W:$W,$A:$A,A10,$C:$C,C10)),0) -> 0
A11: 300 | B11: =IF(A11="100","HK",IF(A11="200","CN",IF(A11="300","TW","홀세일"))) -> TW | C11: N261ABG020 | D11: 250 | E11: 179000 | F11: 42278 | G11: 3.6 | H11: 47.6 | J11: =IF(N(E11)>0,E11,IF(N(F11)>0,F11*요약!$F$27,0)) -> 179000 | K11: =IF(N(F11)>0,F11,IF(N(E11)>0,E11/요약!$F$27,0)) -> 42278 | L11: =IF(B11="CN",IF(N(I11)>0,I11*요약!$G$27,K11*(1+요약!$E$27)),IF(N(H11)>0,H11*요약!$G$27,J11*요약!$D$27)) -> 62832 | M11: =D11*J11 -> 44750000 | N11: =D11*K11 -> 10569500 | O11: =D11*L11 -> 15708000 | P11: =TRIM(IF(N(E11)<=0,"택가보정 ","")&IF(N(F11)<=0,"원가보정 ","")&IF(AND(B11<>"CN",N(H11)<=0),"공급가보정 ","")&IF(AND(B11="CN",N(I11)<=0),"중국공급가=원가+마진 ","")) | Q11: =IF(SUMIFS($W:$W,$A:$A,A11,$C:$C,C11)=0,0,SUMIFS(RAW_판매펀칭!$K:$K,RAW_판매펀칭!$P:$P,A11,RAW_판매펀칭!$I:$I,C11)*W11/SUMIFS($W:$W,$A:$A,A11,$C:$C,C11)) -> 250 | R11: =IF(OR(A11="500",A11="800",A11="810"),0,MAX(W11-Q11,0)) -> 0 | S11: =R11*L11 -> 0 | T11: =R11*J11 -> 0 | U11: =R11*K11 -> 0 | V11: =IF(COUNTIFS($A$2:A11,A11,$C$2:C11,C11,$D$2:D11,D11)>1,"중복","") | W11: =IF(V11="중복",0,N(D11)) -> 250 | X11: =IF(COUNTIFS($A$2:A11,A11,$C$2:C11,C11)=1,ABS(SUMIFS(RAW_발주!$D:$D,RAW_발주!$C:$C,A11,RAW_발주!$A:$A,C11)-SUMIFS($W:$W,$A:$A,A11,$C:$C,C11)),0) -> 0
A12: 600 | B12: =IF(A12="100","HK",IF(A12="200","CN",IF(A12="300","TW","홀세일"))) -> 홀세일 | C12: N261ABG020 | D12: 50 | E12: 179000 | F12: 42278 | G12: 3.6 | H12: 47.6 | J12: =IF(N(E12)>0,E12,IF(N(F12)>0,F12*요약!$F$27,0)) -> 179000 | K12: =IF(N(F12)>0,F12,IF(N(E12)>0,E12/요약!$F$27,0)) -> 42278 | L12: =IF(B12="CN",IF(N(I12)>0,I12*요약!$G$27,K12*(1+요약!$E$27)),IF(N(H12)>0,H12*요약!$G$27,J12*요약!$D$27)) -> 62832 | M12: =D12*J12 -> 8950000 | N12: =D12*K12 -> 2113900 | O12: =D12*L12 -> 3141600 | P12: =TRIM(IF(N(E12)<=0,"택가보정 ","")&IF(N(F12)<=0,"원가보정 ","")&IF(AND(B12<>"CN",N(H12)<=0),"공급가보정 ","")&IF(AND(B12="CN",N(I12)<=0),"중국공급가=원가+마진 ","")) | Q12: =IF(SUMIFS($W:$W,$A:$A,A12,$C:$C,C12)=0,0,SUMIFS(RAW_판매펀칭!$K:$K,RAW_판매펀칭!$P:$P,A12,RAW_판매펀칭!$I:$I,C12)*W12/SUMIFS($W:$W,$A:$A,A12,$C:$C,C12)) -> 50 | R12: =IF(OR(A12="500",A12="800",A12="810"),0,MAX(W12-Q12,0)) -> 0 | S12: =R12*L12 -> 0 | T12: =R12*J12 -> 0 | U12: =R12*K12 -> 0 | V12: =IF(COUNTIFS($A$2:A12,A12,$C$2:C12,C12,$D$2:D12,D12)>1,"중복","") | W12: =IF(V12="중복",0,N(D12)) -> 50 | X12: =IF(COUNTIFS($A$2:A12,A12,$C$2:C12,C12)=1,ABS(SUMIFS(RAW_발주!$D:$D,RAW_발주!$C:$C,A12,RAW_발주!$A:$A,C12)-SUMIFS($W:$W,$A:$A,A12,$C:$C,C12)),0) -> 0
A13: 800 | B13: =IF(A13="100","HK",IF(A13="200","CN",IF(A13="300","TW","홀세일"))) -> 홀세일 | C13: N261ABG020 | D13: 40 | E13: 179000 | F13: 42278 | G13: 3.6 | H13: 47.6 | J13: =IF(N(E13)>0,E13,IF(N(F13)>0,F13*요약!$F$27,0)) -> 179000 | K13: =IF(N(F13)>0,F13,IF(N(E13)>0,E13/요약!$F$27,0)) -> 42278 | L13: =IF(B13="CN",IF(N(I13)>0,I13*요약!$G$27,K13*(1+요약!$E$27)),IF(N(H13)>0,H13*요약!$G$27,J13*요약!$D$27)) -> 62832 | M13: =D13*J13 -> 7160000 | N13: =D13*K13 -> 1691120 | O13: =D13*L13 -> 2513280 | P13: =TRIM(IF(N(E13)<=0,"택가보정 ","")&IF(N(F13)<=0,"원가보정 ","")&IF(AND(B13<>"CN",N(H13)<=0),"공급가보정 ","")&IF(AND(B13="CN",N(I13)<=0),"중국공급가=원가+마진 ","")) | Q13: =IF(SUMIFS($W:$W,$A:$A,A13,$C:$C,C13)=0,0,SUMIFS(RAW_판매펀칭!$K:$K,RAW_판매펀칭!$P:$P,A13,RAW_판매펀칭!$I:$I,C13)*W13/SUMIFS($W:$W,$A:$A,A13,$C:$C,C13)) -> 40 | R13: =IF(OR(A13="500",A13="800",A13="810"),0,MAX(W13-Q13,0)) -> 0 | S13: =R13*L13 -> 0 | T13: =R13*J13 -> 0 | U13: =R13*K13 -> 0 | V13: =IF(COUNTIFS($A$2:A13,A13,$C$2:C13,C13,$D$2:D13,D13)>1,"중복","") | W13: =IF(V13="중복",0,N(D13)) -> 40 | X13: =IF(COUNTIFS($A$2:A13,A13,$C$2:C13,C13)=1,ABS(SUMIFS(RAW_발주!$D:$D,RAW_발주!$C:$C,A13,RAW_발주!$A:$A,C13)-SUMIFS($W:$W,$A:$A,A13,$C:$C,C13)),0) -> 0
... A499: 810 | B499: =IF(A499="100","HK",IF(A499="200","CN",IF(A499="300","TW","홀세일"))) -> 홀세일 | C499: N262UTS420 | D499: 216 | E499: 59000 | F499: 16000 | G499: 2.9 | H499: 14.8 | J499: =IF(N(E499)>0,E499,IF(N(F499)>0,F499*요약!$F$27,0)) -> 59000 | K499: =IF(N(F499)>0,F499,IF(N(E499)>0,E499/요약!$F$27,0)) -> 16000 | L499: =IF(B499="CN",IF(N(I499)>0,I499*요약!$G$27,K499*(1+요약!$E$27)),IF(N(H499)>0,H499*요약!$G$27,J499*요약!$D$27)) -> 19536 | M499: =D499*J499 -> 12744000 | N499: =D499*K499 -> 3456000 | O499: =D499*L499 -> 4219776 | P499: =TRIM(IF(N(E499)<=0,"택가보정 ","")&IF(N(F499)<=0,"원가보정 ","")&IF(AND(B499<>"CN",N(H499)<=0),"공급가보정 ","")&IF(AND(B499="CN",N(I499)<=0),"중국공급가=원가+마진 ","")) | Q499: =IF(SUMIFS($W:$W,$A:$A,A499,$C:$C,C499)=0,0,SUMIFS(RAW_판매펀칭!$K:$K,RAW_판매펀칭!$P:$P,A499,RAW_판매펀칭!$I:$I,C499)*W499/SUMIFS($W:$W,$A:$A,A499,$C:$C,C499)) -> 216 | R499: =IF(OR(A499="500",A499="800",A499="810"),0,MAX(W499-Q499,0)) -> 0 | S499: =R499*L499 -> 0 | T499: =R499*J499 -> 0 | U499: =R499*K499 -> 0 | V499: =IF(COUNTIFS($A$2:A499,A499,$C$2:C499,C499,$D$2:D499,D499)>1,"중복","") | W499: =IF(V499="중복",0,N(D499)) -> 216 | X499: =IF(COUNTIFS($A$2:A499,A499,$C$2:C499,C499)=1,ABS(SUMIFS(RAW_발주!$D:$D,RAW_발주!$C:$C,A499,RAW_발주!$A:$A,C499)-SUMIFS($W:$W,$A:$A,A499,$C:$C,C499)),0) -> 0
A500: 200 | B500: =IF(A500="100","HK",IF(A500="200","CN",IF(A500="300","TW","홀세일"))) -> CN | C500: N262UTS620 | D500: 392 | E500: 59000 | F500: 13239 | G500: 0 | J500: =IF(N(E500)>0,E500,IF(N(F500)>0,F500*요약!$F$27,0)) -> 59000 | K500: =IF(N(F500)>0,F500,IF(N(E500)>0,E500/요약!$F$27,0)) -> 13239 | L500: =IF(B500="CN",IF(N(I500)>0,I500*요약!$G$27,K500*(1+요약!$E$27)),IF(N(H500)>0,H500*요약!$G$27,J500*요약!$D$27)) -> 13900.95 | M500: =D500*J500 -> 23128000 | N500: =D500*K500 -> 5189688 | O500: =D500*L500 -> 5449172.4 | P500: =TRIM(IF(N(E500)<=0,"택가보정 ","")&IF(N(F500)<=0,"원가보정 ","")&IF(AND(B500<>"CN",N(H500)<=0),"공급가보정 ","")&IF(AND(B500="CN",N(I500)<=0),"중국공급가=원가+마진 ","")) -> 중국공급가=원가+마진 | Q500: =IF(SUMIFS($W:$W,$A:$A,A500,$C:$C,C500)=0,0,SUMIFS(RAW_판매펀칭!$K:$K,RAW_판매펀칭!$P:$P,A500,RAW_판매펀칭!$I:$I,C500)*W500/SUMIFS($W:$W,$A:$A,A500,$C:$C,C500)) -> 392 | R500: =IF(OR(A500="500",A500="800",A500="810"),0,MAX(W500-Q500,0)) -> 0 | S500: =R500*L500 -> 0 | T500: =R500*J500 -> 0 | U500: =R500*K500 -> 0 | V500: =IF(COUNTIFS($A$2:A500,A500,$C$2:C500,C500,$D$2:D500,D500)>1,"중복","") | W500: =IF(V500="중복",0,N(D500)) -> 392 | X500: =IF(COUNTIFS($A$2:A500,A500,$C$2:C500,C500)=1,ABS(SUMIFS(RAW_발주!$D:$D,RAW_발주!$C:$C,A500,RAW_발주!$A:$A,C500)-SUMIFS($W:$W,$A:$A,A500,$C:$C,C500)),0) -> 0
A501: 800 | B501: =IF(A501="100","HK",IF(A501="200","CN",IF(A501="300","TW","홀세일"))) -> 홀세일 | C501: N262UTS901 | D501: 85 | E501: 49000 | F501: 10000 | G501: 4.45 | H501: 12.3 | J501: =IF(N(E501)>0,E501,IF(N(F501)>0,F501*요약!$F$27,0)) -> 49000 | K501: =IF(N(F501)>0,F501,IF(N(E501)>0,E501/요약!$F$27,0)) -> 10000 | L501: =IF(B501="CN",IF(N(I501)>0,I501*요약!$G$27,K501*(1+요약!$E$27)),IF(N(H501)>0,H501*요약!$G$27,J501*요약!$D$27)) -> 16236 | M501: =D501*J501 -> 4165000 | N501: =D501*K501 -> 850000 | O501: =D501*L501 -> 1380060 | P501: =TRIM(IF(N(E501)<=0,"택가보정 ","")&IF(N(F501)<=0,"원가보정 ","")&IF(AND(B501<>"CN",N(H501)<=0),"공급가보정 ","")&IF(AND(B501="CN",N(I501)<=0),"중국공급가=원가+마진 ","")) | Q501: =IF(SUMIFS($W:$W,$A:$A,A501,$C:$C,C501)=0,0,SUMIFS(RAW_판매펀칭!$K:$K,RAW_판매펀칭!$P:$P,A501,RAW_판매펀칭!$I:$I,C501)*W501/SUMIFS($W:$W,$A:$A,A501,$C:$C,C501)) -> 0 | R501: =IF(OR(A501="500",A501="800",A501="810"),0,MAX(W501-Q501,0)) -> 0 | S501: =R501*L501 -> 0 | T501: =R501*J501 -> 0 | U501: =R501*K501 -> 0 | V501: =IF(COUNTIFS($A$2:A501,A501,$C$2:C501,C501,$D$2:D501,D501)>1,"중복","") | W501: =IF(V501="중복",0,N(D501)) -> 85 | X501: =IF(COUNTIFS($A$2:A501,A501,$C$2:C501,C501)=1,ABS(SUMIFS(RAW_발주!$D:$D,RAW_발주!$C:$C,A501,RAW_발주!$A:$A,C501)-SUMIFS($W:$W,$A:$A,A501,$C:$C,C501)),0) -> 0
A502: 810 | B502: =IF(A502="100","HK",IF(A502="200","CN",IF(A502="300","TW","홀세일"))) -> 홀세일 | C502: N262UTS901 | D502: 216 | E502: 49000 | F502: 10000 | G502: 4.45 | H502: 12.3 | J502: =IF(N(E502)>0,E502,IF(N(F502)>0,F502*요약!$F$27,0)) -> 49000 | K502: =IF(N(F502)>0,F502,IF(N(E502)>0,E502/요약!$F$27,0)) -> 10000 | L502: =IF(B502="CN",IF(N(I502)>0,I502*요약!$G$27,K502*(1+요약!$E$27)),IF(N(H502)>0,H502*요약!$G$27,J502*요약!$D$27)) -> 16236 | M502: =D502*J502 -> 10584000 | N502: =D502*K502 -> 2160000 | O502: =D502*L502 -> 3506976 | P502: =TRIM(IF(N(E502)<=0,"택가보정 ","")&IF(N(F502)<=0,"원가보정 ","")&IF(AND(B502<>"CN",N(H502)<=0),"공급가보정 ","")&IF(AND(B502="CN",N(I502)<=0),"중국공급가=원가+마진 ","")) | Q502: =IF(SUMIFS($W:$W,$A:$A,A502,$C:$C,C502)=0,0,SUMIFS(RAW_판매펀칭!$K:$K,RAW_판매펀칭!$P:$P,A502,RAW_판매펀칭!$I:$I,C502)*W502/SUMIFS($W:$W,$A:$A,A502,$C:$C,C502)) -> 216 | R502: =IF(OR(A502="500",A502="800",A502="810"),0,MAX(W502-Q502,0)) -> 0 | S502: =R502*L502 -> 0 | T502: =R502*J502 -> 0 | U502: =R502*K502 -> 0 | V502: =IF(COUNTIFS($A$2:A502,A502,$C$2:C502,C502,$D$2:D502,D502)>1,"중복","") | W502: =IF(V502="중복",0,N(D502)) -> 216 | X502: =IF(COUNTIFS($A$2:A502,A502,$C$2:C502,C502)=1,ABS(SUMIFS(RAW_발주!$D:$D,RAW_발주!$C:$C,A502,RAW_발주!$A:$A,C502)-SUMIFS($W:$W,$A:$A,A502,$C:$C,C502)),0) -> 0
A503: 800 | B503: =IF(A503="100","HK",IF(A503="200","CN",IF(A503="300","TW","홀세일"))) -> 홀세일 | C503: N262UTS902 | D503: 90 | E503: 59000 | F503: 11211 | G503: 4.83 | H503: 14.8 | J503: =IF(N(E503)>0,E503,IF(N(F503)>0,F503*요약!$F$27,0)) -> 59000 | K503: =IF(N(F503)>0,F503,IF(N(E503)>0,E503/요약!$F$27,0)) -> 11211 | L503: =IF(B503="CN",IF(N(I503)>0,I503*요약!$G$27,K503*(1+요약!$E$27)),IF(N(H503)>0,H503*요약!$G$27,J503*요약!$D$27)) -> 19536 | M503: =D503*J503 -> 5310000 | N503: =D503*K503 -> 1008990 | O503: =D503*L503 -> 1758240 | P503: =TRIM(IF(N(E503)<=0,"택가보정 ","")&IF(N(F503)<=0,"원가보정 ","")&IF(AND(B503<>"CN",N(H503)<=0),"공급가보정 ","")&IF(AND(B503="CN",N(I503)<=0),"중국공급가=원가+마진 ","")) | Q503: =IF(SUMIFS($W:$W,$A:$A,A503,$C:$C,C503)=0,0,SUMIFS(RAW_판매펀칭!$K:$K,RAW_판매펀칭!$P:$P,A503,RAW_판매펀칭!$I:$I,C503)*W503/SUMIFS($W:$W,$A:$A,A503,$C:$C,C503)) -> 0 | R503: =IF(OR(A503="500",A503="800",A503="810"),0,MAX(W503-Q503,0)) -> 0 | S503: =R503*L503 -> 0 | T503: =R503*J503 -> 0 | U503: =R503*K503 -> 0 | V503: =IF(COUNTIFS($A$2:A503,A503,$C$2:C503,C503,$D$2:D503,D503)>1,"중복","") | W503: =IF(V503="중복",0,N(D503)) -> 90 | X503: =IF(COUNTIFS($A$2:A503,A503,$C$2:C503,C503)=1,ABS(SUMIFS(RAW_발주!$D:$D,RAW_발주!$C:$C,A503,RAW_발주!$A:$A,C503)-SUMIFS($W:$W,$A:$A,A503,$C:$C,C503)),0) -> 0
A504: 700 | B504: =IF(A504="100","HK",IF(A504="200","CN",IF(A504="300","TW","홀세일"))) -> 홀세일 | C504: N262UTS903 | D504: 61 | E504: 59000 | F504: 11400 | G504: 4.43 | H504: 14.8 | J504: =IF(N(E504)>0,E504,IF(N(F504)>0,F504*요약!$F$27,0)) -> 59000 | K504: =IF(N(F504)>0,F504,IF(N(E504)>0,E504/요약!$F$27,0)) -> 11400 | L504: =IF(B504="CN",IF(N(I504)>0,I504*요약!$G$27,K504*(1+요약!$E$27)),IF(N(H504)>0,H504*요약!$G$27,J504*요약!$D$27)) -> 19536 | M504: =D504*J504 -> 3599000 | N504: =D504*K504 -> 695400 | O504: =D504*L504 -> 1191696 | P504: =TRIM(IF(N(E504)<=0,"택가보정 ","")&IF(N(F504)<=0,"원가보정 ","")&IF(AND(B504<>"CN",N(H504)<=0),"공급가보정 ","")&IF(AND(B504="CN",N(I504)<=0),"중국공급가=원가+마진 ","")) | Q504: =IF(SUMIFS($W:$W,$A:$A,A504,$C:$C,C504)=0,0,SUMIFS(RAW_판매펀칭!$K:$K,RAW_판매펀칭!$P:$P,A504,RAW_판매펀칭!$I:$I,C504)*W504/SUMIFS($W:$W,$A:$A,A504,$C:$C,C504)) -> 61 | R504: =IF(OR(A504="500",A504="800",A504="810"),0,MAX(W504-Q504,0)) -> 0 | S504: =R504*L504 -> 0 | T504: =R504*J504 -> 0 | U504: =R504*K504 -> 0 | V504: =IF(COUNTIFS($A$2:A504,A504,$C$2:C504,C504,$D$2:D504,D504)>1,"중복","") | W504: =IF(V504="중복",0,N(D504)) -> 61 | X504: =IF(COUNTIFS($A$2:A504,A504,$C$2:C504,C504)=1,ABS(SUMIFS(RAW_발주!$D:$D,RAW_발주!$C:$C,A504,RAW_발주!$A:$A,C504)-SUMIFS($W:$W,$A:$A,A504,$C:$C,C504)),0) -> 0
A505: 800 | B505: =IF(A505="100","HK",IF(A505="200","CN",IF(A505="300","TW","홀세일"))) -> 홀세일 | C505: N262UTS903 | D505: 90 | E505: 59000 | F505: 11400 | G505: 4.43 | H505: 14.8 | J505: =IF(N(E505)>0,E505,IF(N(F505)>0,F505*요약!$F$27,0)) -> 59000 | K505: =IF(N(F505)>0,F505,IF(N(E505)>0,E505/요약!$F$27,0)) -> 11400 | L505: =IF(B505="CN",IF(N(I505)>0,I505*요약!$G$27,K505*(1+요약!$E$27)),IF(N(H505)>0,H505*요약!$G$27,J505*요약!$D$27)) -> 19536 | M505: =D505*J505 -> 5310000 | N505: =D505*K505 -> 1026000 | O505: =D505*L505 -> 1758240 | P505: =TRIM(IF(N(E505)<=0,"택가보정 ","")&IF(N(F505)<=0,"원가보정 ","")&IF(AND(B505<>"CN",N(H505)<=0),"공급가보정 ","")&IF(AND(B505="CN",N(I505)<=0),"중국공급가=원가+마진 ","")) | Q505: =IF(SUMIFS($W:$W,$A:$A,A505,$C:$C,C505)=0,0,SUMIFS(RAW_판매펀칭!$K:$K,RAW_판매펀칭!$P:$P,A505,RAW_판매펀칭!$I:$I,C505)*W505/SUMIFS($W:$W,$A:$A,A505,$C:$C,C505)) -> 0 | R505: =IF(OR(A505="500",A505="800",A505="810"),0,MAX(W505-Q505,0)) -> 0 | S505: =R505*L505 -> 0 | T505: =R505*J505 -> 0 | U505: =R505*K505 -> 0 | V505: =IF(COUNTIFS($A$2:A505,A505,$C$2:C505,C505,$D$2:D505,D505)>1,"중복","") | W505: =IF(V505="중복",0,N(D505)) -> 90 | X505: =IF(COUNTIFS($A$2:A505,A505,$C$2:C505,C505)=1,ABS(SUMIFS(RAW_발주!$D:$D,RAW_발주!$C:$C,A505,RAW_발주!$A:$A,C505)-SUMIFS($W:$W,$A:$A,A505,$C:$C,C505)),0) -> 0
A506: 800 | B506: =IF(A506="100","HK",IF(A506="200","CN",IF(A506="300","TW","홀세일"))) -> 홀세일 | C506: N262UTS904 | D506: 60 | E506: 59000 | F506: 13441 | G506: 4.03 | H506: 14.8 | J506: =IF(N(E506)>0,E506,IF(N(F506)>0,F506*요약!$F$27,0)) -> 59000 | K506: =IF(N(F506)>0,F506,IF(N(E506)>0,E506/요약!$F$27,0)) -> 13441 | L506: =IF(B506="CN",IF(N(I506)>0,I506*요약!$G$27,K506*(1+요약!$E$27)),IF(N(H506)>0,H506*요약!$G$27,J506*요약!$D$27)) -> 19536 | M506: =D506*J506 -> 3540000 | N506: =D506*K506 -> 806460 | O506: =D506*L506 -> 1172160 | P506: =TRIM(IF(N(E506)<=0,"택가보정 ","")&IF(N(F506)<=0,"원가보정 ","")&IF(AND(B506<>"CN",N(H506)<=0),"공급가보정 ","")&IF(AND(B506="CN",N(I506)<=0),"중국공급가=원가+마진 ","")) | Q506: =IF(SUMIFS($W:$W,$A:$A,A506,$C:$C,C506)=0,0,SUMIFS(RAW_판매펀칭!$K:$K,RAW_판매펀칭!$P:$P,A506,RAW_판매펀칭!$I:$I,C506)*W506/SUMIFS($W:$W,$A:$A,A506,$C:$C,C506)) -> 0 | R506: =IF(OR(A506="500",A506="800",A506="810"),0,MAX(W506-Q506,0)) -> 0 | S506: =R506*L506 -> 0 | T506: =R506*J506 -> 0 | U506: =R506*K506 -> 0 | V506: =IF(COUNTIFS($A$2:A506,A506,$C$2:C506,C506,$D$2:D506,D506)>1,"중복","") | W506: =IF(V506="중복",0,N(D506)) -> 60 | X506: =IF(COUNTIFS($A$2:A506,A506,$C$2:C506,C506)=1,ABS(SUMIFS(RAW_발주!$D:$D,RAW_발주!$C:$C,A506,RAW_발주!$A:$A,C506)-SUMIFS($W:$W,$A:$A,A506,$C:$C,C506)),0) -> 0
A507: 800 | B507: =IF(A507="100","HK",IF(A507="200","CN",IF(A507="300","TW","홀세일"))) -> 홀세일 | C507: N262UTS905 | D507: 45 | E507: 59000 | F507: 12400 | G507: 3.89 | H507: 14.8 | J507: =IF(N(E507)>0,E507,IF(N(F507)>0,F507*요약!$F$27,0)) -> 59000 | K507: =IF(N(F507)>0,F507,IF(N(E507)>0,E507/요약!$F$27,0)) -> 12400 | L507: =IF(B507="CN",IF(N(I507)>0,I507*요약!$G$27,K507*(1+요약!$E$27)),IF(N(H507)>0,H507*요약!$G$27,J507*요약!$D$27)) -> 19536 | M507: =D507*J507 -> 2655000 | N507: =D507*K507 -> 558000 | O507: =D507*L507 -> 879120 | P507: =TRIM(IF(N(E507)<=0,"택가보정 ","")&IF(N(F507)<=0,"원가보정 ","")&IF(AND(B507<>"CN",N(H507)<=0),"공급가보정 ","")&IF(AND(B507="CN",N(I507)<=0),"중국공급가=원가+마진 ","")) | Q507: =IF(SUMIFS($W:$W,$A:$A,A507,$C:$C,C507)=0,0,SUMIFS(RAW_판매펀칭!$K:$K,RAW_판매펀칭!$P:$P,A507,RAW_판매펀칭!$I:$I,C507)*W507/SUMIFS($W:$W,$A:$A,A507,$C:$C,C507)) -> 0 | R507: =IF(OR(A507="500",A507="800",A507="810"),0,MAX(W507-Q507,0)) -> 0 | S507: =R507*L507 -> 0 | T507: =R507*J507 -> 0 | U507: =R507*K507 -> 0 | V507: =IF(COUNTIFS($A$2:A507,A507,$C$2:C507,C507,$D$2:D507,D507)>1,"중복","") | W507: =IF(V507="중복",0,N(D507)) -> 45 | X507: =IF(COUNTIFS($A$2:A507,A507,$C$2:C507,C507)=1,ABS(SUMIFS(RAW_발주!$D:$D,RAW_발주!$C:$C,A507,RAW_발주!$A:$A,C507)-SUMIFS($W:$W,$A:$A,A507,$C:$C,C507)),0) -> 0
A508: 500 | B508: =IF(A508="100","HK",IF(A508="200","CN",IF(A508="300","TW","홀세일"))) -> 홀세일 | C508: N262UTS906 | D508: 25 | E508: 59000 | F508: 12200 | G508: 4.33 | H508: 14.8 | J508: =IF(N(E508)>0,E508,IF(N(F508)>0,F508*요약!$F$27,0)) -> 59000 | K508: =IF(N(F508)>0,F508,IF(N(E508)>0,E508/요약!$F$27,0)) -> 12200 | L508: =IF(B508="CN",IF(N(I508)>0,I508*요약!$G$27,K508*(1+요약!$E$27)),IF(N(H508)>0,H508*요약!$G$27,J508*요약!$D$27)) -> 19536 | M508: =D508*J508 -> 1475000 | N508: =D508*K508 -> 305000 | O508: =D508*L508 -> 488400 | P508: =TRIM(IF(N(E508)<=0,"택가보정 ","")&IF(N(F508)<=0,"원가보정 ","")&IF(AND(B508<>"CN",N(H508)<=0),"공급가보정 ","")&IF(AND(B508="CN",N(I508)<=0),"중국공급가=원가+마진 ","")) | Q508: =IF(SUMIFS($W:$W,$A:$A,A508,$C:$C,C508)=0,0,SUMIFS(RAW_판매펀칭!$K:$K,RAW_판매펀칭!$P:$P,A508,RAW_판매펀칭!$I:$I,C508)*W508/SUMIFS($W:$W,$A:$A,A508,$C:$C,C508)) -> 25 | R508: =IF(OR(A508="500",A508="800",A508="810"),0,MAX(W508-Q508,0)) -> 0 | S508: =R508*L508 -> 0 | T508: =R508*J508 -> 0 | U508: =R508*K508 -> 0 | V508: =IF(COUNTIFS($A$2:A508,A508,$C$2:C508,C508,$D$2:D508,D508)>1,"중복","") | W508: =IF(V508="중복",0,N(D508)) -> 25 | X508: =IF(COUNTIFS($A$2:A508,A508,$C$2:C508,C508)=1,ABS(SUMIFS(RAW_발주!$D:$D,RAW_발주!$C:$C,A508,RAW_발주!$A:$A,C508)-SUMIFS($W:$W,$A:$A,A508,$C:$C,C508)),0) -> 0
A509: 500 | B509: =IF(A509="100","HK",IF(A509="200","CN",IF(A509="300","TW","홀세일"))) -> 홀세일 | C509: N262UTS908 | D509: 25 | E509: 59000 | F509: 13800 | G509: 4 | H509: 14.8 | J509: =IF(N(E509)>0,E509,IF(N(F509)>0,F509*요약!$F$27,0)) -> 59000 | K509: =IF(N(F509)>0,F509,IF(N(E509)>0,E509/요약!$F$27,0)) -> 13800 | L509: =IF(B509="CN",IF(N(I509)>0,I509*요약!$G$27,K509*(1+요약!$E$27)),IF(N(H509)>0,H509*요약!$G$27,J509*요약!$D$27)) -> 19536 | M509: =D509*J509 -> 1475000 | N509: =D509*K509 -> 345000 | O509: =D509*L509 -> 488400 | P509: =TRIM(IF(N(E509)<=0,"택가보정 ","")&IF(N(F509)<=0,"원가보정 ","")&IF(AND(B509<>"CN",N(H509)<=0),"공급가보정 ","")&IF(AND(B509="CN",N(I509)<=0),"중국공급가=원가+마진 ","")) | Q509: =IF(SUMIFS($W:$W,$A:$A,A509,$C:$C,C509)=0,0,SUMIFS(RAW_판매펀칭!$K:$K,RAW_판매펀칭!$P:$P,A509,RAW_판매펀칭!$I:$I,C509)*W509/SUMIFS($W:$W,$A:$A,A509,$C:$C,C509)) -> 25 | R509: =IF(OR(A509="500",A509="800",A509="810"),0,MAX(W509-Q509,0)) -> 0 | S509: =R509*L509 -> 0 | T509: =R509*J509 -> 0 | U509: =R509*K509 -> 0 | V509: =IF(COUNTIFS($A$2:A509,A509,$C$2:C509,C509,$D$2:D509,D509)>1,"중복","") | W509: =IF(V509="중복",0,N(D509)) -> 25 | X509: =IF(COUNTIFS($A$2:A509,A509,$C$2:C509,C509)=1,ABS(SUMIFS(RAW_발주!$D:$D,RAW_발주!$C:$C,A509,RAW_발주!$A:$A,C509)-SUMIFS($W:$W,$A:$A,A509,$C:$C,C509)),0) -> 0
A510: 100 | B510: =IF(A510="100","HK",IF(A510="200","CN",IF(A510="300","TW","홀세일"))) -> HK | C510: N262USD040 | D510: 190 | E510: 49000 | F510: 13410 | G510: 3.32 | H510: 14.2 | J510: =IF(N(E510)>0,E510,IF(N(F510)>0,F510*요약!$F$27,0)) -> 49000 | K510: =IF(N(F510)>0,F510,IF(N(E510)>0,E510/요약!$F$27,0)) -> 13410 | L510: =IF(B510="CN",IF(N(I510)>0,I510*요약!$G$27,K510*(1+요약!$E$27)),IF(N(H510)>0,H510*요약!$G$27,J510*요약!$D$27)) -> 18744 | M510: =D510*J510 -> 9310000 | N510: =D510*K510 -> 2547900 | O510: =D510*L510 -> 3561360 | P510: =TRIM(IF(N(E510)<=0,"택가보정 ","")&IF(N(F510)<=0,"원가보정 ","")&IF(AND(B510<>"CN",N(H510)<=0),"공급가보정 ","")&IF(AND(B510="CN",N(I510)<=0),"중국공급가=원가+마진 ","")) | Q510: =IF(SUMIFS($W:$W,$A:$A,A510,$C:$C,C510)=0,0,SUMIFS(RAW_판매펀칭!$K:$K,RAW_판매펀칭!$P:$P,A510,RAW_판매펀칭!$I:$I,C510)*W510/SUMIFS($W:$W,$A:$A,A510,$C:$C,C510)) -> 190 | R510: =IF(OR(A510="500",A510="800",A510="810"),0,MAX(W510-Q510,0)) -> 0 | S510: =R510*L510 -> 0 | T510: =R510*J510 -> 0 | U510: =R510*K510 -> 0 | V510: =IF(COUNTIFS($A$2:A510,A510,$C$2:C510,C510,$D$2:D510,D510)>1,"중복","") | W510: =IF(V510="중복",0,N(D510)) -> 190 | X510: =IF(COUNTIFS($A$2:A510,A510,$C$2:C510,C510)=1,ABS(SUMIFS(RAW_발주!$D:$D,RAW_발주!$C:$C,A510,RAW_발주!$A:$A,C510)-SUMIFS($W:$W,$A:$A,A510,$C:$C,C510)),0) -> 0
A511: 700 | B511: =IF(A511="100","HK",IF(A511="200","CN",IF(A511="300","TW","홀세일"))) -> 홀세일 | C511: N262USD050 | D511: 120 | E511: 129000 | F511: 30000 | G511: 3.91 | H511: 37.2 | J511: =IF(N(E511)>0,E511,IF(N(F511)>0,F511*요약!$F$27,0)) -> 129000 | K511: =IF(N(F511)>0,F511,IF(N(E511)>0,E511/요약!$F$27,0)) -> 30000 | L511: =IF(B511="CN",IF(N(I511)>0,I511*요약!$G$27,K511*(1+요약!$E$27)),IF(N(H511)>0,H511*요약!$G$27,J511*요약!$D$27)) -> 49104 | M511: =D511*J511 -> 15480000 | N511: =D511*K511 -> 3600000 | O511: =D511*L511 -> 5892480 | P511: =TRIM(IF(N(E511)<=0,"택가보정 ","")&IF(N(F511)<=0,"원가보정 ","")&IF(AND(B511<>"CN",N(H511)<=0),"공급가보정 ","")&IF(AND(B511="CN",N(I511)<=0),"중국공급가=원가+마진 ","")) | Q511: =IF(SUMIFS($W:$W,$A:$A,A511,$C:$C,C511)=0,0,SUMIFS(RAW_판매펀칭!$K:$K,RAW_판매펀칭!$P:$P,A511,RAW_판매펀칭!$I:$I,C511)*W511/SUMIFS($W:$W,$A:$A,A511,$C:$C,C511)) -> 120 | R511: =IF(OR(A511="500",A511="800",A511="810"),0,MAX(W511-Q511,0)) -> 0 | S511: =R511*L511 -> 0 | T511: =R511*J511 -> 0 | U511: =R511*K511 -> 0 | V511: =IF(COUNTIFS($A$2:A511,A511,$C$2:C511,C511,$D$2:D511,D511)>1,"중복","") | W511: =IF(V511="중복",0,N(D511)) -> 120 | X511: =IF(COUNTIFS($A$2:A511,A511,$C$2:C511,C511)=1,ABS(SUMIFS(RAW_발주!$D:$D,RAW_발주!$C:$C,A511,RAW_발주!$A:$A,C511)-SUMIFS($W:$W,$A:$A,A511,$C:$C,C511)),0) -> 0
A512: 100 | B512: =IF(A512="100","HK",IF(A512="200","CN",IF(A512="300","TW","홀세일"))) -> HK | C512: N262USI010 | D512: 300 | E512: 59000 | F512: 15500 | G512: 3.39 | H512: 17.1 | J512: =IF(N(E512)>0,E512,IF(N(F512)>0,F512*요약!$F$27,0)) -> 59000 | K512: =IF(N(F512)>0,F512,IF(N(E512)>0,E512/요약!$F$27,0)) -> 15500 | L512: =IF(B512="CN",IF(N(I512)>0,I512*요약!$G$27,K512*(1+요약!$E$27)),IF(N(H512)>0,H512*요약!$G$27,J512*요약!$D$27)) -> 22572 | M512: =D512*J512 -> 17700000 | N512: =D512*K512 -> 4650000 | O512: =D512*L512 -> 6771600 | P512: =TRIM(IF(N(E512)<=0,"택가보정 ","")&IF(N(F512)<=0,"원가보정 ","")&IF(AND(B512<>"CN",N(H512)<=0),"공급가보정 ","")&IF(AND(B512="CN",N(I512)<=0),"중국공급가=원가+마진 ","")) | Q512: =IF(SUMIFS($W:$W,$A:$A,A512,$C:$C,C512)=0,0,SUMIFS(RAW_판매펀칭!$K:$K,RAW_판매펀칭!$P:$P,A512,RAW_판매펀칭!$I:$I,C512)*W512/SUMIFS($W:$W,$A:$A,A512,$C:$C,C512)) -> 0 | R512: =IF(OR(A512="500",A512="800",A512="810"),0,MAX(W512-Q512,0)) -> 300 | S512: =R512*L512 -> 6771600 | T512: =R512*J512 -> 17700000 | U512: =R512*K512 -> 4650000 | V512: =IF(COUNTIFS($A$2:A512,A512,$C$2:C512,C512,$D$2:D512,D512)>1,"중복","") | W512: =IF(V512="중복",0,N(D512)) -> 300 | X512: =IF(COUNTIFS($A$2:A512,A512,$C$2:C512,C512)=1,ABS(SUMIFS(RAW_발주!$D:$D,RAW_발주!$C:$C,A512,RAW_발주!$A:$A,C512)-SUMIFS($W:$W,$A:$A,A512,$C:$C,C512)),0) -> 0
... A625: 500 | B625: =IF(A625="100","HK",IF(A625="200","CN",IF(A625="300","TW","홀세일"))) -> 홀세일 | C625: N262WSD020 | D625: 30 | E625: 109000 | F625: 28300 | G625: 3.41 | H625: 31.5 | J625: =IF(N(E625)>0,E625,IF(N(F625)>0,F625*요약!$F$27,0)) -> 109000 | K625: =IF(N(F625)>0,F625,IF(N(E625)>0,E625/요약!$F$27,0)) -> 28300 | L625: =IF(B625="CN",IF(N(I625)>0,I625*요약!$G$27,K625*(1+요약!$E$27)),IF(N(H625)>0,H625*요약!$G$27,J625*요약!$D$27)) -> 41580 | M625: =D625*J625 -> 3270000 | N625: =D625*K625 -> 849000 | O625: =D625*L625 -> 1247400 | P625: =TRIM(IF(N(E625)<=0,"택가보정 ","")&IF(N(F625)<=0,"원가보정 ","")&IF(AND(B625<>"CN",N(H625)<=0),"공급가보정 ","")&IF(AND(B625="CN",N(I625)<=0),"중국공급가=원가+마진 ","")) | Q625: =IF(SUMIFS($W:$W,$A:$A,A625,$C:$C,C625)=0,0,SUMIFS(RAW_판매펀칭!$K:$K,RAW_판매펀칭!$P:$P,A625,RAW_판매펀칭!$I:$I,C625)*W625/SUMIFS($W:$W,$A:$A,A625,$C:$C,C625)) -> 0 | R625: =IF(OR(A625="500",A625="800",A625="810"),0,MAX(W625-Q625,0)) -> 0 | S625: =R625*L625 -> 0 | T625: =R625*J625 -> 0 | U625: =R625*K625 -> 0 | V625: =IF(COUNTIFS($A$2:A625,A625,$C$2:C625,C625,$D$2:D625,D625)>1,"중복","") | W625: =IF(V625="중복",0,N(D625)) -> 30 | X625: =IF(COUNTIFS($A$2:A625,A625,$C$2:C625,C625)=1,ABS(SUMIFS(RAW_발주!$D:$D,RAW_발주!$C:$C,A625,RAW_발주!$A:$A,C625)-SUMIFS($W:$W,$A:$A,A625,$C:$C,C625)),0) -> 0
A626: 100 | B626: =IF(A626="100","HK",IF(A626="200","CN",IF(A626="300","TW","홀세일"))) -> HK | C626: N263AAC010 | D626: 140 | E626: 39000 | F626: 7600 | G626: 4.22 | H626: 9.8 | I626: 0 | J626: =IF(N(E626)>0,E626,IF(N(F626)>0,F626*요약!$F$27,0)) -> 39000 | K626: =IF(N(F626)>0,F626,IF(N(E626)>0,E626/요약!$F$27,0)) -> 7600 | L626: =IF(B626="CN",IF(N(I626)>0,I626*요약!$G$27,K626*(1+요약!$E$27)),IF(N(H626)>0,H626*요약!$G$27,J626*요약!$D$27)) -> 12936 | M626: =D626*J626 -> 5460000 | N626: =D626*K626 -> 1064000 | O626: =D626*L626 -> 1811040 | P626: =TRIM(IF(N(E626)<=0,"택가보정 ","")&IF(N(F626)<=0,"원가보정 ","")&IF(AND(B626<>"CN",N(H626)<=0),"공급가보정 ","")&IF(AND(B626="CN",N(I626)<=0),"중국공급가=원가+마진 ","")) | Q626: =IF(SUMIFS($W:$W,$A:$A,A626,$C:$C,C626)=0,0,SUMIFS(RAW_판매펀칭!$K:$K,RAW_판매펀칭!$P:$P,A626,RAW_판매펀칭!$I:$I,C626)*W626/SUMIFS($W:$W,$A:$A,A626,$C:$C,C626)) -> 0 | R626: =IF(OR(A626="500",A626="800",A626="810"),0,MAX(W626-Q626,0)) -> 140 | S626: =R626*L626 -> 1811040 | T626: =R626*J626 -> 5460000 | U626: =R626*K626 -> 1064000 | V626: =IF(COUNTIFS($A$2:A626,A626,$C$2:C626,C626,$D$2:D626,D626)>1,"중복","") | W626: =IF(V626="중복",0,N(D626)) -> 140 | X626: =IF(COUNTIFS($A$2:A626,A626,$C$2:C626,C626)=1,ABS(SUMIFS(RAW_발주!$D:$D,RAW_발주!$C:$C,A626,RAW_발주!$A:$A,C626)-SUMIFS($W:$W,$A:$A,A626,$C:$C,C626)),0) -> 0
A627: 300 | B627: =IF(A627="100","HK",IF(A627="200","CN",IF(A627="300","TW","홀세일"))) -> TW | C627: N263AAC010 | D627: 300 | E627: 39000 | F627: 7600 | G627: 4.22 | H627: 9.8 | I627: 0 | J627: =IF(N(E627)>0,E627,IF(N(F627)>0,F627*요약!$F$27,0)) -> 39000 | K627: =IF(N(F627)>0,F627,IF(N(E627)>0,E627/요약!$F$27,0)) -> 7600 | L627: =IF(B627="CN",IF(N(I627)>0,I627*요약!$G$27,K627*(1+요약!$E$27)),IF(N(H627)>0,H627*요약!$G$27,J627*요약!$D$27)) -> 12936 | M627: =D627*J627 -> 11700000 | N627: =D627*K627 -> 2280000 | O627: =D627*L627 -> 3880800 | P627: =TRIM(IF(N(E627)<=0,"택가보정 ","")&IF(N(F627)<=0,"원가보정 ","")&IF(AND(B627<>"CN",N(H627)<=0),"공급가보정 ","")&IF(AND(B627="CN",N(I627)<=0),"중국공급가=원가+마진 ","")) | Q627: =IF(SUMIFS($W:$W,$A:$A,A627,$C:$C,C627)=0,0,SUMIFS(RAW_판매펀칭!$K:$K,RAW_판매펀칭!$P:$P,A627,RAW_판매펀칭!$I:$I,C627)*W627/SUMIFS($W:$W,$A:$A,A627,$C:$C,C627)) -> 300 | R627: =IF(OR(A627="500",A627="800",A627="810"),0,MAX(W627-Q627,0)) -> 0 | S627: =R627*L627 -> 0 | T627: =R627*J627 -> 0 | U627: =R627*K627 -> 0 | V627: =IF(COUNTIFS($A$2:A627,A627,$C$2:C627,C627,$D$2:D627,D627)>1,"중복","") | W627: =IF(V627="중복",0,N(D627)) -> 300 | X627: =IF(COUNTIFS($A$2:A627,A627,$C$2:C627,C627)=1,ABS(SUMIFS(RAW_발주!$D:$D,RAW_발주!$C:$C,A627,RAW_발주!$A:$A,C627)-SUMIFS($W:$W,$A:$A,A627,$C:$C,C627)),0) -> 0
A628: 600 | B628: =IF(A628="100","HK",IF(A628="200","CN",IF(A628="300","TW","홀세일"))) -> 홀세일 | C628: N263AAC010 | D628: 35 | E628: 39000 | F628: 7600 | G628: 4.22 | H628: 9.8 | I628: 0 | J628: =IF(N(E628)>0,E628,IF(N(F628)>0,F628*요약!$F$27,0)) -> 39000 | K628: =IF(N(F628)>0,F628,IF(N(E628)>0,E628/요약!$F$27,0)) -> 7600 | L628: =IF(B628="CN",IF(N(I628)>0,I628*요약!$G$27,K628*(1+요약!$E$27)),IF(N(H628)>0,H628*요약!$G$27,J628*요약!$D$27)) -> 12936 | M628: =D628*J628 -> 1365000 | N628: =D628*K628 -> 266000 | O628: =D628*L628 -> 452760 | P628: =TRIM(IF(N(E628)<=0,"택가보정 ","")&IF(N(F628)<=0,"원가보정 ","")&IF(AND(B628<>"CN",N(H628)<=0),"공급가보정 ","")&IF(AND(B628="CN",N(I628)<=0),"중국공급가=원가+마진 ","")) | Q628: =IF(SUMIFS($W:$W,$A:$A,A628,$C:$C,C628)=0,0,SUMIFS(RAW_판매펀칭!$K:$K,RAW_판매펀칭!$P:$P,A628,RAW_판매펀칭!$I:$I,C628)*W628/SUMIFS($W:$W,$A:$A,A628,$C:$C,C628)) -> 0 | R628: =IF(OR(A628="500",A628="800",A628="810"),0,MAX(W628-Q628,0)) -> 35 | S628: =R628*L628 -> 452760 | T628: =R628*J628 -> 1365000 | U628: =R628*K628 -> 266000 | V628: =IF(COUNTIFS($A$2:A628,A628,$C$2:C628,C628,$D$2:D628,D628)>1,"중복","") | W628: =IF(V628="중복",0,N(D628)) -> 35 | X628: =IF(COUNTIFS($A$2:A628,A628,$C$2:C628,C628)=1,ABS(SUMIFS(RAW_발주!$D:$D,RAW_발주!$C:$C,A628,RAW_발주!$A:$A,C628)-SUMIFS($W:$W,$A:$A,A628,$C:$C,C628)),0) -> 0
A629: 700 | B629: =IF(A629="100","HK",IF(A629="200","CN",IF(A629="300","TW","홀세일"))) -> 홀세일 | C629: N263AAC010 | D629: 152 | E629: 39000 | F629: 7600 | G629: 4.22 | H629: 9.8 | I629: 0 | J629: =IF(N(E629)>0,E629,IF(N(F629)>0,F629*요약!$F$27,0)) -> 39000 | K629: =IF(N(F629)>0,F629,IF(N(E629)>0,E629/요약!$F$27,0)) -> 7600 | L629: =IF(B629="CN",IF(N(I629)>0,I629*요약!$G$27,K629*(1+요약!$E$27)),IF(N(H629)>0,H629*요약!$G$27,J629*요약!$D$27)) -> 12936 | M629: =D629*J629 -> 5928000 | N629: =D629*K629 -> 1155200 | O629: =D629*L629 -> 1966272 | P629: =TRIM(IF(N(E629)<=0,"택가보정 ","")&IF(N(F629)<=0,"원가보정 ","")&IF(AND(B629<>"CN",N(H629)<=0),"공급가보정 ","")&IF(AND(B629="CN",N(I629)<=0),"중국공급가=원가+마진 ","")) | Q629: =IF(SUMIFS($W:$W,$A:$A,A629,$C:$C,C629)=0,0,SUMIFS(RAW_판매펀칭!$K:$K,RAW_판매펀칭!$P:$P,A629,RAW_판매펀칭!$I:$I,C629)*W629/SUMIFS($W:$W,$A:$A,A629,$C:$C,C629)) -> 0 | R629: =IF(OR(A629="500",A629="800",A629="810"),0,MAX(W629-Q629,0)) -> 152 | S629: =R629*L629 -> 1966272 | T629: =R629*J629 -> 5928000 | U629: =R629*K629 -> 1155200 | V629: =IF(COUNTIFS($A$2:A629,A629,$C$2:C629,C629,$D$2:D629,D629)>1,"중복","") | W629: =IF(V629="중복",0,N(D629)) -> 152 | X629: =IF(COUNTIFS($A$2:A629,A629,$C$2:C629,C629)=1,ABS(SUMIFS(RAW_발주!$D:$D,RAW_발주!$C:$C,A629,RAW_발주!$A:$A,C629)-SUMIFS($W:$W,$A:$A,A629,$C:$C,C629)),0) -> 0
A630: 800 | B630: =IF(A630="100","HK",IF(A630="200","CN",IF(A630="300","TW","홀세일"))) -> 홀세일 | C630: N263AAC010 | D630: 20 | E630: 39000 | F630: 7600 | G630: 4.22 | H630: 9.8 | I630: 0 | J630: =IF(N(E630)>0,E630,IF(N(F630)>0,F630*요약!$F$27,0)) -> 39000 | K630: =IF(N(F630)>0,F630,IF(N(E630)>0,E630/요약!$F$27,0)) -> 7600 | L630: =IF(B630="CN",IF(N(I630)>0,I630*요약!$G$27,K630*(1+요약!$E$27)),IF(N(H630)>0,H630*요약!$G$27,J630*요약!$D$27)) -> 12936 | M630: =D630*J630 -> 780000 | N630: =D630*K630 -> 152000 | O630: =D630*L630 -> 258720 | P630: =TRIM(IF(N(E630)<=0,"택가보정 ","")&IF(N(F630)<=0,"원가보정 ","")&IF(AND(B630<>"CN",N(H630)<=0),"공급가보정 ","")&IF(AND(B630="CN",N(I630)<=0),"중국공급가=원가+마진 ","")) | Q630: =IF(SUMIFS($W:$W,$A:$A,A630,$C:$C,C630)=0,0,SUMIFS(RAW_판매펀칭!$K:$K,RAW_판매펀칭!$P:$P,A630,RAW_판매펀칭!$I:$I,C630)*W630/SUMIFS($W:$W,$A:$A,A630,$C:$C,C630)) -> 0 | R630: =IF(OR(A630="500",A630="800",A630="810"),0,MAX(W630-Q630,0)) -> 0 | S630: =R630*L630 -> 0 | T630: =R630*J630 -> 0 | U630: =R630*K630 -> 0 | V630: =IF(COUNTIFS($A$2:A630,A630,$C$2:C630,C630,$D$2:D630,D630)>1,"중복","") | W630: =IF(V630="중복",0,N(D630)) -> 20 | X630: =IF(COUNTIFS($A$2:A630,A630,$C$2:C630,C630)=1,ABS(SUMIFS(RAW_발주!$D:$D,RAW_발주!$C:$C,A630,RAW_발주!$A:$A,C630)-SUMIFS($W:$W,$A:$A,A630,$C:$C,C630)),0) -> 0
A631: 100 | B631: =IF(A631="100","HK",IF(A631="200","CN",IF(A631="300","TW","홀세일"))) -> HK | C631: N263ABG010 | D631: 140 | E631: 159000 | F631: 35833 | G631: 3.86 | H631: 39.8 | I631: 30.2 | J631: =IF(N(E631)>0,E631,IF(N(F631)>0,F631*요약!$F$27,0)) -> 159000 | K631: =IF(N(F631)>0,F631,IF(N(E631)>0,E631/요약!$F$27,0)) -> 35833 | L631: =IF(B631="CN",IF(N(I631)>0,I631*요약!$G$27,K631*(1+요약!$E$27)),IF(N(H631)>0,H631*요약!$G$27,J631*요약!$D$27)) -> 52536 | M631: =D631*J631 -> 22260000 | N631: =D631*K631 -> 5016620 | O631: =D631*L631 -> 7355040 | P631: =TRIM(IF(N(E631)<=0,"택가보정 ","")&IF(N(F631)<=0,"원가보정 ","")&IF(AND(B631<>"CN",N(H631)<=0),"공급가보정 ","")&IF(AND(B631="CN",N(I631)<=0),"중국공급가=원가+마진 ","")) | Q631: =IF(SUMIFS($W:$W,$A:$A,A631,$C:$C,C631)=0,0,SUMIFS(RAW_판매펀칭!$K:$K,RAW_판매펀칭!$P:$P,A631,RAW_판매펀칭!$I:$I,C631)*W631/SUMIFS($W:$W,$A:$A,A631,$C:$C,C631)) -> 140 | R631: =IF(OR(A631="500",A631="800",A631="810"),0,MAX(W631-Q631,0)) -> 0 | S631: =R631*L631 -> 0 | T631: =R631*J631 -> 0 | U631: =R631*K631 -> 0 | V631: =IF(COUNTIFS($A$2:A631,A631,$C$2:C631,C631,$D$2:D631,D631)>1,"중복","") | W631: =IF(V631="중복",0,N(D631)) -> 140 | X631: =IF(COUNTIFS($A$2:A631,A631,$C$2:C631,C631)=1,ABS(SUMIFS(RAW_발주!$D:$D,RAW_발주!$C:$C,A631,RAW_발주!$A:$A,C631)-SUMIFS($W:$W,$A:$A,A631,$C:$C,C631)),0) -> 0
A632: 200 | B632: =IF(A632="100","HK",IF(A632="200","CN",IF(A632="300","TW","홀세일"))) -> CN | C632: N263ABG010 | D632: 51 | E632: 159000 | F632: 35833 | G632: 3.86 | H632: 39.8 | I632: 30.2 | J632: =IF(N(E632)>0,E632,IF(N(F632)>0,F632*요약!$F$27,0)) -> 159000 | K632: =IF(N(F632)>0,F632,IF(N(E632)>0,E632/요약!$F$27,0)) -> 35833 | L632: =IF(B632="CN",IF(N(I632)>0,I632*요약!$G$27,K632*(1+요약!$E$27)),IF(N(H632)>0,H632*요약!$G$27,J632*요약!$D$27)) -> 39864 | M632: =D632*J632 -> 8109000 | N632: =D632*K632 -> 1827483 | O632: =D632*L632 -> 2033064 | P632: =TRIM(IF(N(E632)<=0,"택가보정 ","")&IF(N(F632)<=0,"원가보정 ","")&IF(AND(B632<>"CN",N(H632)<=0),"공급가보정 ","")&IF(AND(B632="CN",N(I632)<=0),"중국공급가=원가+마진 ","")) | Q632: =IF(SUMIFS($W:$W,$A:$A,A632,$C:$C,C632)=0,0,SUMIFS(RAW_판매펀칭!$K:$K,RAW_판매펀칭!$P:$P,A632,RAW_판매펀칭!$I:$I,C632)*W632/SUMIFS($W:$W,$A:$A,A632,$C:$C,C632)) -> 51 | R632: =IF(OR(A632="500",A632="800",A632="810"),0,MAX(W632-Q632,0)) -> 0 | S632: =R632*L632 -> 0 | T632: =R632*J632 -> 0 | U632: =R632*K632 -> 0 | V632: =IF(COUNTIFS($A$2:A632,A632,$C$2:C632,C632,$D$2:D632,D632)>1,"중복","") | W632: =IF(V632="중복",0,N(D632)) -> 51 | X632: =IF(COUNTIFS($A$2:A632,A632,$C$2:C632,C632)=1,ABS(SUMIFS(RAW_발주!$D:$D,RAW_발주!$C:$C,A632,RAW_발주!$A:$A,C632)-SUMIFS($W:$W,$A:$A,A632,$C:$C,C632)),0) -> 0
A633: 300 | B633: =IF(A633="100","HK",IF(A633="200","CN",IF(A633="300","TW","홀세일"))) -> TW | C633: N263ABG010 | D633: 100 | E633: 159000 | F633: 35833 | G633: 3.86 | H633: 39.8 | I633: 30.2 | J633: =IF(N(E633)>0,E633,IF(N(F633)>0,F633*요약!$F$27,0)) -> 159000 | K633: =IF(N(F633)>0,F633,IF(N(E633)>0,E633/요약!$F$27,0)) -> 35833 | L633: =IF(B633="CN",IF(N(I633)>0,I633*요약!$G$27,K633*(1+요약!$E$27)),IF(N(H633)>0,H633*요약!$G$27,J633*요약!$D$27)) -> 52536 | M633: =D633*J633 -> 15900000 | N633: =D633*K633 -> 3583300 | O633: =D633*L633 -> 5253600 | P633: =TRIM(IF(N(E633)<=0,"택가보정 ","")&IF(N(F633)<=0,"원가보정 ","")&IF(AND(B633<>"CN",N(H633)<=0),"공급가보정 ","")&IF(AND(B633="CN",N(I633)<=0),"중국공급가=원가+마진 ","")) | Q633: =IF(SUMIFS($W:$W,$A:$A,A633,$C:$C,C633)=0,0,SUMIFS(RAW_판매펀칭!$K:$K,RAW_판매펀칭!$P:$P,A633,RAW_판매펀칭!$I:$I,C633)*W633/SUMIFS($W:$W,$A:$A,A633,$C:$C,C633)) -> 100 | R633: =IF(OR(A633="500",A633="800",A633="810"),0,MAX(W633-Q633,0)) -> 0 | S633: =R633*L633 -> 0 | T633: =R633*J633 -> 0 | U633: =R633*K633 -> 0 | V633: =IF(COUNTIFS($A$2:A633,A633,$C$2:C633,C633,$D$2:D633,D633)>1,"중복","") | W633: =IF(V633="중복",0,N(D633)) -> 100 | X633: =IF(COUNTIFS($A$2:A633,A633,$C$2:C633,C633)=1,ABS(SUMIFS(RAW_발주!$D:$D,RAW_발주!$C:$C,A633,RAW_발주!$A:$A,C633)-SUMIFS($W:$W,$A:$A,A633,$C:$C,C633)),0) -> 0
A634: 500 | B634: =IF(A634="100","HK",IF(A634="200","CN",IF(A634="300","TW","홀세일"))) -> 홀세일 | C634: N263ABG010 | D634: 240 | E634: 159000 | F634: 35833 | G634: 3.86 | H634: 39.8 | I634: 30.2 | J634: =IF(N(E634)>0,E634,IF(N(F634)>0,F634*요약!$F$27,0)) -> 159000 | K634: =IF(N(F634)>0,F634,IF(N(E634)>0,E634/요약!$F$27,0)) -> 35833 | L634: =IF(B634="CN",IF(N(I634)>0,I634*요약!$G$27,K634*(1+요약!$E$27)),IF(N(H634)>0,H634*요약!$G$27,J634*요약!$D$27)) -> 52536 | M634: =D634*J634 -> 38160000 | N634: =D634*K634 -> 8599920 | O634: =D634*L634 -> 12608640 | P634: =TRIM(IF(N(E634)<=0,"택가보정 ","")&IF(N(F634)<=0,"원가보정 ","")&IF(AND(B634<>"CN",N(H634)<=0),"공급가보정 ","")&IF(AND(B634="CN",N(I634)<=0),"중국공급가=원가+마진 ","")) | Q634: =IF(SUMIFS($W:$W,$A:$A,A634,$C:$C,C634)=0,0,SUMIFS(RAW_판매펀칭!$K:$K,RAW_판매펀칭!$P:$P,A634,RAW_판매펀칭!$I:$I,C634)*W634/SUMIFS($W:$W,$A:$A,A634,$C:$C,C634)) -> 0 | R634: =IF(OR(A634="500",A634="800",A634="810"),0,MAX(W634-Q634,0)) -> 0 | S634: =R634*L634 -> 0 | T634: =R634*J634 -> 0 | U634: =R634*K634 -> 0 | V634: =IF(COUNTIFS($A$2:A634,A634,$C$2:C634,C634,$D$2:D634,D634)>1,"중복","") | W634: =IF(V634="중복",0,N(D634)) -> 240 | X634: =IF(COUNTIFS($A$2:A634,A634,$C$2:C634,C634)=1,ABS(SUMIFS(RAW_발주!$D:$D,RAW_발주!$C:$C,A634,RAW_발주!$A:$A,C634)-SUMIFS($W:$W,$A:$A,A634,$C:$C,C634)),0) -> 0
A635: 600 | B635: =IF(A635="100","HK",IF(A635="200","CN",IF(A635="300","TW","홀세일"))) -> 홀세일 | C635: N263ABG010 | D635: 50 | E635: 159000 | F635: 35833 | G635: 3.86 | H635: 39.8 | I635: 30.2 | J635: =IF(N(E635)>0,E635,IF(N(F635)>0,F635*요약!$F$27,0)) -> 159000 | K635: =IF(N(F635)>0,F635,IF(N(E635)>0,E635/요약!$F$27,0)) -> 35833 | L635: =IF(B635="CN",IF(N(I635)>0,I635*요약!$G$27,K635*(1+요약!$E$27)),IF(N(H635)>0,H635*요약!$G$27,J635*요약!$D$27)) -> 52536 | M635: =D635*J635 -> 7950000 | N635: =D635*K635 -> 1791650 | O635: =D635*L635 -> 2626800 | P635: =TRIM(IF(N(E635)<=0,"택가보정 ","")&IF(N(F635)<=0,"원가보정 ","")&IF(AND(B635<>"CN",N(H635)<=0),"공급가보정 ","")&IF(AND(B635="CN",N(I635)<=0),"중국공급가=원가+마진 ","")) | Q635: =IF(SUMIFS($W:$W,$A:$A,A635,$C:$C,C635)=0,0,SUMIFS(RAW_판매펀칭!$K:$K,RAW_판매펀칭!$P:$P,A635,RAW_판매펀칭!$I:$I,C635)*W635/SUMIFS($W:$W,$A:$A,A635,$C:$C,C635)) -> 50 | R635: =IF(OR(A635="500",A635="800",A635="810"),0,MAX(W635-Q635,0)) -> 0 | S635: =R635*L635 -> 0 | T635: =R635*J635 -> 0 | U635: =R635*K635 -> 0 | V635: =IF(COUNTIFS($A$2:A635,A635,$C$2:C635,C635,$D$2:D635,D635)>1,"중복","") | W635: =IF(V635="중복",0,N(D635)) -> 50 | X635: =IF(COUNTIFS($A$2:A635,A635,$C$2:C635,C635)=1,ABS(SUMIFS(RAW_발주!$D:$D,RAW_발주!$C:$C,A635,RAW_발주!$A:$A,C635)-SUMIFS($W:$W,$A:$A,A635,$C:$C,C635)),0) -> 0
A636: 800 | B636: =IF(A636="100","HK",IF(A636="200","CN",IF(A636="300","TW","홀세일"))) -> 홀세일 | C636: N263ABG010 | D636: 30 | E636: 159000 | F636: 35833 | G636: 3.86 | H636: 39.8 | I636: 30.2 | J636: =IF(N(E636)>0,E636,IF(N(F636)>0,F636*요약!$F$27,0)) -> 159000 | K636: =IF(N(F636)>0,F636,IF(N(E636)>0,E636/요약!$F$27,0)) -> 35833 | L636: =IF(B636="CN",IF(N(I636)>0,I636*요약!$G$27,K636*(1+요약!$E$27)),IF(N(H636)>0,H636*요약!$G$27,J636*요약!$D$27)) -> 52536 | M636: =D636*J636 -> 4770000 | N636: =D636*K636 -> 1074990 | O636: =D636*L636 -> 1576080 | P636: =TRIM(IF(N(E636)<=0,"택가보정 ","")&IF(N(F636)<=0,"원가보정 ","")&IF(AND(B636<>"CN",N(H636)<=0),"공급가보정 ","")&IF(AND(B636="CN",N(I636)<=0),"중국공급가=원가+마진 ","")) | Q636: =IF(SUMIFS($W:$W,$A:$A,A636,$C:$C,C636)=0,0,SUMIFS(RAW_판매펀칭!$K:$K,RAW_판매펀칭!$P:$P,A636,RAW_판매펀칭!$I:$I,C636)*W636/SUMIFS($W:$W,$A:$A,A636,$C:$C,C636)) -> 0 | R636: =IF(OR(A636="500",A636="800",A636="810"),0,MAX(W636-Q636,0)) -> 0 | S636: =R636*L636 -> 0 | T636: =R636*J636 -> 0 | U636: =R636*K636 -> 0 | V636: =IF(COUNTIFS($A$2:A636,A636,$C$2:C636,C636,$D$2:D636,D636)>1,"중복","") | W636: =IF(V636="중복",0,N(D636)) -> 30 | X636: =IF(COUNTIFS($A$2:A636,A636,$C$2:C636,C636)=1,ABS(SUMIFS(RAW_발주!$D:$D,RAW_발주!$C:$C,A636,RAW_발주!$A:$A,C636)-SUMIFS($W:$W,$A:$A,A636,$C:$C,C636)),0) -> 0
A637: 810 | B637: =IF(A637="100","HK",IF(A637="200","CN",IF(A637="300","TW","홀세일"))) -> 홀세일 | C637: N263ABG010 | D637: 48 | E637: 159000 | F637: 35833 | G637: 3.86 | H637: 39.8 | I637: 30.2 | J637: =IF(N(E637)>0,E637,IF(N(F637)>0,F637*요약!$F$27,0)) -> 159000 | K637: =IF(N(F637)>0,F637,IF(N(E637)>0,E637/요약!$F$27,0)) -> 35833 | L637: =IF(B637="CN",IF(N(I637)>0,I637*요약!$G$27,K637*(1+요약!$E$27)),IF(N(H637)>0,H637*요약!$G$27,J637*요약!$D$27)) -> 52536 | M637: =D637*J637 -> 7632000 | N637: =D637*K637 -> 1719984 | O637: =D637*L637 -> 2521728 | P637: =TRIM(IF(N(E637)<=0,"택가보정 ","")&IF(N(F637)<=0,"원가보정 ","")&IF(AND(B637<>"CN",N(H637)<=0),"공급가보정 ","")&IF(AND(B637="CN",N(I637)<=0),"중국공급가=원가+마진 ","")) | Q637: =IF(SUMIFS($W:$W,$A:$A,A637,$C:$C,C637)=0,0,SUMIFS(RAW_판매펀칭!$K:$K,RAW_판매펀칭!$P:$P,A637,RAW_판매펀칭!$I:$I,C637)*W637/SUMIFS($W:$W,$A:$A,A637,$C:$C,C637)) -> 0 | R637: =IF(OR(A637="500",A637="800",A637="810"),0,MAX(W637-Q637,0)) -> 0 | S637: =R637*L637 -> 0 | T637: =R637*J637 -> 0 | U637: =R637*K637 -> 0 | V637: =IF(COUNTIFS($A$2:A637,A637,$C$2:C637,C637,$D$2:D637,D637)>1,"중복","") | W637: =IF(V637="중복",0,N(D637)) -> 48 | X637: =IF(COUNTIFS($A$2:A637,A637,$C$2:C637,C637)=1,ABS(SUMIFS(RAW_발주!$D:$D,RAW_발주!$C:$C,A637,RAW_발주!$A:$A,C637)-SUMIFS($W:$W,$A:$A,A637,$C:$C,C637)),0) -> 0
... A795: 830 | B795: =IF(A795="100","HK",IF(A795="200","CN",IF(A795="300","TW","홀세일"))) -> 홀세일 | C795: N263UPT220 | D795: 45 | E795: 139000 | F795: 28900 | G795: 3.72 | H795: 32.7 | I795: 0 | J795: =IF(N(E795)>0,E795,IF(N(F795)>0,F795*요약!$F$27,0)) -> 139000 | K795: =IF(N(F795)>0,F795,IF(N(E795)>0,E795/요약!$F$27,0)) -> 28900 | L795: =IF(B795="CN",IF(N(I795)>0,I795*요약!$G$27,K795*(1+요약!$E$27)),IF(N(H795)>0,H795*요약!$G$27,J795*요약!$D$27)) -> 43164 | M795: =D795*J795 -> 6255000 | N795: =D795*K795 -> 1300500 | O795: =D795*L795 -> 1942380 | P795: =TRIM(IF(N(E795)<=0,"택가보정 ","")&IF(N(F795)<=0,"원가보정 ","")&IF(AND(B795<>"CN",N(H795)<=0),"공급가보정 ","")&IF(AND(B795="CN",N(I795)<=0),"중국공급가=원가+마진 ","")) | Q795: =IF(SUMIFS($W:$W,$A:$A,A795,$C:$C,C795)=0,0,SUMIFS(RAW_판매펀칭!$K:$K,RAW_판매펀칭!$P:$P,A795,RAW_판매펀칭!$I:$I,C795)*W795/SUMIFS($W:$W,$A:$A,A795,$C:$C,C795)) -> 45 | R795: =IF(OR(A795="500",A795="800",A795="810"),0,MAX(W795-Q795,0)) -> 0 | S795: =R795*L795 -> 0 | T795: =R795*J795 -> 0 | U795: =R795*K795 -> 0 | V795: =IF(COUNTIFS($A$2:A795,A795,$C$2:C795,C795,$D$2:D795,D795)>1,"중복","") | W795: =IF(V795="중복",0,N(D795)) -> 45 | X795: =IF(COUNTIFS($A$2:A795,A795,$C$2:C795,C795)=1,ABS(SUMIFS(RAW_발주!$D:$D,RAW_발주!$C:$C,A795,RAW_발주!$A:$A,C795)-SUMIFS($W:$W,$A:$A,A795,$C:$C,C795)),0) -> 0
A796: 200 | B796: =IF(A796="100","HK",IF(A796="200","CN",IF(A796="300","TW","홀세일"))) -> CN | C796: N263UPT902 | D796: 397 | E796: 159000 | F796: 43604 | G796: 0 | I796: 34.8 | J796: =IF(N(E796)>0,E796,IF(N(F796)>0,F796*요약!$F$27,0)) -> 159000 | K796: =IF(N(F796)>0,F796,IF(N(E796)>0,E796/요약!$F$27,0)) -> 43604 | L796: =IF(B796="CN",IF(N(I796)>0,I796*요약!$G$27,K796*(1+요약!$E$27)),IF(N(H796)>0,H796*요약!$G$27,J796*요약!$D$27)) -> 45936 | M796: =D796*J796 -> 63123000 | N796: =D796*K796 -> 17310788 | O796: =D796*L796 -> 18236592 | P796: =TRIM(IF(N(E796)<=0,"택가보정 ","")&IF(N(F796)<=0,"원가보정 ","")&IF(AND(B796<>"CN",N(H796)<=0),"공급가보정 ","")&IF(AND(B796="CN",N(I796)<=0),"중국공급가=원가+마진 ","")) | Q796: =IF(SUMIFS($W:$W,$A:$A,A796,$C:$C,C796)=0,0,SUMIFS(RAW_판매펀칭!$K:$K,RAW_판매펀칭!$P:$P,A796,RAW_판매펀칭!$I:$I,C796)*W796/SUMIFS($W:$W,$A:$A,A796,$C:$C,C796)) -> 397 | R796: =IF(OR(A796="500",A796="800",A796="810"),0,MAX(W796-Q796,0)) -> 0 | S796: =R796*L796 -> 0 | T796: =R796*J796 -> 0 | U796: =R796*K796 -> 0 | V796: =IF(COUNTIFS($A$2:A796,A796,$C$2:C796,C796,$D$2:D796,D796)>1,"중복","") | W796: =IF(V796="중복",0,N(D796)) -> 397 | X796: =IF(COUNTIFS($A$2:A796,A796,$C$2:C796,C796)=1,ABS(SUMIFS(RAW_발주!$D:$D,RAW_발주!$C:$C,A796,RAW_발주!$A:$A,C796)-SUMIFS($W:$W,$A:$A,A796,$C:$C,C796)),0) -> 0
A797: 100 | B797: =IF(A797="100","HK",IF(A797="200","CN",IF(A797="300","TW","홀세일"))) -> HK | C797: N263UJP010 | D797: 210 | E797: 219000 | F797: 65100 | G797: 3.82 | H797: 54.9 | I797: 0 | J797: =IF(N(E797)>0,E797,IF(N(F797)>0,F797*요약!$F$27,0)) -> 219000 | K797: =IF(N(F797)>0,F797,IF(N(E797)>0,E797/요약!$F$27,0)) -> 65100 | L797: =IF(B797="CN",IF(N(I797)>0,I797*요약!$G$27,K797*(1+요약!$E$27)),IF(N(H797)>0,H797*요약!$G$27,J797*요약!$D$27)) -> 72468 | M797: =D797*J797 -> 45990000 | N797: =D797*K797 -> 13671000 | O797: =D797*L797 -> 15218280 | P797: =TRIM(IF(N(E797)<=0,"택가보정 ","")&IF(N(F797)<=0,"원가보정 ","")&IF(AND(B797<>"CN",N(H797)<=0),"공급가보정 ","")&IF(AND(B797="CN",N(I797)<=0),"중국공급가=원가+마진 ","")) | Q797: =IF(SUMIFS($W:$W,$A:$A,A797,$C:$C,C797)=0,0,SUMIFS(RAW_판매펀칭!$K:$K,RAW_판매펀칭!$P:$P,A797,RAW_판매펀칭!$I:$I,C797)*W797/SUMIFS($W:$W,$A:$A,A797,$C:$C,C797)) -> 210 | R797: =IF(OR(A797="500",A797="800",A797="810"),0,MAX(W797-Q797,0)) -> 0 | S797: =R797*L797 -> 0 | T797: =R797*J797 -> 0 | U797: =R797*K797 -> 0 | V797: =IF(COUNTIFS($A$2:A797,A797,$C$2:C797,C797,$D$2:D797,D797)>1,"중복","") | W797: =IF(V797="중복",0,N(D797)) -> 210 | X797: =IF(COUNTIFS($A$2:A797,A797,$C$2:C797,C797)=1,ABS(SUMIFS(RAW_발주!$D:$D,RAW_발주!$C:$C,A797,RAW_발주!$A:$A,C797)-SUMIFS($W:$W,$A:$A,A797,$C:$C,C797)),0) -> 0
A798: 600 | B798: =IF(A798="100","HK",IF(A798="200","CN",IF(A798="300","TW","홀세일"))) -> 홀세일 | C798: N263UJP010 | D798: 60 | E798: 219000 | F798: 65100 | G798: 3.82 | H798: 54.9 | I798: 0 | J798: =IF(N(E798)>0,E798,IF(N(F798)>0,F798*요약!$F$27,0)) -> 219000 | K798: =IF(N(F798)>0,F798,IF(N(E798)>0,E798/요약!$F$27,0)) -> 65100 | L798: =IF(B798="CN",IF(N(I798)>0,I798*요약!$G$27,K798*(1+요약!$E$27)),IF(N(H798)>0,H798*요약!$G$27,J798*요약!$D$27)) -> 72468 | M798: =D798*J798 -> 13140000 | N798: =D798*K798 -> 3906000 | O798: =D798*L798 -> 4348080 | P798: =TRIM(IF(N(E798)<=0,"택가보정 ","")&IF(N(F798)<=0,"원가보정 ","")&IF(AND(B798<>"CN",N(H798)<=0),"공급가보정 ","")&IF(AND(B798="CN",N(I798)<=0),"중국공급가=원가+마진 ","")) | Q798: =IF(SUMIFS($W:$W,$A:$A,A798,$C:$C,C798)=0,0,SUMIFS(RAW_판매펀칭!$K:$K,RAW_판매펀칭!$P:$P,A798,RAW_판매펀칭!$I:$I,C798)*W798/SUMIFS($W:$W,$A:$A,A798,$C:$C,C798)) -> 60 | R798: =IF(OR(A798="500",A798="800",A798="810"),0,MAX(W798-Q798,0)) -> 0 | S798: =R798*L798 -> 0 | T798: =R798*J798 -> 0 | U798: =R798*K798 -> 0 | V798: =IF(COUNTIFS($A$2:A798,A798,$C$2:C798,C798,$D$2:D798,D798)>1,"중복","") | W798: =IF(V798="중복",0,N(D798)) -> 60 | X798: =IF(COUNTIFS($A$2:A798,A798,$C$2:C798,C798)=1,ABS(SUMIFS(RAW_발주!$D:$D,RAW_발주!$C:$C,A798,RAW_발주!$A:$A,C798)-SUMIFS($W:$W,$A:$A,A798,$C:$C,C798)),0) -> 0
A799: 700 | B799: =IF(A799="100","HK",IF(A799="200","CN",IF(A799="300","TW","홀세일"))) -> 홀세일 | C799: N263UJP010 | D799: 192 | E799: 219000 | F799: 65100 | G799: 3.82 | H799: 54.9 | I799: 0 | J799: =IF(N(E799)>0,E799,IF(N(F799)>0,F799*요약!$F$27,0)) -> 219000 | K799: =IF(N(F799)>0,F799,IF(N(E799)>0,E799/요약!$F$27,0)) -> 65100 | L799: =IF(B799="CN",IF(N(I799)>0,I799*요약!$G$27,K799*(1+요약!$E$27)),IF(N(H799)>0,H799*요약!$G$27,J799*요약!$D$27)) -> 72468 | M799: =D799*J799 -> 42048000 | N799: =D799*K799 -> 12499200 | O799: =D799*L799 -> 13913856 | P799: =TRIM(IF(N(E799)<=0,"택가보정 ","")&IF(N(F799)<=0,"원가보정 ","")&IF(AND(B799<>"CN",N(H799)<=0),"공급가보정 ","")&IF(AND(B799="CN",N(I799)<=0),"중국공급가=원가+마진 ","")) | Q799: =IF(SUMIFS($W:$W,$A:$A,A799,$C:$C,C799)=0,0,SUMIFS(RAW_판매펀칭!$K:$K,RAW_판매펀칭!$P:$P,A799,RAW_판매펀칭!$I:$I,C799)*W799/SUMIFS($W:$W,$A:$A,A799,$C:$C,C799)) -> 190 | R799: =IF(OR(A799="500",A799="800",A799="810"),0,MAX(W799-Q799,0)) -> 2 | S799: =R799*L799 -> 144936 | T799: =R799*J799 -> 438000 | U799: =R799*K799 -> 130200 | V799: =IF(COUNTIFS($A$2:A799,A799,$C$2:C799,C799,$D$2:D799,D799)>1,"중복","") | W799: =IF(V799="중복",0,N(D799)) -> 192 | X799: =IF(COUNTIFS($A$2:A799,A799,$C$2:C799,C799)=1,ABS(SUMIFS(RAW_발주!$D:$D,RAW_발주!$C:$C,A799,RAW_발주!$A:$A,C799)-SUMIFS($W:$W,$A:$A,A799,$C:$C,C799)),0) -> 0
A800: 100 | B800: =IF(A800="100","HK",IF(A800="200","CN",IF(A800="300","TW","홀세일"))) -> HK | C800: N263UJP020 | D800: 210 | E800: 199000 | F800: 68700 | G800: 4.56 | H800: 49.8 | I800: 0 | J800: =IF(N(E800)>0,E800,IF(N(F800)>0,F800*요약!$F$27,0)) -> 199000 | K800: =IF(N(F800)>0,F800,IF(N(E800)>0,E800/요약!$F$27,0)) -> 68700 | L800: =IF(B800="CN",IF(N(I800)>0,I800*요약!$G$27,K800*(1+요약!$E$27)),IF(N(H800)>0,H800*요약!$G$27,J800*요약!$D$27)) -> 65736 | M800: =D800*J800 -> 41790000 | N800: =D800*K800 -> 14427000 | O800: =D800*L800 -> 13804560 | P800: =TRIM(IF(N(E800)<=0,"택가보정 ","")&IF(N(F800)<=0,"원가보정 ","")&IF(AND(B800<>"CN",N(H800)<=0),"공급가보정 ","")&IF(AND(B800="CN",N(I800)<=0),"중국공급가=원가+마진 ","")) | Q800: =IF(SUMIFS($W:$W,$A:$A,A800,$C:$C,C800)=0,0,SUMIFS(RAW_판매펀칭!$K:$K,RAW_판매펀칭!$P:$P,A800,RAW_판매펀칭!$I:$I,C800)*W800/SUMIFS($W:$W,$A:$A,A800,$C:$C,C800)) -> 210 | R800: =IF(OR(A800="500",A800="800",A800="810"),0,MAX(W800-Q800,0)) -> 0 | S800: =R800*L800 -> 0 | T800: =R800*J800 -> 0 | U800: =R800*K800 -> 0 | V800: =IF(COUNTIFS($A$2:A800,A800,$C$2:C800,C800,$D$2:D800,D800)>1,"중복","") | W800: =IF(V800="중복",0,N(D800)) -> 210 | X800: =IF(COUNTIFS($A$2:A800,A800,$C$2:C800,C800)=1,ABS(SUMIFS(RAW_발주!$D:$D,RAW_발주!$C:$C,A800,RAW_발주!$A:$A,C800)-SUMIFS($W:$W,$A:$A,A800,$C:$C,C800)),0) -> 0
A801: 300 | B801: =IF(A801="100","HK",IF(A801="200","CN",IF(A801="300","TW","홀세일"))) -> TW | C801: N263UJP020 | D801: 70 | E801: 199000 | F801: 68700 | G801: 4.56 | H801: 49.8 | I801: 0 | J801: =IF(N(E801)>0,E801,IF(N(F801)>0,F801*요약!$F$27,0)) -> 199000 | K801: =IF(N(F801)>0,F801,IF(N(E801)>0,E801/요약!$F$27,0)) -> 68700 | L801: =IF(B801="CN",IF(N(I801)>0,I801*요약!$G$27,K801*(1+요약!$E$27)),IF(N(H801)>0,H801*요약!$G$27,J801*요약!$D$27)) -> 65736 | M801: =D801*J801 -> 13930000 | N801: =D801*K801 -> 4809000 | O801: =D801*L801 -> 4601520 | P801: =TRIM(IF(N(E801)<=0,"택가보정 ","")&IF(N(F801)<=0,"원가보정 ","")&IF(AND(B801<>"CN",N(H801)<=0),"공급가보정 ","")&IF(AND(B801="CN",N(I801)<=0),"중국공급가=원가+마진 ","")) | Q801: =IF(SUMIFS($W:$W,$A:$A,A801,$C:$C,C801)=0,0,SUMIFS(RAW_판매펀칭!$K:$K,RAW_판매펀칭!$P:$P,A801,RAW_판매펀칭!$I:$I,C801)*W801/SUMIFS($W:$W,$A:$A,A801,$C:$C,C801)) -> 70 | R801: =IF(OR(A801="500",A801="800",A801="810"),0,MAX(W801-Q801,0)) -> 0 | S801: =R801*L801 -> 0 | T801: =R801*J801 -> 0 | U801: =R801*K801 -> 0 | V801: =IF(COUNTIFS($A$2:A801,A801,$C$2:C801,C801,$D$2:D801,D801)>1,"중복","") | W801: =IF(V801="중복",0,N(D801)) -> 70 | X801: =IF(COUNTIFS($A$2:A801,A801,$C$2:C801,C801)=1,ABS(SUMIFS(RAW_발주!$D:$D,RAW_발주!$C:$C,A801,RAW_발주!$A:$A,C801)-SUMIFS($W:$W,$A:$A,A801,$C:$C,C801)),0) -> 0
A802: 500 | B802: =IF(A802="100","HK",IF(A802="200","CN",IF(A802="300","TW","홀세일"))) -> 홀세일 | C802: N263UJP020 | D802: 220 | E802: 199000 | F802: 68700 | G802: 4.56 | H802: 49.8 | I802: 0 | J802: =IF(N(E802)>0,E802,IF(N(F802)>0,F802*요약!$F$27,0)) -> 199000 | K802: =IF(N(F802)>0,F802,IF(N(E802)>0,E802/요약!$F$27,0)) -> 68700 | L802: =IF(B802="CN",IF(N(I802)>0,I802*요약!$G$27,K802*(1+요약!$E$27)),IF(N(H802)>0,H802*요약!$G$27,J802*요약!$D$27)) -> 65736 | M802: =D802*J802 -> 43780000 | N802: =D802*K802 -> 15114000 | O802: =D802*L802 -> 14461920 | P802: =TRIM(IF(N(E802)<=0,"택가보정 ","")&IF(N(F802)<=0,"원가보정 ","")&IF(AND(B802<>"CN",N(H802)<=0),"공급가보정 ","")&IF(AND(B802="CN",N(I802)<=0),"중국공급가=원가+마진 ","")) | Q802: =IF(SUMIFS($W:$W,$A:$A,A802,$C:$C,C802)=0,0,SUMIFS(RAW_판매펀칭!$K:$K,RAW_판매펀칭!$P:$P,A802,RAW_판매펀칭!$I:$I,C802)*W802/SUMIFS($W:$W,$A:$A,A802,$C:$C,C802)) -> 0 | R802: =IF(OR(A802="500",A802="800",A802="810"),0,MAX(W802-Q802,0)) -> 0 | S802: =R802*L802 -> 0 | T802: =R802*J802 -> 0 | U802: =R802*K802 -> 0 | V802: =IF(COUNTIFS($A$2:A802,A802,$C$2:C802,C802,$D$2:D802,D802)>1,"중복","") | W802: =IF(V802="중복",0,N(D802)) -> 220 | X802: =IF(COUNTIFS($A$2:A802,A802,$C$2:C802,C802)=1,ABS(SUMIFS(RAW_발주!$D:$D,RAW_발주!$C:$C,A802,RAW_발주!$A:$A,C802)-SUMIFS($W:$W,$A:$A,A802,$C:$C,C802)),0) -> 0
A803: 830 | B803: =IF(A803="100","HK",IF(A803="200","CN",IF(A803="300","TW","홀세일"))) -> 홀세일 | C803: N263UJP020 | D803: 35 | E803: 199000 | F803: 68700 | G803: 4.56 | H803: 49.8 | I803: 0 | J803: =IF(N(E803)>0,E803,IF(N(F803)>0,F803*요약!$F$27,0)) -> 199000 | K803: =IF(N(F803)>0,F803,IF(N(E803)>0,E803/요약!$F$27,0)) -> 68700 | L803: =IF(B803="CN",IF(N(I803)>0,I803*요약!$G$27,K803*(1+요약!$E$27)),IF(N(H803)>0,H803*요약!$G$27,J803*요약!$D$27)) -> 65736 | M803: =D803*J803 -> 6965000 | N803: =D803*K803 -> 2404500 | O803: =D803*L803 -> 2300760 | P803: =TRIM(IF(N(E803)<=0,"택가보정 ","")&IF(N(F803)<=0,"원가보정 ","")&IF(AND(B803<>"CN",N(H803)<=0),"공급가보정 ","")&IF(AND(B803="CN",N(I803)<=0),"중국공급가=원가+마진 ","")) | Q803: =IF(SUMIFS($W:$W,$A:$A,A803,$C:$C,C803)=0,0,SUMIFS(RAW_판매펀칭!$K:$K,RAW_판매펀칭!$P:$P,A803,RAW_판매펀칭!$I:$I,C803)*W803/SUMIFS($W:$W,$A:$A,A803,$C:$C,C803)) -> 35 | R803: =IF(OR(A803="500",A803="800",A803="810"),0,MAX(W803-Q803,0)) -> 0 | S803: =R803*L803 -> 0 | T803: =R803*J803 -> 0 | U803: =R803*K803 -> 0 | V803: =IF(COUNTIFS($A$2:A803,A803,$C$2:C803,C803,$D$2:D803,D803)>1,"중복","") | W803: =IF(V803="중복",0,N(D803)) -> 35 | X803: =IF(COUNTIFS($A$2:A803,A803,$C$2:C803,C803)=1,ABS(SUMIFS(RAW_발주!$D:$D,RAW_발주!$C:$C,A803,RAW_발주!$A:$A,C803)-SUMIFS($W:$W,$A:$A,A803,$C:$C,C803)),0) -> 0
A804: 830 | B804: =IF(A804="100","HK",IF(A804="200","CN",IF(A804="300","TW","홀세일"))) -> 홀세일 | C804: N263UJP030 | D804: 30 | E804: 249000 | F804: 58200 | G804: 3.34 | H804: 62.4 | I804: 0 | J804: =IF(N(E804)>0,E804,IF(N(F804)>0,F804*요약!$F$27,0)) -> 249000 | K804: =IF(N(F804)>0,F804,IF(N(E804)>0,E804/요약!$F$27,0)) -> 58200 | L804: =IF(B804="CN",IF(N(I804)>0,I804*요약!$G$27,K804*(1+요약!$E$27)),IF(N(H804)>0,H804*요약!$G$27,J804*요약!$D$27)) -> 82368 | M804: =D804*J804 -> 7470000 | N804: =D804*K804 -> 1746000 | O804: =D804*L804 -> 2471040 | P804: =TRIM(IF(N(E804)<=0,"택가보정 ","")&IF(N(F804)<=0,"원가보정 ","")&IF(AND(B804<>"CN",N(H804)<=0),"공급가보정 ","")&IF(AND(B804="CN",N(I804)<=0),"중국공급가=원가+마진 ","")) | Q804: =IF(SUMIFS($W:$W,$A:$A,A804,$C:$C,C804)=0,0,SUMIFS(RAW_판매펀칭!$K:$K,RAW_판매펀칭!$P:$P,A804,RAW_판매펀칭!$I:$I,C804)*W804/SUMIFS($W:$W,$A:$A,A804,$C:$C,C804)) -> 30 | R804: =IF(OR(A804="500",A804="800",A804="810"),0,MAX(W804-Q804,0)) -> 0 | S804: =R804*L804 -> 0 | T804: =R804*J804 -> 0 | U804: =R804*K804 -> 0 | V804: =IF(COUNTIFS($A$2:A804,A804,$C$2:C804,C804,$D$2:D804,D804)>1,"중복","") | W804: =IF(V804="중복",0,N(D804)) -> 30 | X804: =IF(COUNTIFS($A$2:A804,A804,$C$2:C804,C804)=1,ABS(SUMIFS(RAW_발주!$D:$D,RAW_발주!$C:$C,A804,RAW_발주!$A:$A,C804)-SUMIFS($W:$W,$A:$A,A804,$C:$C,C804)),0) -> 0
A805: 600 | B805: =IF(A805="100","HK",IF(A805="200","CN",IF(A805="300","TW","홀세일"))) -> 홀세일 | C805: N263UJP040 | D805: 60 | E805: 189000 | F805: 57200 | G805: 3.5 | H805: 47.3 | I805: 0 | J805: =IF(N(E805)>0,E805,IF(N(F805)>0,F805*요약!$F$27,0)) -> 189000 | K805: =IF(N(F805)>0,F805,IF(N(E805)>0,E805/요약!$F$27,0)) -> 57200 | L805: =IF(B805="CN",IF(N(I805)>0,I805*요약!$G$27,K805*(1+요약!$E$27)),IF(N(H805)>0,H805*요약!$G$27,J805*요약!$D$27)) -> 62436 | M805: =D805*J805 -> 11340000 | N805: =D805*K805 -> 3432000 | O805: =D805*L805 -> 3746160 | P805: =TRIM(IF(N(E805)<=0,"택가보정 ","")&IF(N(F805)<=0,"원가보정 ","")&IF(AND(B805<>"CN",N(H805)<=0),"공급가보정 ","")&IF(AND(B805="CN",N(I805)<=0),"중국공급가=원가+마진 ","")) | Q805: =IF(SUMIFS($W:$W,$A:$A,A805,$C:$C,C805)=0,0,SUMIFS(RAW_판매펀칭!$K:$K,RAW_판매펀칭!$P:$P,A805,RAW_판매펀칭!$I:$I,C805)*W805/SUMIFS($W:$W,$A:$A,A805,$C:$C,C805)) -> 60 | R805: =IF(OR(A805="500",A805="800",A805="810"),0,MAX(W805-Q805,0)) -> 0 | S805: =R805*L805 -> 0 | T805: =R805*J805 -> 0 | U805: =R805*K805 -> 0 | V805: =IF(COUNTIFS($A$2:A805,A805,$C$2:C805,C805,$D$2:D805,D805)>1,"중복","") | W805: =IF(V805="중복",0,N(D805)) -> 60 | X805: =IF(COUNTIFS($A$2:A805,A805,$C$2:C805,C805)=1,ABS(SUMIFS(RAW_발주!$D:$D,RAW_발주!$C:$C,A805,RAW_발주!$A:$A,C805)-SUMIFS($W:$W,$A:$A,A805,$C:$C,C805)),0) -> 0
A806: 800 | B806: =IF(A806="100","HK",IF(A806="200","CN",IF(A806="300","TW","홀세일"))) -> 홀세일 | C806: N263UJP040 | D806: 90 | E806: 189000 | F806: 57200 | G806: 3.5 | H806: 47.3 | I806: 0 | J806: =IF(N(E806)>0,E806,IF(N(F806)>0,F806*요약!$F$27,0)) -> 189000 | K806: =IF(N(F806)>0,F806,IF(N(E806)>0,E806/요약!$F$27,0)) -> 57200 | L806: =IF(B806="CN",IF(N(I806)>0,I806*요약!$G$27,K806*(1+요약!$E$27)),IF(N(H806)>0,H806*요약!$G$27,J806*요약!$D$27)) -> 62436 | M806: =D806*J806 -> 17010000 | N806: =D806*K806 -> 5148000 | O806: =D806*L806 -> 5619240 | P806: =TRIM(IF(N(E806)<=0,"택가보정 ","")&IF(N(F806)<=0,"원가보정 ","")&IF(AND(B806<>"CN",N(H806)<=0),"공급가보정 ","")&IF(AND(B806="CN",N(I806)<=0),"중국공급가=원가+마진 ","")) | Q806: =IF(SUMIFS($W:$W,$A:$A,A806,$C:$C,C806)=0,0,SUMIFS(RAW_판매펀칭!$K:$K,RAW_판매펀칭!$P:$P,A806,RAW_판매펀칭!$I:$I,C806)*W806/SUMIFS($W:$W,$A:$A,A806,$C:$C,C806)) -> 0 | R806: =IF(OR(A806="500",A806="800",A806="810"),0,MAX(W806-Q806,0)) -> 0 | S806: =R806*L806 -> 0 | T806: =R806*J806 -> 0 | U806: =R806*K806 -> 0 | V806: =IF(COUNTIFS($A$2:A806,A806,$C$2:C806,C806,$D$2:D806,D806)>1,"중복","") | W806: =IF(V806="중복",0,N(D806)) -> 90 | X806: =IF(COUNTIFS($A$2:A806,A806,$C$2:C806,C806)=1,ABS(SUMIFS(RAW_발주!$D:$D,RAW_발주!$C:$C,A806,RAW_발주!$A:$A,C806)-SUMIFS($W:$W,$A:$A,A806,$C:$C,C806)),0) -> 0
A807: 100 | B807: =IF(A807="100","HK",IF(A807="200","CN",IF(A807="300","TW","홀세일"))) -> HK | C807: N263UJP210 | D807: 90 | E807: 349000 | F807: 105706 | G807: 3.1 | H807: 87.4 | I807: 89.5 | J807: =IF(N(E807)>0,E807,IF(N(F807)>0,F807*요약!$F$27,0)) -> 349000 | K807: =IF(N(F807)>0,F807,IF(N(E807)>0,E807/요약!$F$27,0)) -> 105706 | L807: =IF(B807="CN",IF(N(I807)>0,I807*요약!$G$27,K807*(1+요약!$E$27)),IF(N(H807)>0,H807*요약!$G$27,J807*요약!$D$27)) -> 115368 | M807: =D807*J807 -> 31410000 | N807: =D807*K807 -> 9513540 | O807: =D807*L807 -> 10383120 | P807: =TRIM(IF(N(E807)<=0,"택가보정 ","")&IF(N(F807)<=0,"원가보정 ","")&IF(AND(B807<>"CN",N(H807)<=0),"공급가보정 ","")&IF(AND(B807="CN",N(I807)<=0),"중국공급가=원가+마진 ","")) | Q807: =IF(SUMIFS($W:$W,$A:$A,A807,$C:$C,C807)=0,0,SUMIFS(RAW_판매펀칭!$K:$K,RAW_판매펀칭!$P:$P,A807,RAW_판매펀칭!$I:$I,C807)*W807/SUMIFS($W:$W,$A:$A,A807,$C:$C,C807)) -> 90 | R807: =IF(OR(A807="500",A807="800",A807="810"),0,MAX(W807-Q807,0)) -> 0 | S807: =R807*L807 -> 0 | T807: =R807*J807 -> 0 | U807: =R807*K807 -> 0 | V807: =IF(COUNTIFS($A$2:A807,A807,$C$2:C807,C807,$D$2:D807,D807)>1,"중복","") | W807: =IF(V807="중복",0,N(D807)) -> 90 | X807: =IF(COUNTIFS($A$2:A807,A807,$C$2:C807,C807)=1,ABS(SUMIFS(RAW_발주!$D:$D,RAW_발주!$C:$C,A807,RAW_발주!$A:$A,C807)-SUMIFS($W:$W,$A:$A,A807,$C:$C,C807)),0) -> 0
A808: 200 | B808: =IF(A808="100","HK",IF(A808="200","CN",IF(A808="300","TW","홀세일"))) -> CN | C808: N263UJP210 | D808: 127 | E808: 349000 | F808: 105706 | G808: 3.1 | H808: 87.4 | I808: 89.5 | J808: =IF(N(E808)>0,E808,IF(N(F808)>0,F808*요약!$F$27,0)) -> 349000 | K808: =IF(N(F808)>0,F808,IF(N(E808)>0,E808/요약!$F$27,0)) -> 105706 | L808: =IF(B808="CN",IF(N(I808)>0,I808*요약!$G$27,K808*(1+요약!$E$27)),IF(N(H808)>0,H808*요약!$G$27,J808*요약!$D$27)) -> 118140 | M808: =D808*J808 -> 44323000 | N808: =D808*K808 -> 13424662 | O808: =D808*L808 -> 15003780 | P808: =TRIM(IF(N(E808)<=0,"택가보정 ","")&IF(N(F808)<=0,"원가보정 ","")&IF(AND(B808<>"CN",N(H808)<=0),"공급가보정 ","")&IF(AND(B808="CN",N(I808)<=0),"중국공급가=원가+마진 ","")) | Q808: =IF(SUMIFS($W:$W,$A:$A,A808,$C:$C,C808)=0,0,SUMIFS(RAW_판매펀칭!$K:$K,RAW_판매펀칭!$P:$P,A808,RAW_판매펀칭!$I:$I,C808)*W808/SUMIFS($W:$W,$A:$A,A808,$C:$C,C808)) -> 127 | R808: =IF(OR(A808="500",A808="800",A808="810"),0,MAX(W808-Q808,0)) -> 0 | S808: =R808*L808 -> 0 | T808: =R808*J808 -> 0 | U808: =R808*K808 -> 0 | V808: =IF(COUNTIFS($A$2:A808,A808,$C$2:C808,C808,$D$2:D808,D808)>1,"중복","") | W808: =IF(V808="중복",0,N(D808)) -> 127 | X808: =IF(COUNTIFS($A$2:A808,A808,$C$2:C808,C808)=1,ABS(SUMIFS(RAW_발주!$D:$D,RAW_발주!$C:$C,A808,RAW_발주!$A:$A,C808)-SUMIFS($W:$W,$A:$A,A808,$C:$C,C808)),0) -> 0
... A886: 830 | B886: =IF(A886="100","HK",IF(A886="200","CN",IF(A886="300","TW","홀세일"))) -> 홀세일 | C886: N263UTS240 | D886: 220 | E886: 69000 | F886: 15000 | G886: 4.05 | H886: 16.3 | I886: 0 | J886: =IF(N(E886)>0,E886,IF(N(F886)>0,F886*요약!$F$27,0)) -> 69000 | K886: =IF(N(F886)>0,F886,IF(N(E886)>0,E886/요약!$F$27,0)) -> 15000 | L886: =IF(B886="CN",IF(N(I886)>0,I886*요약!$G$27,K886*(1+요약!$E$27)),IF(N(H886)>0,H886*요약!$G$27,J886*요약!$D$27)) -> 21516 | M886: =D886*J886 -> 15180000 | N886: =D886*K886 -> 3300000 | O886: =D886*L886 -> 4733520 | P886: =TRIM(IF(N(E886)<=0,"택가보정 ","")&IF(N(F886)<=0,"원가보정 ","")&IF(AND(B886<>"CN",N(H886)<=0),"공급가보정 ","")&IF(AND(B886="CN",N(I886)<=0),"중국공급가=원가+마진 ","")) | Q886: =IF(SUMIFS($W:$W,$A:$A,A886,$C:$C,C886)=0,0,SUMIFS(RAW_판매펀칭!$K:$K,RAW_판매펀칭!$P:$P,A886,RAW_판매펀칭!$I:$I,C886)*W886/SUMIFS($W:$W,$A:$A,A886,$C:$C,C886)) -> 220 | R886: =IF(OR(A886="500",A886="800",A886="810"),0,MAX(W886-Q886,0)) -> 0 | S886: =R886*L886 -> 0 | T886: =R886*J886 -> 0 | U886: =R886*K886 -> 0 | V886: =IF(COUNTIFS($A$2:A886,A886,$C$2:C886,C886,$D$2:D886,D886)>1,"중복","") | W886: =IF(V886="중복",0,N(D886)) -> 220 | X886: =IF(COUNTIFS($A$2:A886,A886,$C$2:C886,C886)=1,ABS(SUMIFS(RAW_발주!$D:$D,RAW_발주!$C:$C,A886,RAW_발주!$A:$A,C886)-SUMIFS($W:$W,$A:$A,A886,$C:$C,C886)),0) -> 0
A887: 300 | B887: =IF(A887="100","HK",IF(A887="200","CN",IF(A887="300","TW","홀세일"))) -> TW | C887: N263UTS901 | D887: 1600 | E887: 59000 | F887: 14300 | G887: 3.8 | H887: 14.3 | J887: =IF(N(E887)>0,E887,IF(N(F887)>0,F887*요약!$F$27,0)) -> 59000 | K887: =IF(N(F887)>0,F887,IF(N(E887)>0,E887/요약!$F$27,0)) -> 14300 | L887: =IF(B887="CN",IF(N(I887)>0,I887*요약!$G$27,K887*(1+요약!$E$27)),IF(N(H887)>0,H887*요약!$G$27,J887*요약!$D$27)) -> 18876 | M887: =D887*J887 -> 94400000 | N887: =D887*K887 -> 22880000 | O887: =D887*L887 -> 30201600 | P887: =TRIM(IF(N(E887)<=0,"택가보정 ","")&IF(N(F887)<=0,"원가보정 ","")&IF(AND(B887<>"CN",N(H887)<=0),"공급가보정 ","")&IF(AND(B887="CN",N(I887)<=0),"중국공급가=원가+마진 ","")) | Q887: =IF(SUMIFS($W:$W,$A:$A,A887,$C:$C,C887)=0,0,SUMIFS(RAW_판매펀칭!$K:$K,RAW_판매펀칭!$P:$P,A887,RAW_판매펀칭!$I:$I,C887)*W887/SUMIFS($W:$W,$A:$A,A887,$C:$C,C887)) -> 1600 | R887: =IF(OR(A887="500",A887="800",A887="810"),0,MAX(W887-Q887,0)) -> 0 | S887: =R887*L887 -> 0 | T887: =R887*J887 -> 0 | U887: =R887*K887 -> 0 | V887: =IF(COUNTIFS($A$2:A887,A887,$C$2:C887,C887,$D$2:D887,D887)>1,"중복","") | W887: =IF(V887="중복",0,N(D887)) -> 1600 | X887: =IF(COUNTIFS($A$2:A887,A887,$C$2:C887,C887)=1,ABS(SUMIFS(RAW_발주!$D:$D,RAW_발주!$C:$C,A887,RAW_발주!$A:$A,C887)-SUMIFS($W:$W,$A:$A,A887,$C:$C,C887)),0) -> 0
A888: 100 | B888: =IF(A888="100","HK",IF(A888="200","CN",IF(A888="300","TW","홀세일"))) -> HK | C888: N263WPT010 | D888: 90 | E888: 109000 | F888: 23100 | G888: 3.5 | H888: 25.7 | I888: 0 | J888: =IF(N(E888)>0,E888,IF(N(F888)>0,F888*요약!$F$27,0)) -> 109000 | K888: =IF(N(F888)>0,F888,IF(N(E888)>0,E888/요약!$F$27,0)) -> 23100 | L888: =IF(B888="CN",IF(N(I888)>0,I888*요약!$G$27,K888*(1+요약!$E$27)),IF(N(H888)>0,H888*요약!$G$27,J888*요약!$D$27)) -> 33924 | M888: =D888*J888 -> 9810000 | N888: =D888*K888 -> 2079000 | O888: =D888*L888 -> 3053160 | P888: =TRIM(IF(N(E888)<=0,"택가보정 ","")&IF(N(F888)<=0,"원가보정 ","")&IF(AND(B888<>"CN",N(H888)<=0),"공급가보정 ","")&IF(AND(B888="CN",N(I888)<=0),"중국공급가=원가+마진 ","")) | Q888: =IF(SUMIFS($W:$W,$A:$A,A888,$C:$C,C888)=0,0,SUMIFS(RAW_판매펀칭!$K:$K,RAW_판매펀칭!$P:$P,A888,RAW_판매펀칭!$I:$I,C888)*W888/SUMIFS($W:$W,$A:$A,A888,$C:$C,C888)) -> 90 | R888: =IF(OR(A888="500",A888="800",A888="810"),0,MAX(W888-Q888,0)) -> 0 | S888: =R888*L888 -> 0 | T888: =R888*J888 -> 0 | U888: =R888*K888 -> 0 | V888: =IF(COUNTIFS($A$2:A888,A888,$C$2:C888,C888,$D$2:D888,D888)>1,"중복","") | W888: =IF(V888="중복",0,N(D888)) -> 90 | X888: =IF(COUNTIFS($A$2:A888,A888,$C$2:C888,C888)=1,ABS(SUMIFS(RAW_발주!$D:$D,RAW_발주!$C:$C,A888,RAW_발주!$A:$A,C888)-SUMIFS($W:$W,$A:$A,A888,$C:$C,C888)),0) -> 0
A889: 600 | B889: =IF(A889="100","HK",IF(A889="200","CN",IF(A889="300","TW","홀세일"))) -> 홀세일 | C889: N263WPT010 | D889: 50 | E889: 109000 | F889: 23100 | G889: 3.5 | H889: 25.7 | I889: 0 | J889: =IF(N(E889)>0,E889,IF(N(F889)>0,F889*요약!$F$27,0)) -> 109000 | K889: =IF(N(F889)>0,F889,IF(N(E889)>0,E889/요약!$F$27,0)) -> 23100 | L889: =IF(B889="CN",IF(N(I889)>0,I889*요약!$G$27,K889*(1+요약!$E$27)),IF(N(H889)>0,H889*요약!$G$27,J889*요약!$D$27)) -> 33924 | M889: =D889*J889 -> 5450000 | N889: =D889*K889 -> 1155000 | O889: =D889*L889 -> 1696200 | P889: =TRIM(IF(N(E889)<=0,"택가보정 ","")&IF(N(F889)<=0,"원가보정 ","")&IF(AND(B889<>"CN",N(H889)<=0),"공급가보정 ","")&IF(AND(B889="CN",N(I889)<=0),"중국공급가=원가+마진 ","")) | Q889: =IF(SUMIFS($W:$W,$A:$A,A889,$C:$C,C889)=0,0,SUMIFS(RAW_판매펀칭!$K:$K,RAW_판매펀칭!$P:$P,A889,RAW_판매펀칭!$I:$I,C889)*W889/SUMIFS($W:$W,$A:$A,A889,$C:$C,C889)) -> 50 | R889: =IF(OR(A889="500",A889="800",A889="810"),0,MAX(W889-Q889,0)) -> 0 | S889: =R889*L889 -> 0 | T889: =R889*J889 -> 0 | U889: =R889*K889 -> 0 | V889: =IF(COUNTIFS($A$2:A889,A889,$C$2:C889,C889,$D$2:D889,D889)>1,"중복","") | W889: =IF(V889="중복",0,N(D889)) -> 50 | X889: =IF(COUNTIFS($A$2:A889,A889,$C$2:C889,C889)=1,ABS(SUMIFS(RAW_발주!$D:$D,RAW_발주!$C:$C,A889,RAW_발주!$A:$A,C889)-SUMIFS($W:$W,$A:$A,A889,$C:$C,C889)),0) -> 0
A890: 800 | B890: =IF(A890="100","HK",IF(A890="200","CN",IF(A890="300","TW","홀세일"))) -> 홀세일 | C890: N263WPT010 | D890: 25 | E890: 109000 | F890: 23100 | G890: 3.5 | H890: 25.7 | I890: 0 | J890: =IF(N(E890)>0,E890,IF(N(F890)>0,F890*요약!$F$27,0)) -> 109000 | K890: =IF(N(F890)>0,F890,IF(N(E890)>0,E890/요약!$F$27,0)) -> 23100 | L890: =IF(B890="CN",IF(N(I890)>0,I890*요약!$G$27,K890*(1+요약!$E$27)),IF(N(H890)>0,H890*요약!$G$27,J890*요약!$D$27)) -> 33924 | M890: =D890*J890 -> 2725000 | N890: =D890*K890 -> 577500 | O890: =D890*L890 -> 848100 | P890: =TRIM(IF(N(E890)<=0,"택가보정 ","")&IF(N(F890)<=0,"원가보정 ","")&IF(AND(B890<>"CN",N(H890)<=0),"공급가보정 ","")&IF(AND(B890="CN",N(I890)<=0),"중국공급가=원가+마진 ","")) | Q890: =IF(SUMIFS($W:$W,$A:$A,A890,$C:$C,C890)=0,0,SUMIFS(RAW_판매펀칭!$K:$K,RAW_판매펀칭!$P:$P,A890,RAW_판매펀칭!$I:$I,C890)*W890/SUMIFS($W:$W,$A:$A,A890,$C:$C,C890)) -> 0 | R890: =IF(OR(A890="500",A890="800",A890="810"),0,MAX(W890-Q890,0)) -> 0 | S890: =R890*L890 -> 0 | T890: =R890*J890 -> 0 | U890: =R890*K890 -> 0 | V890: =IF(COUNTIFS($A$2:A890,A890,$C$2:C890,C890,$D$2:D890,D890)>1,"중복","") | W890: =IF(V890="중복",0,N(D890)) -> 25 | X890: =IF(COUNTIFS($A$2:A890,A890,$C$2:C890,C890)=1,ABS(SUMIFS(RAW_발주!$D:$D,RAW_발주!$C:$C,A890,RAW_발주!$A:$A,C890)-SUMIFS($W:$W,$A:$A,A890,$C:$C,C890)),0) -> 0
A891: 810 | B891: =IF(A891="100","HK",IF(A891="200","CN",IF(A891="300","TW","홀세일"))) -> 홀세일 | C891: N263WPT010 | D891: 144 | E891: 109000 | F891: 23100 | G891: 3.5 | H891: 25.7 | I891: 0 | J891: =IF(N(E891)>0,E891,IF(N(F891)>0,F891*요약!$F$27,0)) -> 109000 | K891: =IF(N(F891)>0,F891,IF(N(E891)>0,E891/요약!$F$27,0)) -> 23100 | L891: =IF(B891="CN",IF(N(I891)>0,I891*요약!$G$27,K891*(1+요약!$E$27)),IF(N(H891)>0,H891*요약!$G$27,J891*요약!$D$27)) -> 33924 | M891: =D891*J891 -> 15696000 | N891: =D891*K891 -> 3326400 | O891: =D891*L891 -> 4885056 | P891: =TRIM(IF(N(E891)<=0,"택가보정 ","")&IF(N(F891)<=0,"원가보정 ","")&IF(AND(B891<>"CN",N(H891)<=0),"공급가보정 ","")&IF(AND(B891="CN",N(I891)<=0),"중국공급가=원가+마진 ","")) | Q891: =IF(SUMIFS($W:$W,$A:$A,A891,$C:$C,C891)=0,0,SUMIFS(RAW_판매펀칭!$K:$K,RAW_판매펀칭!$P:$P,A891,RAW_판매펀칭!$I:$I,C891)*W891/SUMIFS($W:$W,$A:$A,A891,$C:$C,C891)) -> 0 | R891: =IF(OR(A891="500",A891="800",A891="810"),0,MAX(W891-Q891,0)) -> 0 | S891: =R891*L891 -> 0 | T891: =R891*J891 -> 0 | U891: =R891*K891 -> 0 | V891: =IF(COUNTIFS($A$2:A891,A891,$C$2:C891,C891,$D$2:D891,D891)>1,"중복","") | W891: =IF(V891="중복",0,N(D891)) -> 144 | X891: =IF(COUNTIFS($A$2:A891,A891,$C$2:C891,C891)=1,ABS(SUMIFS(RAW_발주!$D:$D,RAW_발주!$C:$C,A891,RAW_발주!$A:$A,C891)-SUMIFS($W:$W,$A:$A,A891,$C:$C,C891)),0) -> 0
A892: 100 | B892: =IF(A892="100","HK",IF(A892="200","CN",IF(A892="300","TW","홀세일"))) -> HK | C892: N263WPT011 | D892: 160 | E892: 109000 | F892: 22500 | G892: 3.68 | H892: 25.7 | I892: 0 | J892: =IF(N(E892)>0,E892,IF(N(F892)>0,F892*요약!$F$27,0)) -> 109000 | K892: =IF(N(F892)>0,F892,IF(N(E892)>0,E892/요약!$F$27,0)) -> 22500 | L892: =IF(B892="CN",IF(N(I892)>0,I892*요약!$G$27,K892*(1+요약!$E$27)),IF(N(H892)>0,H892*요약!$G$27,J892*요약!$D$27)) -> 33924 | M892: =D892*J892 -> 17440000 | N892: =D892*K892 -> 3600000 | O892: =D892*L892 -> 5427840 | P892: =TRIM(IF(N(E892)<=0,"택가보정 ","")&IF(N(F892)<=0,"원가보정 ","")&IF(AND(B892<>"CN",N(H892)<=0),"공급가보정 ","")&IF(AND(B892="CN",N(I892)<=0),"중국공급가=원가+마진 ","")) | Q892: =IF(SUMIFS($W:$W,$A:$A,A892,$C:$C,C892)=0,0,SUMIFS(RAW_판매펀칭!$K:$K,RAW_판매펀칭!$P:$P,A892,RAW_판매펀칭!$I:$I,C892)*W892/SUMIFS($W:$W,$A:$A,A892,$C:$C,C892)) -> 160 | R892: =IF(OR(A892="500",A892="800",A892="810"),0,MAX(W892-Q892,0)) -> 0 | S892: =R892*L892 -> 0 | T892: =R892*J892 -> 0 | U892: =R892*K892 -> 0 | V892: =IF(COUNTIFS($A$2:A892,A892,$C$2:C892,C892,$D$2:D892,D892)>1,"중복","") | W892: =IF(V892="중복",0,N(D892)) -> 160 | X892: =IF(COUNTIFS($A$2:A892,A892,$C$2:C892,C892)=1,ABS(SUMIFS(RAW_발주!$D:$D,RAW_발주!$C:$C,A892,RAW_발주!$A:$A,C892)-SUMIFS($W:$W,$A:$A,A892,$C:$C,C892)),0) -> 0
A893: 300 | B893: =IF(A893="100","HK",IF(A893="200","CN",IF(A893="300","TW","홀세일"))) -> TW | C893: N263WPT011 | D893: 140 | E893: 109000 | F893: 22500 | G893: 3.68 | H893: 25.7 | I893: 0 | J893: =IF(N(E893)>0,E893,IF(N(F893)>0,F893*요약!$F$27,0)) -> 109000 | K893: =IF(N(F893)>0,F893,IF(N(E893)>0,E893/요약!$F$27,0)) -> 22500 | L893: =IF(B893="CN",IF(N(I893)>0,I893*요약!$G$27,K893*(1+요약!$E$27)),IF(N(H893)>0,H893*요약!$G$27,J893*요약!$D$27)) -> 33924 | M893: =D893*J893 -> 15260000 | N893: =D893*K893 -> 3150000 | O893: =D893*L893 -> 4749360 | P893: =TRIM(IF(N(E893)<=0,"택가보정 ","")&IF(N(F893)<=0,"원가보정 ","")&IF(AND(B893<>"CN",N(H893)<=0),"공급가보정 ","")&IF(AND(B893="CN",N(I893)<=0),"중국공급가=원가+마진 ","")) | Q893: =IF(SUMIFS($W:$W,$A:$A,A893,$C:$C,C893)=0,0,SUMIFS(RAW_판매펀칭!$K:$K,RAW_판매펀칭!$P:$P,A893,RAW_판매펀칭!$I:$I,C893)*W893/SUMIFS($W:$W,$A:$A,A893,$C:$C,C893)) -> 140 | R893: =IF(OR(A893="500",A893="800",A893="810"),0,MAX(W893-Q893,0)) -> 0 | S893: =R893*L893 -> 0 | T893: =R893*J893 -> 0 | U893: =R893*K893 -> 0 | V893: =IF(COUNTIFS($A$2:A893,A893,$C$2:C893,C893,$D$2:D893,D893)>1,"중복","") | W893: =IF(V893="중복",0,N(D893)) -> 140 | X893: =IF(COUNTIFS($A$2:A893,A893,$C$2:C893,C893)=1,ABS(SUMIFS(RAW_발주!$D:$D,RAW_발주!$C:$C,A893,RAW_발주!$A:$A,C893)-SUMIFS($W:$W,$A:$A,A893,$C:$C,C893)),0) -> 0
A894: 600 | B894: =IF(A894="100","HK",IF(A894="200","CN",IF(A894="300","TW","홀세일"))) -> 홀세일 | C894: N263WPT011 | D894: 45 | E894: 109000 | F894: 22500 | G894: 3.68 | H894: 25.7 | I894: 0 | J894: =IF(N(E894)>0,E894,IF(N(F894)>0,F894*요약!$F$27,0)) -> 109000 | K894: =IF(N(F894)>0,F894,IF(N(E894)>0,E894/요약!$F$27,0)) -> 22500 | L894: =IF(B894="CN",IF(N(I894)>0,I894*요약!$G$27,K894*(1+요약!$E$27)),IF(N(H894)>0,H894*요약!$G$27,J894*요약!$D$27)) -> 33924 | M894: =D894*J894 -> 4905000 | N894: =D894*K894 -> 1012500 | O894: =D894*L894 -> 1526580 | P894: =TRIM(IF(N(E894)<=0,"택가보정 ","")&IF(N(F894)<=0,"원가보정 ","")&IF(AND(B894<>"CN",N(H894)<=0),"공급가보정 ","")&IF(AND(B894="CN",N(I894)<=0),"중국공급가=원가+마진 ","")) | Q894: =IF(SUMIFS($W:$W,$A:$A,A894,$C:$C,C894)=0,0,SUMIFS(RAW_판매펀칭!$K:$K,RAW_판매펀칭!$P:$P,A894,RAW_판매펀칭!$I:$I,C894)*W894/SUMIFS($W:$W,$A:$A,A894,$C:$C,C894)) -> 45 | R894: =IF(OR(A894="500",A894="800",A894="810"),0,MAX(W894-Q894,0)) -> 0 | S894: =R894*L894 -> 0 | T894: =R894*J894 -> 0 | U894: =R894*K894 -> 0 | V894: =IF(COUNTIFS($A$2:A894,A894,$C$2:C894,C894,$D$2:D894,D894)>1,"중복","") | W894: =IF(V894="중복",0,N(D894)) -> 45 | X894: =IF(COUNTIFS($A$2:A894,A894,$C$2:C894,C894)=1,ABS(SUMIFS(RAW_발주!$D:$D,RAW_발주!$C:$C,A894,RAW_발주!$A:$A,C894)-SUMIFS($W:$W,$A:$A,A894,$C:$C,C894)),0) -> 0
A895: 800 | B895: =IF(A895="100","HK",IF(A895="200","CN",IF(A895="300","TW","홀세일"))) -> 홀세일 | C895: N263WPT011 | D895: 30 | E895: 109000 | F895: 22500 | G895: 3.68 | H895: 25.7 | I895: 0 | J895: =IF(N(E895)>0,E895,IF(N(F895)>0,F895*요약!$F$27,0)) -> 109000 | K895: =IF(N(F895)>0,F895,IF(N(E895)>0,E895/요약!$F$27,0)) -> 22500 | L895: =IF(B895="CN",IF(N(I895)>0,I895*요약!$G$27,K895*(1+요약!$E$27)),IF(N(H895)>0,H895*요약!$G$27,J895*요약!$D$27)) -> 33924 | M895: =D895*J895 -> 3270000 | N895: =D895*K895 -> 675000 | O895: =D895*L895 -> 1017720 | P895: =TRIM(IF(N(E895)<=0,"택가보정 ","")&IF(N(F895)<=0,"원가보정 ","")&IF(AND(B895<>"CN",N(H895)<=0),"공급가보정 ","")&IF(AND(B895="CN",N(I895)<=0),"중국공급가=원가+마진 ","")) | Q895: =IF(SUMIFS($W:$W,$A:$A,A895,$C:$C,C895)=0,0,SUMIFS(RAW_판매펀칭!$K:$K,RAW_판매펀칭!$P:$P,A895,RAW_판매펀칭!$I:$I,C895)*W895/SUMIFS($W:$W,$A:$A,A895,$C:$C,C895)) -> 0 | R895: =IF(OR(A895="500",A895="800",A895="810"),0,MAX(W895-Q895,0)) -> 0 | S895: =R895*L895 -> 0 | T895: =R895*J895 -> 0 | U895: =R895*K895 -> 0 | V895: =IF(COUNTIFS($A$2:A895,A895,$C$2:C895,C895,$D$2:D895,D895)>1,"중복","") | W895: =IF(V895="중복",0,N(D895)) -> 30 | X895: =IF(COUNTIFS($A$2:A895,A895,$C$2:C895,C895)=1,ABS(SUMIFS(RAW_발주!$D:$D,RAW_발주!$C:$C,A895,RAW_발주!$A:$A,C895)-SUMIFS($W:$W,$A:$A,A895,$C:$C,C895)),0) -> 0
A896: 100 | B896: =IF(A896="100","HK",IF(A896="200","CN",IF(A896="300","TW","홀세일"))) -> HK | C896: N263WPT020 | D896: 90 | E896: 149000 | F896: 29700 | G896: 4.01 | H896: 35.1 | I896: 0 | J896: =IF(N(E896)>0,E896,IF(N(F896)>0,F896*요약!$F$27,0)) -> 149000 | K896: =IF(N(F896)>0,F896,IF(N(E896)>0,E896/요약!$F$27,0)) -> 29700 | L896: =IF(B896="CN",IF(N(I896)>0,I896*요약!$G$27,K896*(1+요약!$E$27)),IF(N(H896)>0,H896*요약!$G$27,J896*요약!$D$27)) -> 46332 | M896: =D896*J896 -> 13410000 | N896: =D896*K896 -> 2673000 | O896: =D896*L896 -> 4169880 | P896: =TRIM(IF(N(E896)<=0,"택가보정 ","")&IF(N(F896)<=0,"원가보정 ","")&IF(AND(B896<>"CN",N(H896)<=0),"공급가보정 ","")&IF(AND(B896="CN",N(I896)<=0),"중국공급가=원가+마진 ","")) | Q896: =IF(SUMIFS($W:$W,$A:$A,A896,$C:$C,C896)=0,0,SUMIFS(RAW_판매펀칭!$K:$K,RAW_판매펀칭!$P:$P,A896,RAW_판매펀칭!$I:$I,C896)*W896/SUMIFS($W:$W,$A:$A,A896,$C:$C,C896)) -> 90 | R896: =IF(OR(A896="500",A896="800",A896="810"),0,MAX(W896-Q896,0)) -> 0 | S896: =R896*L896 -> 0 | T896: =R896*J896 -> 0 | U896: =R896*K896 -> 0 | V896: =IF(COUNTIFS($A$2:A896,A896,$C$2:C896,C896,$D$2:D896,D896)>1,"중복","") | W896: =IF(V896="중복",0,N(D896)) -> 90 | X896: =IF(COUNTIFS($A$2:A896,A896,$C$2:C896,C896)=1,ABS(SUMIFS(RAW_발주!$D:$D,RAW_발주!$C:$C,A896,RAW_발주!$A:$A,C896)-SUMIFS($W:$W,$A:$A,A896,$C:$C,C896)),0) -> 0
A897: 300 | B897: =IF(A897="100","HK",IF(A897="200","CN",IF(A897="300","TW","홀세일"))) -> TW | C897: N263WPT020 | D897: 100 | E897: 149000 | F897: 29700 | G897: 4.01 | H897: 35.1 | I897: 0 | J897: =IF(N(E897)>0,E897,IF(N(F897)>0,F897*요약!$F$27,0)) -> 149000 | K897: =IF(N(F897)>0,F897,IF(N(E897)>0,E897/요약!$F$27,0)) -> 29700 | L897: =IF(B897="CN",IF(N(I897)>0,I897*요약!$G$27,K897*(1+요약!$E$27)),IF(N(H897)>0,H897*요약!$G$27,J897*요약!$D$27)) -> 46332 | M897: =D897*J897 -> 14900000 | N897: =D897*K897 -> 2970000 | O897: =D897*L897 -> 4633200 | P897: =TRIM(IF(N(E897)<=0,"택가보정 ","")&IF(N(F897)<=0,"원가보정 ","")&IF(AND(B897<>"CN",N(H897)<=0),"공급가보정 ","")&IF(AND(B897="CN",N(I897)<=0),"중국공급가=원가+마진 ","")) | Q897: =IF(SUMIFS($W:$W,$A:$A,A897,$C:$C,C897)=0,0,SUMIFS(RAW_판매펀칭!$K:$K,RAW_판매펀칭!$P:$P,A897,RAW_판매펀칭!$I:$I,C897)*W897/SUMIFS($W:$W,$A:$A,A897,$C:$C,C897)) -> 100 | R897: =IF(OR(A897="500",A897="800",A897="810"),0,MAX(W897-Q897,0)) -> 0 | S897: =R897*L897 -> 0 | T897: =R897*J897 -> 0 | U897: =R897*K897 -> 0 | V897: =IF(COUNTIFS($A$2:A897,A897,$C$2:C897,C897,$D$2:D897,D897)>1,"중복","") | W897: =IF(V897="중복",0,N(D897)) -> 100 | X897: =IF(COUNTIFS($A$2:A897,A897,$C$2:C897,C897)=1,ABS(SUMIFS(RAW_발주!$D:$D,RAW_발주!$C:$C,A897,RAW_발주!$A:$A,C897)-SUMIFS($W:$W,$A:$A,A897,$C:$C,C897)),0) -> 0
A898: 600 | B898: =IF(A898="100","HK",IF(A898="200","CN",IF(A898="300","TW","홀세일"))) -> 홀세일 | C898: N263WPT020 | D898: 25 | E898: 149000 | F898: 29700 | G898: 4.01 | H898: 35.1 | I898: 0 | J898: =IF(N(E898)>0,E898,IF(N(F898)>0,F898*요약!$F$27,0)) -> 149000 | K898: =IF(N(F898)>0,F898,IF(N(E898)>0,E898/요약!$F$27,0)) -> 29700 | L898: =IF(B898="CN",IF(N(I898)>0,I898*요약!$G$27,K898*(1+요약!$E$27)),IF(N(H898)>0,H898*요약!$G$27,J898*요약!$D$27)) -> 46332 | M898: =D898*J898 -> 3725000 | N898: =D898*K898 -> 742500 | O898: =D898*L898 -> 1158300 | P898: =TRIM(IF(N(E898)<=0,"택가보정 ","")&IF(N(F898)<=0,"원가보정 ","")&IF(AND(B898<>"CN",N(H898)<=0),"공급가보정 ","")&IF(AND(B898="CN",N(I898)<=0),"중국공급가=원가+마진 ","")) | Q898: =IF(SUMIFS($W:$W,$A:$A,A898,$C:$C,C898)=0,0,SUMIFS(RAW_판매펀칭!$K:$K,RAW_판매펀칭!$P:$P,A898,RAW_판매펀칭!$I:$I,C898)*W898/SUMIFS($W:$W,$A:$A,A898,$C:$C,C898)) -> 25 | R898: =IF(OR(A898="500",A898="800",A898="810"),0,MAX(W898-Q898,0)) -> 0 | S898: =R898*L898 -> 0 | T898: =R898*J898 -> 0 | U898: =R898*K898 -> 0 | V898: =IF(COUNTIFS($A$2:A898,A898,$C$2:C898,C898,$D$2:D898,D898)>1,"중복","") | W898: =IF(V898="중복",0,N(D898)) -> 25 | X898: =IF(COUNTIFS($A$2:A898,A898,$C$2:C898,C898)=1,ABS(SUMIFS(RAW_발주!$D:$D,RAW_발주!$C:$C,A898,RAW_발주!$A:$A,C898)-SUMIFS($W:$W,$A:$A,A898,$C:$C,C898)),0) -> 0
A899: 100 | B899: =IF(A899="100","HK",IF(A899="200","CN",IF(A899="300","TW","홀세일"))) -> HK | C899: N263WPT030 | D899: 90 | E899: 149000 | F899: 23400 | G899: 4.59 | H899: 35.1 | I899: 0 | J899: =IF(N(E899)>0,E899,IF(N(F899)>0,F899*요약!$F$27,0)) -> 149000 | K899: =IF(N(F899)>0,F899,IF(N(E899)>0,E899/요약!$F$27,0)) -> 23400 | L899: =IF(B899="CN",IF(N(I899)>0,I899*요약!$G$27,K899*(1+요약!$E$27)),IF(N(H899)>0,H899*요약!$G$27,J899*요약!$D$27)) -> 46332 | M899: =D899*J899 -> 13410000 | N899: =D899*K899 -> 2106000 | O899: =D899*L899 -> 4169880 | P899: =TRIM(IF(N(E899)<=0,"택가보정 ","")&IF(N(F899)<=0,"원가보정 ","")&IF(AND(B899<>"CN",N(H899)<=0),"공급가보정 ","")&IF(AND(B899="CN",N(I899)<=0),"중국공급가=원가+마진 ","")) | Q899: =IF(SUMIFS($W:$W,$A:$A,A899,$C:$C,C899)=0,0,SUMIFS(RAW_판매펀칭!$K:$K,RAW_판매펀칭!$P:$P,A899,RAW_판매펀칭!$I:$I,C899)*W899/SUMIFS($W:$W,$A:$A,A899,$C:$C,C899)) -> 90 | R899: =IF(OR(A899="500",A899="800",A899="810"),0,MAX(W899-Q899,0)) -> 0 | S899: =R899*L899 -> 0 | T899: =R899*J899 -> 0 | U899: =R899*K899 -> 0 | V899: =IF(COUNTIFS($A$2:A899,A899,$C$2:C899,C899,$D$2:D899,D899)>1,"중복","") | W899: =IF(V899="중복",0,N(D899)) -> 90 | X899: =IF(COUNTIFS($A$2:A899,A899,$C$2:C899,C899)=1,ABS(SUMIFS(RAW_발주!$D:$D,RAW_발주!$C:$C,A899,RAW_발주!$A:$A,C899)-SUMIFS($W:$W,$A:$A,A899,$C:$C,C899)),0) -> 0
... A974: 300 | B974: =IF(A974="100","HK",IF(A974="200","CN",IF(A974="300","TW","홀세일"))) -> TW | C974: N264MFJ500 | D974: 50 | E974: 259000 | F974: 78500 | G974: 3.3 | H974: 64.9 | I974: 0 | J974: =IF(N(E974)>0,E974,IF(N(F974)>0,F974*요약!$F$27,0)) -> 259000 | K974: =IF(N(F974)>0,F974,IF(N(E974)>0,E974/요약!$F$27,0)) -> 78500 | L974: =IF(B974="CN",IF(N(I974)>0,I974*요약!$G$27,K974*(1+요약!$E$27)),IF(N(H974)>0,H974*요약!$G$27,J974*요약!$D$27)) -> 85668 | M974: =D974*J974 -> 12950000 | N974: =D974*K974 -> 3925000 | O974: =D974*L974 -> 4283400 | P974: =TRIM(IF(N(E974)<=0,"택가보정 ","")&IF(N(F974)<=0,"원가보정 ","")&IF(AND(B974<>"CN",N(H974)<=0),"공급가보정 ","")&IF(AND(B974="CN",N(I974)<=0),"중국공급가=원가+마진 ","")) | Q974: =IF(SUMIFS($W:$W,$A:$A,A974,$C:$C,C974)=0,0,SUMIFS(RAW_판매펀칭!$K:$K,RAW_판매펀칭!$P:$P,A974,RAW_판매펀칭!$I:$I,C974)*W974/SUMIFS($W:$W,$A:$A,A974,$C:$C,C974)) -> 50 | R974: =IF(OR(A974="500",A974="800",A974="810"),0,MAX(W974-Q974,0)) -> 0 | S974: =R974*L974 -> 0 | T974: =R974*J974 -> 0 | U974: =R974*K974 -> 0 | V974: =IF(COUNTIFS($A$2:A974,A974,$C$2:C974,C974,$D$2:D974,D974)>1,"중복","") | W974: =IF(V974="중복",0,N(D974)) -> 50 | X974: =IF(COUNTIFS($A$2:A974,A974,$C$2:C974,C974)=1,ABS(SUMIFS(RAW_발주!$D:$D,RAW_발주!$C:$C,A974,RAW_발주!$A:$A,C974)-SUMIFS($W:$W,$A:$A,A974,$C:$C,C974)),0) -> 0
A975: 100 | B975: =IF(A975="100","HK",IF(A975="200","CN",IF(A975="300","TW","홀세일"))) -> HK | C975: N264MPD510 | D975: 50 | E975: 259000 | F975: 76900 | G975: 3.43 | H975: 64.9 | J975: =IF(N(E975)>0,E975,IF(N(F975)>0,F975*요약!$F$27,0)) -> 259000 | K975: =IF(N(F975)>0,F975,IF(N(E975)>0,E975/요약!$F$27,0)) -> 76900 | L975: =IF(B975="CN",IF(N(I975)>0,I975*요약!$G$27,K975*(1+요약!$E$27)),IF(N(H975)>0,H975*요약!$G$27,J975*요약!$D$27)) -> 85668 | M975: =D975*J975 -> 12950000 | N975: =D975*K975 -> 3845000 | O975: =D975*L975 -> 4283400 | P975: =TRIM(IF(N(E975)<=0,"택가보정 ","")&IF(N(F975)<=0,"원가보정 ","")&IF(AND(B975<>"CN",N(H975)<=0),"공급가보정 ","")&IF(AND(B975="CN",N(I975)<=0),"중국공급가=원가+마진 ","")) | Q975: =IF(SUMIFS($W:$W,$A:$A,A975,$C:$C,C975)=0,0,SUMIFS(RAW_판매펀칭!$K:$K,RAW_판매펀칭!$P:$P,A975,RAW_판매펀칭!$I:$I,C975)*W975/SUMIFS($W:$W,$A:$A,A975,$C:$C,C975)) -> 50 | R975: =IF(OR(A975="500",A975="800",A975="810"),0,MAX(W975-Q975,0)) -> 0 | S975: =R975*L975 -> 0 | T975: =R975*J975 -> 0 | U975: =R975*K975 -> 0 | V975: =IF(COUNTIFS($A$2:A975,A975,$C$2:C975,C975,$D$2:D975,D975)>1,"중복","") | W975: =IF(V975="중복",0,N(D975)) -> 50 | X975: =IF(COUNTIFS($A$2:A975,A975,$C$2:C975,C975)=1,ABS(SUMIFS(RAW_발주!$D:$D,RAW_발주!$C:$C,A975,RAW_발주!$A:$A,C975)-SUMIFS($W:$W,$A:$A,A975,$C:$C,C975)),0) -> 0
A976: 200 | B976: =IF(A976="100","HK",IF(A976="200","CN",IF(A976="300","TW","홀세일"))) -> CN | C976: N264MVT350 | D976: 412 | E976: 199000 | F976: 48700 | G976: 3.68 | H976: 51.2 | I976: 37.9 | J976: =IF(N(E976)>0,E976,IF(N(F976)>0,F976*요약!$F$27,0)) -> 199000 | K976: =IF(N(F976)>0,F976,IF(N(E976)>0,E976/요약!$F$27,0)) -> 48700 | L976: =IF(B976="CN",IF(N(I976)>0,I976*요약!$G$27,K976*(1+요약!$E$27)),IF(N(H976)>0,H976*요약!$G$27,J976*요약!$D$27)) -> 50028 | M976: =D976*J976 -> 81988000 | N976: =D976*K976 -> 20064400 | O976: =D976*L976 -> 20611536 | P976: =TRIM(IF(N(E976)<=0,"택가보정 ","")&IF(N(F976)<=0,"원가보정 ","")&IF(AND(B976<>"CN",N(H976)<=0),"공급가보정 ","")&IF(AND(B976="CN",N(I976)<=0),"중국공급가=원가+마진 ","")) | Q976: =IF(SUMIFS($W:$W,$A:$A,A976,$C:$C,C976)=0,0,SUMIFS(RAW_판매펀칭!$K:$K,RAW_판매펀칭!$P:$P,A976,RAW_판매펀칭!$I:$I,C976)*W976/SUMIFS($W:$W,$A:$A,A976,$C:$C,C976)) -> 2 | R976: =IF(OR(A976="500",A976="800",A976="810"),0,MAX(W976-Q976,0)) -> 410 | S976: =R976*L976 -> 20511480 | T976: =R976*J976 -> 81590000 | U976: =R976*K976 -> 19967000 | V976: =IF(COUNTIFS($A$2:A976,A976,$C$2:C976,C976,$D$2:D976,D976)>1,"중복","") | W976: =IF(V976="중복",0,N(D976)) -> 412 | X976: =IF(COUNTIFS($A$2:A976,A976,$C$2:C976,C976)=1,ABS(SUMIFS(RAW_발주!$D:$D,RAW_발주!$C:$C,A976,RAW_발주!$A:$A,C976)-SUMIFS($W:$W,$A:$A,A976,$C:$C,C976)),0) -> 0
A977: 200 | B977: =IF(A977="100","HK",IF(A977="200","CN",IF(A977="300","TW","홀세일"))) -> CN | C977: N264MFT310 | D977: 332 | E977: 219000 | F977: 59295 | G977: 3.72 | H977: 51.5 | I977: 43.8 | J977: =IF(N(E977)>0,E977,IF(N(F977)>0,F977*요약!$F$27,0)) -> 219000 | K977: =IF(N(F977)>0,F977,IF(N(E977)>0,E977/요약!$F$27,0)) -> 59295 | L977: =IF(B977="CN",IF(N(I977)>0,I977*요약!$G$27,K977*(1+요약!$E$27)),IF(N(H977)>0,H977*요약!$G$27,J977*요약!$D$27)) -> 57816 | M977: =D977*J977 -> 72708000 | N977: =D977*K977 -> 19685940 | O977: =D977*L977 -> 19194912 | P977: =TRIM(IF(N(E977)<=0,"택가보정 ","")&IF(N(F977)<=0,"원가보정 ","")&IF(AND(B977<>"CN",N(H977)<=0),"공급가보정 ","")&IF(AND(B977="CN",N(I977)<=0),"중국공급가=원가+마진 ","")) | Q977: =IF(SUMIFS($W:$W,$A:$A,A977,$C:$C,C977)=0,0,SUMIFS(RAW_판매펀칭!$K:$K,RAW_판매펀칭!$P:$P,A977,RAW_판매펀칭!$I:$I,C977)*W977/SUMIFS($W:$W,$A:$A,A977,$C:$C,C977)) -> 332 | R977: =IF(OR(A977="500",A977="800",A977="810"),0,MAX(W977-Q977,0)) -> 0 | S977: =R977*L977 -> 0 | T977: =R977*J977 -> 0 | U977: =R977*K977 -> 0 | V977: =IF(COUNTIFS($A$2:A977,A977,$C$2:C977,C977,$D$2:D977,D977)>1,"중복","") | W977: =IF(V977="중복",0,N(D977)) -> 332 | X977: =IF(COUNTIFS($A$2:A977,A977,$C$2:C977,C977)=1,ABS(SUMIFS(RAW_발주!$D:$D,RAW_발주!$C:$C,A977,RAW_발주!$A:$A,C977)-SUMIFS($W:$W,$A:$A,A977,$C:$C,C977)),0) -> 0
A978: 300 | B978: =IF(A978="100","HK",IF(A978="200","CN",IF(A978="300","TW","홀세일"))) -> TW | C978: N264MFT310 | D978: 150 | E978: 219000 | F978: 59295 | G978: 3.72 | H978: 51.5 | I978: 43.8 | J978: =IF(N(E978)>0,E978,IF(N(F978)>0,F978*요약!$F$27,0)) -> 219000 | K978: =IF(N(F978)>0,F978,IF(N(E978)>0,E978/요약!$F$27,0)) -> 59295 | L978: =IF(B978="CN",IF(N(I978)>0,I978*요약!$G$27,K978*(1+요약!$E$27)),IF(N(H978)>0,H978*요약!$G$27,J978*요약!$D$27)) -> 67980 | M978: =D978*J978 -> 32850000 | N978: =D978*K978 -> 8894250 | O978: =D978*L978 -> 10197000 | P978: =TRIM(IF(N(E978)<=0,"택가보정 ","")&IF(N(F978)<=0,"원가보정 ","")&IF(AND(B978<>"CN",N(H978)<=0),"공급가보정 ","")&IF(AND(B978="CN",N(I978)<=0),"중국공급가=원가+마진 ","")) | Q978: =IF(SUMIFS($W:$W,$A:$A,A978,$C:$C,C978)=0,0,SUMIFS(RAW_판매펀칭!$K:$K,RAW_판매펀칭!$P:$P,A978,RAW_판매펀칭!$I:$I,C978)*W978/SUMIFS($W:$W,$A:$A,A978,$C:$C,C978)) -> 150 | R978: =IF(OR(A978="500",A978="800",A978="810"),0,MAX(W978-Q978,0)) -> 0 | S978: =R978*L978 -> 0 | T978: =R978*J978 -> 0 | U978: =R978*K978 -> 0 | V978: =IF(COUNTIFS($A$2:A978,A978,$C$2:C978,C978,$D$2:D978,D978)>1,"중복","") | W978: =IF(V978="중복",0,N(D978)) -> 150 | X978: =IF(COUNTIFS($A$2:A978,A978,$C$2:C978,C978)=1,ABS(SUMIFS(RAW_발주!$D:$D,RAW_발주!$C:$C,A978,RAW_발주!$A:$A,C978)-SUMIFS($W:$W,$A:$A,A978,$C:$C,C978)),0) -> 0
A979: 810 | B979: =IF(A979="100","HK",IF(A979="200","CN",IF(A979="300","TW","홀세일"))) -> 홀세일 | C979: N264MFT310 | D979: 216 | E979: 219000 | F979: 59295 | G979: 3.72 | H979: 51.5 | I979: 43.8 | J979: =IF(N(E979)>0,E979,IF(N(F979)>0,F979*요약!$F$27,0)) -> 219000 | K979: =IF(N(F979)>0,F979,IF(N(E979)>0,E979/요약!$F$27,0)) -> 59295 | L979: =IF(B979="CN",IF(N(I979)>0,I979*요약!$G$27,K979*(1+요약!$E$27)),IF(N(H979)>0,H979*요약!$G$27,J979*요약!$D$27)) -> 67980 | M979: =D979*J979 -> 47304000 | N979: =D979*K979 -> 12807720 | O979: =D979*L979 -> 14683680 | P979: =TRIM(IF(N(E979)<=0,"택가보정 ","")&IF(N(F979)<=0,"원가보정 ","")&IF(AND(B979<>"CN",N(H979)<=0),"공급가보정 ","")&IF(AND(B979="CN",N(I979)<=0),"중국공급가=원가+마진 ","")) | Q979: =IF(SUMIFS($W:$W,$A:$A,A979,$C:$C,C979)=0,0,SUMIFS(RAW_판매펀칭!$K:$K,RAW_판매펀칭!$P:$P,A979,RAW_판매펀칭!$I:$I,C979)*W979/SUMIFS($W:$W,$A:$A,A979,$C:$C,C979)) -> 0 | R979: =IF(OR(A979="500",A979="800",A979="810"),0,MAX(W979-Q979,0)) -> 0 | S979: =R979*L979 -> 0 | T979: =R979*J979 -> 0 | U979: =R979*K979 -> 0 | V979: =IF(COUNTIFS($A$2:A979,A979,$C$2:C979,C979,$D$2:D979,D979)>1,"중복","") | W979: =IF(V979="중복",0,N(D979)) -> 216 | X979: =IF(COUNTIFS($A$2:A979,A979,$C$2:C979,C979)=1,ABS(SUMIFS(RAW_발주!$D:$D,RAW_발주!$C:$C,A979,RAW_발주!$A:$A,C979)-SUMIFS($W:$W,$A:$A,A979,$C:$C,C979)),0) -> 0
A980: 100 | B980: =IF(A980="100","HK",IF(A980="200","CN",IF(A980="300","TW","홀세일"))) -> HK | C980: N264MHD500 | D980: 115 | E980: 139000 | F980: 37108 | G980: 3.36 | H980: 32.7 | I980: 32.1 | J980: =IF(N(E980)>0,E980,IF(N(F980)>0,F980*요약!$F$27,0)) -> 139000 | K980: =IF(N(F980)>0,F980,IF(N(E980)>0,E980/요약!$F$27,0)) -> 37108 | L980: =IF(B980="CN",IF(N(I980)>0,I980*요약!$G$27,K980*(1+요약!$E$27)),IF(N(H980)>0,H980*요약!$G$27,J980*요약!$D$27)) -> 43164 | M980: =D980*J980 -> 15985000 | N980: =D980*K980 -> 4267420 | O980: =D980*L980 -> 4963860 | P980: =TRIM(IF(N(E980)<=0,"택가보정 ","")&IF(N(F980)<=0,"원가보정 ","")&IF(AND(B980<>"CN",N(H980)<=0),"공급가보정 ","")&IF(AND(B980="CN",N(I980)<=0),"중국공급가=원가+마진 ","")) | Q980: =IF(SUMIFS($W:$W,$A:$A,A980,$C:$C,C980)=0,0,SUMIFS(RAW_판매펀칭!$K:$K,RAW_판매펀칭!$P:$P,A980,RAW_판매펀칭!$I:$I,C980)*W980/SUMIFS($W:$W,$A:$A,A980,$C:$C,C980)) -> 115 | R980: =IF(OR(A980="500",A980="800",A980="810"),0,MAX(W980-Q980,0)) -> 0 | S980: =R980*L980 -> 0 | T980: =R980*J980 -> 0 | U980: =R980*K980 -> 0 | V980: =IF(COUNTIFS($A$2:A980,A980,$C$2:C980,C980,$D$2:D980,D980)>1,"중복","") | W980: =IF(V980="중복",0,N(D980)) -> 115 | X980: =IF(COUNTIFS($A$2:A980,A980,$C$2:C980,C980)=1,ABS(SUMIFS(RAW_발주!$D:$D,RAW_발주!$C:$C,A980,RAW_발주!$A:$A,C980)-SUMIFS($W:$W,$A:$A,A980,$C:$C,C980)),0) -> 0
A981: 200 | B981: =IF(A981="100","HK",IF(A981="200","CN",IF(A981="300","TW","홀세일"))) -> CN | C981: N264MHD500 | D981: 122 | E981: 139000 | F981: 37108 | G981: 3.36 | H981: 32.7 | I981: 32.1 | J981: =IF(N(E981)>0,E981,IF(N(F981)>0,F981*요약!$F$27,0)) -> 139000 | K981: =IF(N(F981)>0,F981,IF(N(E981)>0,E981/요약!$F$27,0)) -> 37108 | L981: =IF(B981="CN",IF(N(I981)>0,I981*요약!$G$27,K981*(1+요약!$E$27)),IF(N(H981)>0,H981*요약!$G$27,J981*요약!$D$27)) -> 42372 | M981: =D981*J981 -> 16958000 | N981: =D981*K981 -> 4527176 | O981: =D981*L981 -> 5169384 | P981: =TRIM(IF(N(E981)<=0,"택가보정 ","")&IF(N(F981)<=0,"원가보정 ","")&IF(AND(B981<>"CN",N(H981)<=0),"공급가보정 ","")&IF(AND(B981="CN",N(I981)<=0),"중국공급가=원가+마진 ","")) | Q981: =IF(SUMIFS($W:$W,$A:$A,A981,$C:$C,C981)=0,0,SUMIFS(RAW_판매펀칭!$K:$K,RAW_판매펀칭!$P:$P,A981,RAW_판매펀칭!$I:$I,C981)*W981/SUMIFS($W:$W,$A:$A,A981,$C:$C,C981)) -> 122 | R981: =IF(OR(A981="500",A981="800",A981="810"),0,MAX(W981-Q981,0)) -> 0 | S981: =R981*L981 -> 0 | T981: =R981*J981 -> 0 | U981: =R981*K981 -> 0 | V981: =IF(COUNTIFS($A$2:A981,A981,$C$2:C981,C981,$D$2:D981,D981)>1,"중복","") | W981: =IF(V981="중복",0,N(D981)) -> 122 | X981: =IF(COUNTIFS($A$2:A981,A981,$C$2:C981,C981)=1,ABS(SUMIFS(RAW_발주!$D:$D,RAW_발주!$C:$C,A981,RAW_발주!$A:$A,C981)-SUMIFS($W:$W,$A:$A,A981,$C:$C,C981)),0) -> 0
A982: 700 | B982: =IF(A982="100","HK",IF(A982="200","CN",IF(A982="300","TW","홀세일"))) -> 홀세일 | C982: N264MHD500 | D982: 51 | E982: 139000 | F982: 37108 | G982: 3.36 | H982: 32.7 | I982: 32.1 | J982: =IF(N(E982)>0,E982,IF(N(F982)>0,F982*요약!$F$27,0)) -> 139000 | K982: =IF(N(F982)>0,F982,IF(N(E982)>0,E982/요약!$F$27,0)) -> 37108 | L982: =IF(B982="CN",IF(N(I982)>0,I982*요약!$G$27,K982*(1+요약!$E$27)),IF(N(H982)>0,H982*요약!$G$27,J982*요약!$D$27)) -> 43164 | M982: =D982*J982 -> 7089000 | N982: =D982*K982 -> 1892508 | O982: =D982*L982 -> 2201364 | P982: =TRIM(IF(N(E982)<=0,"택가보정 ","")&IF(N(F982)<=0,"원가보정 ","")&IF(AND(B982<>"CN",N(H982)<=0),"공급가보정 ","")&IF(AND(B982="CN",N(I982)<=0),"중국공급가=원가+마진 ","")) | Q982: =IF(SUMIFS($W:$W,$A:$A,A982,$C:$C,C982)=0,0,SUMIFS(RAW_판매펀칭!$K:$K,RAW_판매펀칭!$P:$P,A982,RAW_판매펀칭!$I:$I,C982)*W982/SUMIFS($W:$W,$A:$A,A982,$C:$C,C982)) -> 0 | R982: =IF(OR(A982="500",A982="800",A982="810"),0,MAX(W982-Q982,0)) -> 51 | S982: =R982*L982 -> 2201364 | T982: =R982*J982 -> 7089000 | U982: =R982*K982 -> 1892508 | V982: =IF(COUNTIFS($A$2:A982,A982,$C$2:C982,C982,$D$2:D982,D982)>1,"중복","") | W982: =IF(V982="중복",0,N(D982)) -> 51 | X982: =IF(COUNTIFS($A$2:A982,A982,$C$2:C982,C982)=1,ABS(SUMIFS(RAW_발주!$D:$D,RAW_발주!$C:$C,A982,RAW_발주!$A:$A,C982)-SUMIFS($W:$W,$A:$A,A982,$C:$C,C982)),0) -> 0
A983: 300 | B983: =IF(A983="100","HK",IF(A983="200","CN",IF(A983="300","TW","홀세일"))) -> TW | C983: N264MSH350 | D983: 260 | E983: 239000 | F983: 62300 | G983: 3.43 | H983: 57.9 | I983: 0 | J983: =IF(N(E983)>0,E983,IF(N(F983)>0,F983*요약!$F$27,0)) -> 239000 | K983: =IF(N(F983)>0,F983,IF(N(E983)>0,E983/요약!$F$27,0)) -> 62300 | L983: =IF(B983="CN",IF(N(I983)>0,I983*요약!$G$27,K983*(1+요약!$E$27)),IF(N(H983)>0,H983*요약!$G$27,J983*요약!$D$27)) -> 76428 | M983: =D983*J983 -> 62140000 | N983: =D983*K983 -> 16198000 | O983: =D983*L983 -> 19871280 | P983: =TRIM(IF(N(E983)<=0,"택가보정 ","")&IF(N(F983)<=0,"원가보정 ","")&IF(AND(B983<>"CN",N(H983)<=0),"공급가보정 ","")&IF(AND(B983="CN",N(I983)<=0),"중국공급가=원가+마진 ","")) | Q983: =IF(SUMIFS($W:$W,$A:$A,A983,$C:$C,C983)=0,0,SUMIFS(RAW_판매펀칭!$K:$K,RAW_판매펀칭!$P:$P,A983,RAW_판매펀칭!$I:$I,C983)*W983/SUMIFS($W:$W,$A:$A,A983,$C:$C,C983)) -> 0 | R983: =IF(OR(A983="500",A983="800",A983="810"),0,MAX(W983-Q983,0)) -> 260 | S983: =R983*L983 -> 19871280 | T983: =R983*J983 -> 62140000 | U983: =R983*K983 -> 16198000 | V983: =IF(COUNTIFS($A$2:A983,A983,$C$2:C983,C983,$D$2:D983,D983)>1,"중복","") | W983: =IF(V983="중복",0,N(D983)) -> 260 | X983: =IF(COUNTIFS($A$2:A983,A983,$C$2:C983,C983)=1,ABS(SUMIFS(RAW_발주!$D:$D,RAW_발주!$C:$C,A983,RAW_발주!$A:$A,C983)-SUMIFS($W:$W,$A:$A,A983,$C:$C,C983)),0) -> 0
A984: 100 | B984: =IF(A984="100","HK",IF(A984="200","CN",IF(A984="300","TW","홀세일"))) -> HK | C984: N264MSW500 | D984: 70 | E984: 99000 | F984: 22102 | G984: 3.44 | H984: 23.3 | I984: 18.4 | J984: =IF(N(E984)>0,E984,IF(N(F984)>0,F984*요약!$F$27,0)) -> 99000 | K984: =IF(N(F984)>0,F984,IF(N(E984)>0,E984/요약!$F$27,0)) -> 22102 | L984: =IF(B984="CN",IF(N(I984)>0,I984*요약!$G$27,K984*(1+요약!$E$27)),IF(N(H984)>0,H984*요약!$G$27,J984*요약!$D$27)) -> 30756 | M984: =D984*J984 -> 6930000 | N984: =D984*K984 -> 1547140 | O984: =D984*L984 -> 2152920 | P984: =TRIM(IF(N(E984)<=0,"택가보정 ","")&IF(N(F984)<=0,"원가보정 ","")&IF(AND(B984<>"CN",N(H984)<=0),"공급가보정 ","")&IF(AND(B984="CN",N(I984)<=0),"중국공급가=원가+마진 ","")) | Q984: =IF(SUMIFS($W:$W,$A:$A,A984,$C:$C,C984)=0,0,SUMIFS(RAW_판매펀칭!$K:$K,RAW_판매펀칭!$P:$P,A984,RAW_판매펀칭!$I:$I,C984)*W984/SUMIFS($W:$W,$A:$A,A984,$C:$C,C984)) -> 70 | R984: =IF(OR(A984="500",A984="800",A984="810"),0,MAX(W984-Q984,0)) -> 0 | S984: =R984*L984 -> 0 | T984: =R984*J984 -> 0 | U984: =R984*K984 -> 0 | V984: =IF(COUNTIFS($A$2:A984,A984,$C$2:C984,C984,$D$2:D984,D984)>1,"중복","") | W984: =IF(V984="중복",0,N(D984)) -> 70 | X984: =IF(COUNTIFS($A$2:A984,A984,$C$2:C984,C984)=1,ABS(SUMIFS(RAW_발주!$D:$D,RAW_발주!$C:$C,A984,RAW_발주!$A:$A,C984)-SUMIFS($W:$W,$A:$A,A984,$C:$C,C984)),0) -> 0
A985: 200 | B985: =IF(A985="100","HK",IF(A985="200","CN",IF(A985="300","TW","홀세일"))) -> CN | C985: N264MSW500 | D985: 162 | E985: 99000 | F985: 22102 | G985: 3.44 | H985: 23.3 | I985: 18.4 | J985: =IF(N(E985)>0,E985,IF(N(F985)>0,F985*요약!$F$27,0)) -> 99000 | K985: =IF(N(F985)>0,F985,IF(N(E985)>0,E985/요약!$F$27,0)) -> 22102 | L985: =IF(B985="CN",IF(N(I985)>0,I985*요약!$G$27,K985*(1+요약!$E$27)),IF(N(H985)>0,H985*요약!$G$27,J985*요약!$D$27)) -> 24288 | M985: =D985*J985 -> 16038000 | N985: =D985*K985 -> 3580524 | O985: =D985*L985 -> 3934656 | P985: =TRIM(IF(N(E985)<=0,"택가보정 ","")&IF(N(F985)<=0,"원가보정 ","")&IF(AND(B985<>"CN",N(H985)<=0),"공급가보정 ","")&IF(AND(B985="CN",N(I985)<=0),"중국공급가=원가+마진 ","")) | Q985: =IF(SUMIFS($W:$W,$A:$A,A985,$C:$C,C985)=0,0,SUMIFS(RAW_판매펀칭!$K:$K,RAW_판매펀칭!$P:$P,A985,RAW_판매펀칭!$I:$I,C985)*W985/SUMIFS($W:$W,$A:$A,A985,$C:$C,C985)) -> 162 | R985: =IF(OR(A985="500",A985="800",A985="810"),0,MAX(W985-Q985,0)) -> 0 | S985: =R985*L985 -> 0 | T985: =R985*J985 -> 0 | U985: =R985*K985 -> 0 | V985: =IF(COUNTIFS($A$2:A985,A985,$C$2:C985,C985,$D$2:D985,D985)>1,"중복","") | W985: =IF(V985="중복",0,N(D985)) -> 162 | X985: =IF(COUNTIFS($A$2:A985,A985,$C$2:C985,C985)=1,ABS(SUMIFS(RAW_발주!$D:$D,RAW_발주!$C:$C,A985,RAW_발주!$A:$A,C985)-SUMIFS($W:$W,$A:$A,A985,$C:$C,C985)),0) -> 0
A986: 300 | B986: =IF(A986="100","HK",IF(A986="200","CN",IF(A986="300","TW","홀세일"))) -> TW | C986: N264MSW500 | D986: 240 | E986: 99000 | F986: 22102 | G986: 3.44 | H986: 23.3 | I986: 18.4 | J986: =IF(N(E986)>0,E986,IF(N(F986)>0,F986*요약!$F$27,0)) -> 99000 | K986: =IF(N(F986)>0,F986,IF(N(E986)>0,E986/요약!$F$27,0)) -> 22102 | L986: =IF(B986="CN",IF(N(I986)>0,I986*요약!$G$27,K986*(1+요약!$E$27)),IF(N(H986)>0,H986*요약!$G$27,J986*요약!$D$27)) -> 30756 | M986: =D986*J986 -> 23760000 | N986: =D986*K986 -> 5304480 | O986: =D986*L986 -> 7381440 | P986: =TRIM(IF(N(E986)<=0,"택가보정 ","")&IF(N(F986)<=0,"원가보정 ","")&IF(AND(B986<>"CN",N(H986)<=0),"공급가보정 ","")&IF(AND(B986="CN",N(I986)<=0),"중국공급가=원가+마진 ","")) | Q986: =IF(SUMIFS($W:$W,$A:$A,A986,$C:$C,C986)=0,0,SUMIFS(RAW_판매펀칭!$K:$K,RAW_판매펀칭!$P:$P,A986,RAW_판매펀칭!$I:$I,C986)*W986/SUMIFS($W:$W,$A:$A,A986,$C:$C,C986)) -> 240 | R986: =IF(OR(A986="500",A986="800",A986="810"),0,MAX(W986-Q986,0)) -> 0 | S986: =R986*L986 -> 0 | T986: =R986*J986 -> 0 | U986: =R986*K986 -> 0 | V986: =IF(COUNTIFS($A$2:A986,A986,$C$2:C986,C986,$D$2:D986,D986)>1,"중복","") | W986: =IF(V986="중복",0,N(D986)) -> 240 | X986: =IF(COUNTIFS($A$2:A986,A986,$C$2:C986,C986)=1,ABS(SUMIFS(RAW_발주!$D:$D,RAW_발주!$C:$C,A986,RAW_발주!$A:$A,C986)-SUMIFS($W:$W,$A:$A,A986,$C:$C,C986)),0) -> 0
A987: 800 | B987: =IF(A987="100","HK",IF(A987="200","CN",IF(A987="300","TW","홀세일"))) -> 홀세일 | C987: N264MSW500 | D987: 60 | E987: 99000 | F987: 22102 | G987: 3.44 | H987: 23.3 | I987: 18.4 | J987: =IF(N(E987)>0,E987,IF(N(F987)>0,F987*요약!$F$27,0)) -> 99000 | K987: =IF(N(F987)>0,F987,IF(N(E987)>0,E987/요약!$F$27,0)) -> 22102 | L987: =IF(B987="CN",IF(N(I987)>0,I987*요약!$G$27,K987*(1+요약!$E$27)),IF(N(H987)>0,H987*요약!$G$27,J987*요약!$D$27)) -> 30756 | M987: =D987*J987 -> 5940000 | N987: =D987*K987 -> 1326120 | O987: =D987*L987 -> 1845360 | P987: =TRIM(IF(N(E987)<=0,"택가보정 ","")&IF(N(F987)<=0,"원가보정 ","")&IF(AND(B987<>"CN",N(H987)<=0),"공급가보정 ","")&IF(AND(B987="CN",N(I987)<=0),"중국공급가=원가+마진 ","")) | Q987: =IF(SUMIFS($W:$W,$A:$A,A987,$C:$C,C987)=0,0,SUMIFS(RAW_판매펀칭!$K:$K,RAW_판매펀칭!$P:$P,A987,RAW_판매펀칭!$I:$I,C987)*W987/SUMIFS($W:$W,$A:$A,A987,$C:$C,C987)) -> 0 | R987: =IF(OR(A987="500",A987="800",A987="810"),0,MAX(W987-Q987,0)) -> 0 | S987: =R987*L987 -> 0 | T987: =R987*J987 -> 0 | U987: =R987*K987 -> 0 | V987: =IF(COUNTIFS($A$2:A987,A987,$C$2:C987,C987,$D$2:D987,D987)>1,"중복","") | W987: =IF(V987="중복",0,N(D987)) -> 60 | X987: =IF(COUNTIFS($A$2:A987,A987,$C$2:C987,C987)=1,ABS(SUMIFS(RAW_발주!$D:$D,RAW_발주!$C:$C,A987,RAW_발주!$A:$A,C987)-SUMIFS($W:$W,$A:$A,A987,$C:$C,C987)),0) -> 0
... A1055: 200 | B1055: =IF(A1055="100","HK",IF(A1055="200","CN",IF(A1055="300","TW","홀세일"))) -> CN | C1055: N264UDW152 | D1055: 222 | E1055: 459000 | F1055: 121700 | G1055: 3.24 | H1055: 117.9 | I1055: 99.2 | J1055: =IF(N(E1055)>0,E1055,IF(N(F1055)>0,F1055*요약!$F$27,0)) -> 459000 | K1055: =IF(N(F1055)>0,F1055,IF(N(E1055)>0,E1055/요약!$F$27,0)) -> 121700 | L1055: =IF(B1055="CN",IF(N(I1055)>0,I1055*요약!$G$27,K1055*(1+요약!$E$27)),IF(N(H1055)>0,H1055*요약!$G$27,J1055*요약!$D$27)) -> 130944 | M1055: =D1055*J1055 -> 101898000 | N1055: =D1055*K1055 -> 27017400 | O1055: =D1055*L1055 -> 29069568 | P1055: =TRIM(IF(N(E1055)<=0,"택가보정 ","")&IF(N(F1055)<=0,"원가보정 ","")&IF(AND(B1055<>"CN",N(H1055)<=0),"공급가보정 ","")&IF(AND(B1055="CN",N(I1055)<=0),"중국공급가=원가+마진 ","")) | Q1055: =IF(SUMIFS($W:$W,$A:$A,A1055,$C:$C,C1055)=0,0,SUMIFS(RAW_판매펀칭!$K:$K,RAW_판매펀칭!$P:$P,A1055,RAW_판매펀칭!$I:$I,C1055)*W1055/SUMIFS($W:$W,$A:$A,A1055,$C:$C,C1055)) -> 2 | R1055: =IF(OR(A1055="500",A1055="800",A1055="810"),0,MAX(W1055-Q1055,0)) -> 220 | S1055: =R1055*L1055 -> 28807680 | T1055: =R1055*J1055 -> 100980000 | U1055: =R1055*K1055 -> 26774000 | V1055: =IF(COUNTIFS($A$2:A1055,A1055,$C$2:C1055,C1055,$D$2:D1055,D1055)>1,"중복","") | W1055: =IF(V1055="중복",0,N(D1055)) -> 222 | X1055: =IF(COUNTIFS($A$2:A1055,A1055,$C$2:C1055,C1055)=1,ABS(SUMIFS(RAW_발주!$D:$D,RAW_발주!$C:$C,A1055,RAW_발주!$A:$A,C1055)-SUMIFS($W:$W,$A:$A,A1055,$C:$C,C1055)),0) -> 0
